timestamp,Temperature,Sunshine Duration,Shortwave Radiation,Direct Shortwave Radiation,Diffuse Shortwave Radiation,Snowfall Amount,Relative Humidity,Cloud Cover Total
2022-01-01 00:00:00,9.6572695,0.0,0.0,0.0,0.0,0.0,29.0,0.0
2022-01-01 01:00:00,9.45727,0.0,0.0,0.0,0.0,0.0,29.0,0.0
2022-01-01 02:00:00,9.78727,0.0,0.0,0.0,0.0,0.0,28.0,0.0
2022-01-01 03:00:00,9.46727,0.0,0.0,0.0,0.0,0.0,28.0,0.0
2022-01-01 04:00:00,8.79727,0.0,0.0,0.0,0.0,0.0,30.0,0.0
2022-01-01 05:00:00,8.92727,0.0,0.0,0.0,0.0,0.0,31.0,0.0
2022-01-01 06:00:00,8.58727,0.0,0.0,0.0,0.0,0.0,32.0,0.0
2022-01-01 07:00:00,8.95727,0.0,0.0,0.0,0.0,0.0,31.0,0.0
2022-01-01 08:00:00,9.28727,0.0,0.0,0.0,0.0,0.0,28.0,0.0
2022-01-01 09:00:00,10.357269,48.473194,31.15,16.286697,14.863303,0.0,28.0,1.2
2022-01-01 10:00:00,11.487269,59.61702,156.64,84.959755,71.680244,0.0,32.0,0.6
2022-01-01 11:00:00,12.08727,60.0,259.88,145.67209,114.20792,0.0,41.0,0.0
2022-01-01 12:00:00,13.01727,60.0,315.06,180.20642,134.85358,0.0,43.0,0.0
2022-01-01 13:00:00,12.33727,56.744682,349.77,201.44188,148.32811,0.0,59.0,5.1000004
2022-01-01 14:00:00,12.62727,56.55319,327.52,187.38147,140.13852,0.0,61.0,5.4
2022-01-01 15:00:00,12.607269,57.510635,262.55,147.2435,115.306496,0.0,62.0,3.9
2022-01-01 16:00:00,11.947269,59.808514,159.31,86.47224,72.83776,0.0,63.0,0.3
2022-01-01 17:00:00,10.84727,50.233334,32.04,16.7598,15.280202,0.0,64.0,0.0
2022-01-01 18:00:00,10.63727,0.0,0.0,0.0,0.0,0.0,60.0,0.0
2022-01-01 19:00:00,11.16727,0.0,0.0,0.0,0.0,0.0,49.0,0.0
2022-01-01 20:00:00,11.04727,0.0,0.0,0.0,0.0,0.0,45.0,0.0
2022-01-01 21:00:00,10.82727,0.0,0.0,0.0,0.0,0.0,42.0,0.0
2022-01-01 22:00:00,9.95727,0.0,0.0,0.0,0.0,0.0,43.0,0.0
2022-01-01 23:00:00,9.55727,0.0,0.0,0.0,0.0,0.0,46.0,0.0
2022-01-02 00:00:00,9.737269,0.0,0.0,0.0,0.0,0.0,44.0,0.0
2022-01-02 01:00:00,10.05727,0.0,0.0,0.0,0.0,0.0,37.0,0.0
2022-01-02 02:00:00,10.317269,0.0,0.0,0.0,0.0,0.0,33.0,3.3000002
2022-01-02 03:00:00,10.74727,0.0,0.0,0.0,0.0,0.0,28.0,3.6000001
2022-01-02 04:00:00,9.95727,0.0,0.0,0.0,0.0,0.0,28.0,8.700001
2022-01-02 05:00:00,10.3672695,0.0,0.0,0.0,0.0,0.0,27.0,5.1000004
2022-01-02 06:00:00,10.29727,0.0,0.0,0.0,0.0,0.0,26.0,28.0
2022-01-02 07:00:00,10.03727,0.0,0.0,0.0,0.0,0.0,26.0,45.0
2022-01-02 08:00:00,10.25727,0.0,0.0,0.0,0.0,0.0,26.0,85.0
2022-01-02 09:00:00,10.527269,44.960426,30.26,15.822597,14.437404,0.0,29.0,8.1
2022-01-02 10:00:00,12.12727,51.70213,156.64,84.97676,71.66324,0.0,31.0,13.0
2022-01-02 11:00:00,12.647269,31.914892,258.1,144.71774,113.38226,0.0,40.0,44.0
2022-01-02 12:00:00,13.51727,38.297874,322.18,184.35315,137.82684,0.0,51.0,34.0
2022-01-02 13:00:00,14.317269,0.0,339.97998,195.90263,144.07735,0.0,47.0,100.0
2022-01-02 14:00:00,14.20727,0.0,306.16,175.26717,130.89284,0.0,53.0,100.0
2022-01-02 15:00:00,13.567269,56.170216,244.75,137.35709,107.392914,0.0,61.0,6.0
2022-01-02 16:00:00,12.59727,55.02128,160.2,87.02366,73.17634,0.0,62.0,7.8
2022-01-02 17:00:00,10.30727,43.04379,36.489998,19.095858,17.39414,0.0,62.0,15.000001
2022-01-02 18:00:00,10.59727,0.0,0.0,0.0,0.0,0.0,53.0,10.8
2022-01-02 19:00:00,9.79727,0.0,0.0,0.0,0.0,0.0,53.0,3.0
2022-01-02 20:00:00,9.8672695,0.0,0.0,0.0,0.0,0.0,54.0,5.4
2022-01-02 21:00:00,9.24727,0.0,0.0,0.0,0.0,0.0,56.0,1.2
2022-01-02 22:00:00,9.197269,0.0,0.0,0.0,0.0,0.0,57.0,7.2000003
2022-01-02 23:00:00,9.75727,0.0,0.0,0.0,0.0,0.0,58.0,5.7000003
2022-01-03 00:00:00,9.437269,0.0,0.0,0.0,0.0,0.0,63.0,8.400001
2022-01-03 01:00:00,9.34727,0.0,0.0,0.0,0.0,0.0,66.0,17.0
2022-01-03 02:00:00,9.477269,0.0,0.0,0.0,0.0,0.0,67.0,15.0
2022-01-03 03:00:00,10.237269,0.0,0.0,0.0,0.0,0.0,62.0,100.0
2022-01-03 04:00:00,10.59727,0.0,0.0,0.0,0.0,0.0,60.0,100.0
2022-01-03 05:00:00,10.12727,0.0,0.0,0.0,0.0,0.0,64.0,100.0
2022-01-03 06:00:00,10.26727,0.0,0.0,0.0,0.0,0.0,64.0,100.0
2022-01-03 07:00:00,10.487269,0.0,0.0,0.0,0.0,0.0,59.0,100.0
2022-01-03 08:00:00,10.4072695,0.0,0.0,0.0,0.0,0.0,58.0,100.0
2022-01-03 09:00:00,10.76727,0.0,19.58,10.238944,9.341056,0.0,58.0,100.0
2022-01-03 10:00:00,11.71727,0.0,92.56,50.223534,42.336464,0.0,52.0,100.0
2022-01-03 11:00:00,12.857269,7.021276,212.70999,119.30297,93.40702,0.0,48.0,83.0
2022-01-03 12:00:00,13.21727,56.744682,319.51,182.8988,136.6112,0.0,47.0,5.1000004
2022-01-03 13:00:00,13.947269,6.382978,291.91998,168.29453,123.625465,0.0,46.0,84.0
2022-01-03 14:00:00,13.9072695,22.340425,314.16998,179.96144,134.20854,0.0,45.0,59.0
2022-01-03 15:00:00,13.50727,0.0,245.64,137.95303,107.68697,0.0,46.0,100.0
2022-01-03 16:00:00,12.00727,0.0,105.02,57.09363,47.926365,0.0,52.0,100.0
2022-01-03 17:00:00,10.50727,0.0,23.14,12.114844,11.025155,0.0,53.0,100.0
2022-01-03 18:00:00,10.147269,0.0,0.0,0.0,0.0,0.0,54.0,100.0
2022-01-03 19:00:00,10.57727,0.0,0.0,0.0,0.0,0.0,47.0,100.0
2022-01-03 20:00:00,11.447269,0.0,0.0,0.0,0.0,0.0,43.0,100.0
2022-01-03 21:00:00,10.99727,0.0,0.0,0.0,0.0,0.0,52.0,80.0
2022-01-03 22:00:00,10.107269,0.0,0.0,0.0,0.0,0.0,62.0,100.0
2022-01-03 23:00:00,9.447269,0.0,0.0,0.0,0.0,0.0,67.0,100.0
2022-01-04 00:00:00,9.17727,0.0,0.0,0.0,0.0,0.0,69.0,100.0
2022-01-04 01:00:00,9.25727,0.0,0.0,0.0,0.0,0.0,68.0,100.0
2022-01-04 02:00:00,9.51727,0.0,0.0,0.0,0.0,0.0,65.0,100.0
2022-01-04 03:00:00,9.50727,0.0,0.0,0.0,0.0,0.0,68.0,100.0
2022-01-04 04:00:00,9.8672695,0.0,0.0,0.0,0.0,0.0,69.0,100.0
2022-01-04 05:00:00,10.59727,0.0,0.0,0.0,0.0,0.0,66.0,100.0
2022-01-04 06:00:00,12.07727,0.0,0.0,0.0,0.0,0.0,60.0,100.0
2022-01-04 07:00:00,12.527269,0.0,0.0,0.0,0.0,0.0,59.0,100.0
2022-01-04 08:00:00,13.107269,0.0,0.0,0.0,0.0,0.0,58.0,100.0
2022-01-04 09:00:00,13.76727,0.0,30.26,15.825039,14.434961,0.0,58.0,100.0
2022-01-04 10:00:00,14.357269,46.595745,145.06999,78.73131,66.338684,0.0,59.0,21.0
2022-01-04 11:00:00,14.99727,33.19149,247.42,138.8121,108.607895,0.0,59.0,42.0
2022-01-04 12:00:00,15.30727,39.57447,307.05,175.83662,131.21336,0.0,58.0,32.0
2022-01-04 13:00:00,15.96727,40.851067,334.63998,193.02011,141.61987,0.0,54.0,30.0
2022-01-04 14:00:00,16.157269,50.61702,323.07,185.17126,137.89874,0.0,52.0,14.700001
2022-01-04 15:00:00,15.84727,50.42553,261.66,147.05258,114.60742,0.0,51.0,15.000001
2022-01-04 16:00:00,15.237269,53.29787,162.87,88.61294,74.25706,0.0,51.0,10.5
2022-01-04 17:00:00,13.74727,47.766808,40.05,20.977135,19.072865,0.0,54.0,9.6
2022-01-04 18:00:00,13.24727,0.0,0.0,0.0,0.0,0.0,55.0,7.8
2022-01-04 19:00:00,12.70727,0.0,0.0,0.0,0.0,0.0,56.0,6.0
2022-01-04 20:00:00,12.42727,0.0,0.0,0.0,0.0,0.0,56.0,9.0
2022-01-04 21:00:00,11.897269,0.0,0.0,0.0,0.0,0.0,57.0,8.700001
2022-01-04 22:00:00,8.57727,0.0,0.0,0.0,0.0,0.0,79.0,100.0
2022-01-04 23:00:00,4.9772696,0.0,0.0,0.0,0.0,0.0,87.0,100.0
2022-01-05 00:00:00,5.02727,0.0,0.0,0.0,0.0,0.0,81.0,100.0
2022-01-05 01:00:00,4.56727,0.0,0.0,0.0,0.0,0.0,86.0,100.0
2022-01-05 02:00:00,5.0372696,0.0,0.0,0.0,0.0,0.0,84.0,100.0
2022-01-05 03:00:00,5.6272697,0.0,0.0,0.0,0.0,0.0,80.0,100.0
2022-01-05 04:00:00,6.4572697,0.0,0.0,0.0,0.0,0.0,73.0,100.0
2022-01-05 05:00:00,6.3472695,0.0,0.0,0.0,0.0,0.0,74.0,100.0
2022-01-05 06:00:00,5.5972695,0.0,0.0,0.0,0.0,0.0,76.0,100.0
2022-01-05 07:00:00,3.7672694,0.0,0.0,0.0,0.0,0.07,87.0,100.0
2022-01-05 08:00:00,0.39726946,0.0,0.0,0.0,0.0,0.7,89.0,100.0
2022-01-05 09:00:00,0.98726946,0.0,10.68,8.424681,2.2553194,0.56,88.0,100.0
2022-01-05 10:00:00,0.7672695,0.0,57.85,37.864437,19.985561,0.28,82.0,100.0
2022-01-05 11:00:00,1.0872694,0.0,149.52,99.49791,50.022095,0.0,69.0,100.0
2022-01-05 12:00:00,1.6872694,0.0,235.84999,144.5968,91.2532,0.0,68.0,100.0
2022-01-05 13:00:00,3.0172694,27.446808,242.97,156.45062,86.51937,0.0,51.0,51.0
2022-01-05 14:00:00,2.5172694,53.61702,307.05,176.0965,130.95349,0.0,57.0,10.0
2022-01-05 15:00:00,2.6572695,60.0,262.55,147.65762,114.892365,0.0,58.0,0.0
2022-01-05 16:00:00,1.5272694,53.61702,161.09,87.71479,73.375206,0.0,62.0,10.0
2022-01-05 17:00:00,2.0972695,7.498049,23.14,12.12556,11.01444,0.0,64.0,81.0
2022-01-05 18:00:00,0.19726944,0.0,0.0,0.0,0.0,0.0,75.0,32.0
2022-01-05 19:00:00,0.22726944,0.0,0.0,0.0,0.0,0.0,73.0,0.0
2022-01-05 20:00:00,1.8472695,0.0,0.0,0.0,0.0,0.0,70.0,100.0
2022-01-05 21:00:00,1.7472694,0.0,0.0,0.0,0.0,0.0,72.0,100.0
2022-01-05 22:00:00,1.2472694,0.0,0.0,0.0,0.0,0.0,72.0,100.0
2022-01-05 23:00:00,1.1272695,0.0,0.0,0.0,0.0,0.0,71.0,100.0
2022-01-06 00:00:00,1.3172694,0.0,0.0,0.0,0.0,0.0,71.0,100.0
2022-01-06 01:00:00,1.2572694,0.0,0.0,0.0,0.0,0.0,72.0,100.0
2022-01-06 02:00:00,1.1472695,0.0,0.0,0.0,0.0,0.0,74.0,100.0
2022-01-06 03:00:00,0.73726946,0.0,0.0,0.0,0.0,0.0,78.0,100.0
2022-01-06 04:00:00,0.7872695,0.0,0.0,0.0,0.0,0.0,76.0,100.0
2022-01-06 05:00:00,0.60726947,0.0,0.0,0.0,0.0,0.0,77.0,100.0
2022-01-06 06:00:00,0.42726946,0.0,0.0,0.0,0.0,0.0,77.0,100.0
2022-01-06 07:00:00,0.33726946,0.0,0.0,0.0,0.0,0.0,79.0,100.0
2022-01-06 08:00:00,0.21726945,0.0,0.0,0.0,0.0,0.0,81.0,100.0
2022-01-06 09:00:00,0.32726943,0.0,12.46,7.800805,4.659195,0.0,80.0,100.0
2022-01-06 10:00:00,0.80726945,0.0,56.96,35.711403,21.248596,0.0,76.0,100.0
2022-01-06 11:00:00,2.1372695,0.0,122.82,82.75947,40.06053,0.0,70.0,100.0
2022-01-06 12:00:00,1.5872695,0.0,156.64,94.00635,62.633656,0.0,74.0,100.0
2022-01-06 13:00:00,0.45726946,5.7446804,345.32,199.4151,145.9049,0.0,70.0,85.0
2022-01-06 14:00:00,0.48726946,1.2765956,325.74,186.95917,138.78082,0.0,70.0,92.0
2022-01-06 15:00:00,0.23726946,0.0,247.42,139.26773,108.152275,0.0,71.0,100.0
2022-01-06 16:00:00,0.047269464,0.0,144.18,78.58049,65.5995,0.0,72.0,100.0
2022-01-06 17:00:00,-1.1027305,0.0,38.27,20.064108,18.205893,0.0,79.0,100.0
2022-01-06 18:00:00,-2.6427307,0.0,0.0,0.0,0.0,0.0,84.0,0.0
2022-01-06 19:00:00,-2.9027307,0.0,0.0,0.0,0.0,0.0,83.0,0.0
2022-01-06 20:00:00,-2.7927306,0.0,0.0,0.0,0.0,0.0,80.0,0.0
2022-01-06 21:00:00,-2.3327305,0.0,0.0,0.0,0.0,0.0,73.0,0.0
2022-01-06 22:00:00,-2.0727305,0.0,0.0,0.0,0.0,0.0,67.0,0.0
2022-01-06 23:00:00,-2.1027305,0.0,0.0,0.0,0.0,0.0,64.0,0.0
2022-01-07 00:00:00,-2.3127306,0.0,0.0,0.0,0.0,0.0,62.0,0.0
2022-01-07 01:00:00,-2.4227307,0.0,0.0,0.0,0.0,0.0,58.0,0.0
2022-01-07 02:00:00,-2.3027306,0.0,0.0,0.0,0.0,0.0,55.0,0.6
2022-01-07 03:00:00,-2.3427305,0.0,0.0,0.0,0.0,0.0,53.0,4.2000003
2022-01-07 04:00:00,-2.3527305,0.0,0.0,0.0,0.0,0.0,51.0,6.0
2022-01-07 05:00:00,-2.1527307,0.0,0.0,0.0,0.0,0.0,47.0,34.0
2022-01-07 06:00:00,-2.2427306,0.0,0.0,0.0,0.0,0.0,40.0,36.0
2022-01-07 07:00:00,-2.0227306,0.0,0.0,0.0,0.0,0.0,40.0,100.0
2022-01-07 08:00:00,-1.9227307,0.0,0.0,0.0,0.0,0.0,43.0,100.0
2022-01-07 09:00:00,-1.6227305,44.16365,33.82,17.694086,16.125914,0.0,47.0,11.0
2022-01-07 10:00:00,-0.27273053,21.063831,162.87,88.474976,74.39502,0.0,51.0,61.0
2022-01-07 11:00:00,0.30726945,58.723404,270.56,151.9831,118.576904,0.0,41.0,2.0
2022-01-07 12:00:00,0.66726947,2.5531912,338.19998,193.97511,144.22487,0.0,39.0,90.0
2022-01-07 13:00:00,1.4272695,60.0,364.9,210.86427,154.03572,0.0,40.0,0.0
2022-01-07 14:00:00,2.4472694,0.0,313.28,179.94579,133.33421,0.0,40.0,100.0
2022-01-07 15:00:00,2.8672693,0.0,243.86,137.38126,106.47875,0.0,45.0,100.0
2022-01-07 16:00:00,2.3472695,0.0,69.42,49.02764,20.392355,0.0,56.0,100.0
2022-01-07 17:00:00,0.68726945,0.0,11.57,7.114373,4.4556265,0.0,70.0,100.0
2022-01-07 18:00:00,1.1872694,0.0,0.0,0.0,0.0,0.0,80.0,100.0
2022-01-07 19:00:00,2.7572694,0.0,0.0,0.0,0.0,0.0,76.0,100.0
2022-01-07 20:00:00,1.3372694,0.0,0.0,0.0,0.0,0.0,74.0,48.0
2022-01-07 21:00:00,1.5872695,0.0,0.0,0.0,0.0,0.0,75.0,34.0
2022-01-07 22:00:00,1.3172694,0.0,0.0,0.0,0.0,0.0,77.0,14.0
2022-01-07 23:00:00,1.1072695,0.0,0.0,0.0,0.0,0.0,76.0,9.0
2022-01-08 00:00:00,0.86726946,0.0,0.0,0.0,0.0,0.0,75.0,58.0
2022-01-08 01:00:00,0.81726944,0.0,0.0,0.0,0.0,0.0,68.0,80.0
2022-01-08 02:00:00,2.2472694,0.0,0.0,0.0,0.0,0.0,59.0,100.0
2022-01-08 03:00:00,2.9172695,0.0,0.0,0.0,0.0,0.0,62.0,100.0
2022-01-08 04:00:00,3.3472693,0.0,0.0,0.0,0.0,0.0,71.0,100.0
2022-01-08 05:00:00,2.3672695,0.0,0.0,0.0,0.0,0.0,72.0,100.0
2022-01-08 06:00:00,1.8972695,0.0,0.0,0.0,0.0,0.0,73.0,42.0
2022-01-08 07:00:00,2.5172694,0.0,0.0,0.0,0.0,0.0,72.0,100.0
2022-01-08 08:00:00,1.7072694,0.0,0.0,0.0,0.0,0.07,81.0,100.0
2022-01-08 09:00:00,1.5572693,0.0,22.25,11.642882,10.607118,0.0,77.0,100.0
2022-01-08 10:00:00,1.8172696,12.127658,136.17,73.999214,62.170784,0.0,69.0,75.0
2022-01-08 11:00:00,2.9372694,52.340427,266.11,149.55487,116.55512,0.0,62.0,12.0
2022-01-08 12:00:00,3.9672694,31.914892,339.09,194.59758,144.49242,0.0,59.0,44.0
2022-01-08 13:00:00,6.1772695,47.234047,346.21,200.19852,146.01147,0.0,47.0,20.0
2022-01-08 14:00:00,5.8972697,37.02128,342.65,196.96654,145.68346,0.0,45.0,36.0
2022-01-08 15:00:00,6.5372696,17.234043,279.46,157.57126,121.888725,0.0,44.0,67.0
2022-01-08 16:00:00,6.4172697,0.0,165.54,90.39033,75.149666,0.0,48.0,100.0
2022-01-08 17:00:00,4.4372697,0.0,30.26,15.880946,14.379054,0.0,67.0,100.0
2022-01-08 18:00:00,2.6472695,0.0,0.0,0.0,0.0,0.0,69.0,100.0
2022-01-08 19:00:00,5.7172694,0.0,0.0,0.0,0.0,0.0,62.0,100.0
2022-01-08 20:00:00,6.2272696,0.0,0.0,0.0,0.0,0.0,68.0,100.0
2022-01-08 21:00:00,6.8272696,0.0,0.0,0.0,0.0,0.0,66.0,100.0
2022-01-08 22:00:00,7.77727,0.0,0.0,0.0,0.0,0.0,59.0,100.0
2022-01-08 23:00:00,7.6172695,0.0,0.0,0.0,0.0,0.0,63.0,100.0
2022-01-09 00:00:00,7.27727,0.0,0.0,0.0,0.0,0.0,68.0,100.0
2022-01-09 01:00:00,7.4372697,0.0,0.0,0.0,0.0,0.0,65.0,100.0
2022-01-09 02:00:00,6.04727,0.0,0.0,0.0,0.0,0.0,69.0,10.0
2022-01-09 03:00:00,4.79727,0.0,0.0,0.0,0.0,0.0,70.0,6.0
2022-01-09 04:00:00,3.7372694,0.0,0.0,0.0,0.0,1.4699999,78.0,100.0
2022-01-09 05:00:00,2.3372695,0.0,0.0,0.0,0.0,5.3199997,90.0,100.0
2022-01-09 06:00:00,2.2172694,0.0,0.0,0.0,0.0,0.84000003,90.0,100.0
2022-01-09 07:00:00,1.9772694,0.0,0.0,0.0,0.0,0.35,90.0,100.0
2022-01-09 08:00:00,1.5672696,0.0,0.0,0.0,0.0,0.0,82.0,75.0
2022-01-09 09:00:00,2.5372694,22.077482,31.15,16.302876,14.847124,0.0,85.0,53.0
2022-01-09 10:00:00,3.5072694,24.893618,159.31,86.60726,72.702736,0.0,79.0,55.0
2022-01-09 11:00:00,4.0772696,13.404254,204.7,115.09702,89.602974,0.0,74.0,73.0
2022-01-09 12:00:00,4.4272695,3.191489,234.95999,147.75989,87.20011,0.0,71.0,89.0
2022-01-09 13:00:00,4.6572695,0.0,196.69,141.6322,55.057808,0.0,67.0,100.0
2022-01-09 14:00:00,4.0572696,0.0,182.45,131.0273,51.422695,0.14,74.0,100.0
2022-01-09 15:00:00,1.8172696,0.0,123.71,73.26563,50.444366,0.07,87.0,100.0
2022-01-09 16:00:00,2.0772696,0.0,85.44,77.22933,8.21067,0.0,83.0,100.0
2022-01-09 17:00:00,0.23726946,0.0,30.26,15.889109,14.370892,0.07,93.0,100.0
2022-01-09 18:00:00,-0.21273053,0.0,0.0,0.0,0.0,0.21000001,94.0,100.0
2022-01-09 19:00:00,-0.26273054,0.0,0.0,0.0,0.0,0.97999996,95.0,100.0
2022-01-09 20:00:00,-0.5327305,0.0,0.0,0.0,0.0,1.26,97.0,100.0
2022-01-09 21:00:00,0.60726947,0.0,0.0,0.0,0.0,0.42000002,94.0,100.0
2022-01-09 22:00:00,0.81726944,0.0,0.0,0.0,0.0,0.07,95.0,100.0
2022-01-09 23:00:00,-0.25273055,0.0,0.0,0.0,0.0,0.42000002,95.0,100.0
2022-01-10 00:00:00,-0.9427306,0.0,0.0,0.0,0.0,1.6800001,97.0,100.0
2022-01-10 01:00:00,-0.9327305,0.0,0.0,0.0,0.0,2.24,97.0,100.0
2022-01-10 02:00:00,-0.6527305,0.0,0.0,0.0,0.0,1.4699999,98.0,100.0
2022-01-10 03:00:00,-1.3427305,0.0,0.0,0.0,0.0,0.84000003,97.0,100.0
2022-01-10 04:00:00,-0.8527306,0.0,0.0,0.0,0.0,0.21000001,97.0,100.0
2022-01-10 05:00:00,-0.8327306,0.0,0.0,0.0,0.0,1.12,96.0,100.0
2022-01-10 06:00:00,-0.5727306,0.0,0.0,0.0,0.0,0.56,97.0,100.0
2022-01-10 07:00:00,-1.4327304,0.0,0.0,0.0,0.0,0.28,97.0,100.0
2022-01-10 08:00:00,-1.7327306,0.0,0.0,0.0,0.0,0.21000001,93.0,100.0
2022-01-10 09:00:00,-0.8527306,0.0,24.029999,12.578688,11.451311,0.07,94.0,100.0
2022-01-10 10:00:00,-0.44273055,0.0,121.93,66.3112,55.618797,0.07,86.0,100.0
2022-01-10 11:00:00,-0.74273056,0.0,197.58,111.227036,86.35297,0.07,86.0,100.0
2022-01-10 12:00:00,-0.40273052,0.0,275.9,158.51558,117.384415,0.0,84.0,100.0
2022-01-10 13:00:00,0.88726944,54.255318,367.57,212.83508,154.73492,0.0,74.0,9.0
2022-01-10 14:00:00,0.44726944,38.93617,348.88,200.85577,148.02423,0.0,74.0,33.0
2022-01-10 15:00:00,0.087269455,60.0,282.13,159.35004,122.77997,0.0,76.0,0.0
2022-01-10 16:00:00,-0.32273054,60.0,174.44,95.42917,79.01083,0.0,77.0,0.0
2022-01-10 17:00:00,-1.7427306,59.95,48.95,25.716532,23.233469,0.0,82.0,0.0
2022-01-10 18:00:00,-1.6627307,0.0,0.0,0.0,0.0,0.0,79.0,0.0
2022-01-10 19:00:00,-2.0427306,0.0,0.0,0.0,0.0,0.0,80.0,0.0
2022-01-10 20:00:00,-2.1127305,0.0,0.0,0.0,0.0,0.0,77.0,0.0
2022-01-10 21:00:00,-1.7227306,0.0,0.0,0.0,0.0,0.0,72.0,0.0
2022-01-10 22:00:00,-1.8327305,0.0,0.0,0.0,0.0,0.0,72.0,0.0
2022-01-10 23:00:00,-1.6927307,0.0,0.0,0.0,0.0,0.0,70.0,0.0
2022-01-11 00:00:00,-1.7127306,0.0,0.0,0.0,0.0,0.0,69.0,0.0
2022-01-11 01:00:00,-1.6827307,0.0,0.0,0.0,0.0,0.0,66.0,0.0
2022-01-11 02:00:00,-1.6727307,0.0,0.0,0.0,0.0,0.0,66.0,0.0
2022-01-11 03:00:00,-1.7027307,0.0,0.0,0.0,0.0,0.0,66.0,0.0
2022-01-11 04:00:00,-1.9227307,0.0,0.0,0.0,0.0,0.0,66.0,0.0
2022-01-11 05:00:00,-1.9527307,0.0,0.0,0.0,0.0,0.0,63.0,0.0
2022-01-11 06:00:00,-2.0727305,0.0,0.0,0.0,0.0,0.0,61.0,0.0
2022-01-11 07:00:00,-2.1127305,0.0,0.0,0.0,0.0,0.0,59.0,0.0
2022-01-11 08:00:00,-2.3327305,0.0,0.0,0.0,0.0,0.0,62.0,0.0
2022-01-11 09:00:00,-1.7527306,51.4,32.04,16.776123,15.263877,0.0,62.0,0.0
2022-01-11 10:00:00,0.8972695,60.0,159.31,86.689674,72.62032,0.0,62.0,0.0
2022-01-11 11:00:00,2.7872694,60.0,268.78,151.30032,117.47968,0.0,56.0,0.0
2022-01-11 12:00:00,3.8372693,60.0,342.65,197.01709,145.6329,0.0,53.0,0.0
2022-01-11 13:00:00,5.33727,60.0,370.24,214.56602,155.67397,0.0,44.0,0.0
2022-01-11 14:00:00,3.3972695,60.0,350.66,202.07144,148.58856,0.0,51.0,0.0
2022-01-11 15:00:00,2.5772693,60.0,285.69,161.52567,124.16434,0.0,57.0,0.0
2022-01-11 16:00:00,0.9772694,60.0,180.67,98.94497,81.72503,0.0,63.0,0.0
2022-01-11 17:00:00,-0.0027305484,60.0,52.51,27.603266,24.906733,0.0,64.0,0.0
2022-01-11 18:00:00,0.12726945,1.2833333,0.0,0.0,0.0,0.0,57.0,0.0
2022-01-11 19:00:00,-0.13273054,0.0,0.0,0.0,0.0,0.0,54.0,0.0
2022-01-11 20:00:00,-0.98273057,0.0,0.0,0.0,0.0,0.0,56.0,0.0
2022-01-11 21:00:00,-1.5827305,0.0,0.0,0.0,0.0,0.0,63.0,0.0
2022-01-11 22:00:00,-1.9627306,0.0,0.0,0.0,0.0,0.0,72.0,0.0
2022-01-11 23:00:00,-2.2927306,0.0,0.0,0.0,0.0,0.0,74.0,24.0
2022-01-12 00:00:00,-2.8927307,0.0,0.0,0.0,0.0,0.0,77.0,30.0
2022-01-12 01:00:00,-3.3427305,0.0,0.0,0.0,0.0,0.0,80.0,36.0
2022-01-12 02:00:00,-3.9127305,0.0,0.0,0.0,0.0,0.0,85.0,27.0
2022-01-12 03:00:00,-3.8927305,0.0,0.0,0.0,0.0,0.0,82.0,19.0
2022-01-12 04:00:00,-4.0627303,0.0,0.0,0.0,0.0,0.0,77.0,17.0
2022-01-12 05:00:00,-4.18273,0.0,0.0,0.0,0.0,0.0,74.0,15.0
2022-01-12 06:00:00,-4.3427305,0.0,0.0,0.0,0.0,0.0,71.0,14.0
2022-01-12 07:00:00,-4.70273,0.0,0.0,0.0,0.0,0.0,76.0,18.0
2022-01-12 08:00:00,-4.99273,0.0,0.0,0.0,0.0,0.0,78.0,20.0
2022-01-12 09:00:00,-4.3527303,45.303547,38.27,20.043947,18.226053,0.0,73.0,12.0
2022-01-12 10:00:00,-1.0827305,58.085106,173.55,94.49485,79.05515,0.0,57.0,3.0
2022-01-12 11:00:00,1.4972694,56.361702,289.25,162.93463,126.31536,0.0,45.0,5.7000003
2022-01-12 12:00:00,2.9272695,55.97872,363.12,208.9484,154.1716,0.0,34.0,6.3
2022-01-12 13:00:00,5.1672697,58.468086,390.71,226.62386,164.08614,0.0,30.0,2.4
2022-01-12 14:00:00,4.8272696,57.12766,369.35,213.04256,156.30745,0.0,36.0,4.5
2022-01-12 15:00:00,4.0372696,54.255318,301.71,170.75716,130.95284,0.0,44.0,9.0
2022-01-12 16:00:00,1.0572695,58.085106,195.8,107.34761,88.45239,0.0,47.0,3.0
2022-01-12 17:00:00,0.29726946,60.0,58.739998,30.896639,27.843359,0.0,42.0,0.0
2022-01-12 18:00:00,0.36726946,2.5666666,0.0,0.0,0.0,0.0,40.0,0.0
2022-01-12 19:00:00,-0.10273057,0.0,0.0,0.0,0.0,0.0,42.0,0.0
2022-01-12 20:00:00,-0.6027306,0.0,0.0,0.0,0.0,0.0,46.0,0.0
2022-01-12 21:00:00,-0.6627305,0.0,0.0,0.0,0.0,0.0,49.0,0.0
2022-01-12 22:00:00,-1.0427306,0.0,0.0,0.0,0.0,0.0,52.0,0.0
2022-01-12 23:00:00,-2.1027305,0.0,0.0,0.0,0.0,0.0,61.0,0.0
2022-01-13 00:00:00,-1.8727305,0.0,0.0,0.0,0.0,0.0,59.0,0.0
2022-01-13 01:00:00,-1.5227306,0.0,0.0,0.0,0.0,0.0,54.0,0.0
2022-01-13 02:00:00,-2.2727306,0.0,0.0,0.0,0.0,0.0,62.0,0.0
2022-01-13 03:00:00,-2.3427305,0.0,0.0,0.0,0.0,0.0,60.0,0.0
2022-01-13 04:00:00,-2.7327306,0.0,0.0,0.0,0.0,0.0,61.0,0.0
2022-01-13 05:00:00,-2.2427306,0.0,0.0,0.0,0.0,0.0,54.0,0.0
2022-01-13 06:00:00,-2.6127305,0.0,0.0,0.0,0.0,0.0,56.0,0.0
2022-01-13 07:00:00,-2.7227306,0.0,0.0,0.0,0.0,0.0,57.0,0.0
2022-01-13 08:00:00,-2.6827307,0.0,0.0,0.0,0.0,0.0,57.0,0.0
2022-01-13 09:00:00,-2.4127307,52.466667,33.82,17.718369,16.101631,0.0,64.0,0.0
2022-01-13 10:00:00,0.40726945,60.0,162.87,88.732544,74.13745,0.0,49.0,0.0
2022-01-13 11:00:00,3.3972695,60.0,274.12,154.51727,119.60273,0.0,43.0,0.0
2022-01-13 12:00:00,5.1872697,60.0,347.1,199.88408,147.21593,0.0,38.0,0.0
2022-01-13 13:00:00,2.9172695,60.0,372.91,216.4849,156.42511,0.0,42.0,0.0
2022-01-13 14:00:00,3.5372694,60.0,353.33,203.99396,149.33603,0.0,43.0,0.0
2022-01-13 15:00:00,3.4472694,60.0,289.25,163.87192,125.37809,0.0,46.0,0.0
2022-01-13 16:00:00,3.1872694,60.0,185.12,101.60247,83.517525,0.0,54.0,0.0
2022-01-13 17:00:00,2.4572694,60.0,56.96,29.978241,26.981758,0.0,54.0,0.0
2022-01-13 18:00:00,2.4872694,3.85,0.0,0.0,0.0,0.0,55.0,0.0
2022-01-13 19:00:00,1.8172696,0.0,0.0,0.0,0.0,0.0,60.0,0.0
2022-01-13 20:00:00,1.4972694,0.0,0.0,0.0,0.0,0.0,63.0,0.0
2022-01-13 21:00:00,1.2272694,0.0,0.0,0.0,0.0,0.0,64.0,0.0
2022-01-13 22:00:00,1.1672695,0.0,0.0,0.0,0.0,0.0,63.0,0.0
2022-01-13 23:00:00,0.81726944,0.0,0.0,0.0,0.0,0.0,64.0,0.0
2022-01-14 00:00:00,0.39726946,0.0,0.0,0.0,0.0,0.0,65.0,0.0
2022-01-14 01:00:00,0.027269453,0.0,0.0,0.0,0.0,0.0,67.0,0.0
2022-01-14 02:00:00,-0.10273057,0.0,0.0,0.0,0.0,0.0,68.0,0.0
2022-01-14 03:00:00,-0.43273056,0.0,0.0,0.0,0.0,0.0,71.0,0.0
2022-01-14 04:00:00,-0.43273056,0.0,0.0,0.0,0.0,0.0,71.0,0.0
2022-01-14 05:00:00,-0.16273057,0.0,0.0,0.0,0.0,0.0,69.0,0.0
2022-01-14 06:00:00,0.15726945,0.0,0.0,0.0,0.0,0.0,67.0,0.0
2022-01-14 07:00:00,0.14726946,0.0,0.0,0.0,0.0,0.0,66.0,0.0
2022-01-14 08:00:00,-0.17273057,0.0,0.0,0.0,0.0,0.0,68.0,0.0
2022-01-14 09:00:00,0.29726946,53.0,33.82,17.723467,16.096533,0.0,68.0,0.0
2022-01-14 10:00:00,2.1072695,60.0,161.09,87.814865,73.27513,0.0,63.0,0.0
2022-01-14 11:00:00,3.3072693,60.0,269.66998,152.11227,117.55771,0.0,60.0,0.0
2022-01-14 12:00:00,4.3072696,60.0,341.76,196.96022,144.79979,0.0,56.0,0.0
2022-01-14 13:00:00,4.83727,60.0,370.24,215.11882,155.12117,0.0,58.0,0.0
2022-01-14 14:00:00,5.29727,60.0,351.55,203.15686,148.39313,0.0,55.0,0.0
2022-01-14 15:00:00,5.33727,60.0,288.36,163.53366,124.826324,0.0,54.0,0.0
2022-01-14 16:00:00,4.7372694,60.0,186.01,102.201645,83.80835,0.0,58.0,0.0
2022-01-14 17:00:00,3.6572695,60.0,59.629997,31.402187,28.22781,0.0,51.0,0.0
2022-01-14 18:00:00,3.4772694,5.133333,0.0,0.0,0.0,0.0,47.0,0.0
2022-01-14 19:00:00,3.5072694,0.0,0.0,0.0,0.0,0.0,51.0,0.0
2022-01-14 20:00:00,2.8772695,0.0,0.0,0.0,0.0,0.0,59.0,0.0
2022-01-14 21:00:00,2.5672693,0.0,0.0,0.0,0.0,0.0,65.0,0.0
2022-01-14 22:00:00,2.7972693,0.0,0.0,0.0,0.0,0.0,66.0,0.0
2022-01-14 23:00:00,2.8172693,0.0,0.0,0.0,0.0,0.0,66.0,0.0
2022-01-15 00:00:00,2.4972694,0.0,0.0,0.0,0.0,0.0,68.0,0.0
2022-01-15 01:00:00,1.9472694,0.0,0.0,0.0,0.0,0.0,71.0,0.0
2022-01-15 02:00:00,1.2672694,0.0,0.0,0.0,0.0,0.0,76.0,0.0
2022-01-15 03:00:00,0.82726943,0.0,0.0,0.0,0.0,0.0,79.0,0.0
2022-01-15 04:00:00,0.91726947,0.0,0.0,0.0,0.0,0.0,77.0,0.0
2022-01-15 05:00:00,0.50726944,0.0,0.0,0.0,0.0,0.0,78.0,0.0
2022-01-15 06:00:00,-0.05273056,0.0,0.0,0.0,0.0,0.0,80.0,0.0
2022-01-15 07:00:00,-0.6027306,0.0,0.0,0.0,0.0,0.0,83.0,0.0
2022-01-15 08:00:00,-1.0827305,0.0,0.0,0.0,0.0,0.0,85.0,0.0
2022-01-15 09:00:00,-0.27273053,46.684753,35.6,18.661638,16.93836,0.0,83.0,12.0
2022-01-15 10:00:00,1.5872695,60.0,162.87,88.8377,74.032295,0.0,76.0,0.0
2022-01-15 11:00:00,3.1972694,60.0,272.34,153.72253,118.61747,0.0,74.0,0.0
2022-01-15 12:00:00,4.2072697,60.0,345.32,199.16441,146.1556,0.0,72.0,0.0
2022-01-15 13:00:00,5.1672697,60.0,375.58,218.40771,157.17227,0.0,73.0,0.0
2022-01-15 14:00:00,5.5372696,60.0,356.88998,206.4373,150.45268,0.0,74.0,0.0
2022-01-15 15:00:00,5.3672695,60.0,291.91998,165.7224,126.197586,0.0,76.0,0.0
2022-01-15 16:00:00,4.3872695,60.0,189.56999,104.27203,85.29796,0.0,83.0,0.0
2022-01-15 17:00:00,2.7572694,60.0,63.19,33.297142,29.892857,0.0,89.0,0.0
2022-01-15 18:00:00,2.6472695,6.4333334,0.0,0.0,0.0,0.0,86.0,0.0
2022-01-15 19:00:00,2.9372694,0.0,0.0,0.0,0.0,0.0,81.0,0.0
2022-01-15 20:00:00,3.0772693,0.0,0.0,0.0,0.0,0.0,75.0,0.0
2022-01-15 21:00:00,2.9472694,0.0,0.0,0.0,0.0,0.0,74.0,0.0
2022-01-15 22:00:00,2.8772695,0.0,0.0,0.0,0.0,0.0,74.0,0.90000004
2022-01-15 23:00:00,2.7172694,0.0,0.0,0.0,0.0,0.0,74.0,0.0
2022-01-16 00:00:00,2.5972693,0.0,0.0,0.0,0.0,0.0,73.0,0.0
2022-01-16 01:00:00,2.9472694,0.0,0.0,0.0,0.0,0.0,68.0,0.0
2022-01-16 02:00:00,3.0572693,0.0,0.0,0.0,0.0,0.0,65.0,0.0
2022-01-16 03:00:00,2.7372694,0.0,0.0,0.0,0.0,0.0,67.0,0.0
2022-01-16 04:00:00,2.1172695,0.0,0.0,0.0,0.0,0.0,69.0,0.0
2022-01-16 05:00:00,1.9472694,0.0,0.0,0.0,0.0,0.0,68.0,0.0
2022-01-16 06:00:00,1.6172695,0.0,0.0,0.0,0.0,0.0,68.0,0.0
2022-01-16 07:00:00,1.6172695,0.0,0.0,0.0,0.0,0.0,65.0,0.0
2022-01-16 08:00:00,1.6072695,0.0,0.0,0.0,0.0,0.0,62.0,0.0
2022-01-16 09:00:00,2.4272695,54.233334,36.489998,19.135326,17.354671,0.0,60.0,0.0
2022-01-16 10:00:00,3.4872694,60.0,166.43,90.8485,75.58149,0.0,62.0,0.0
2022-01-16 11:00:00,4.3872695,60.0,277.68,156.86931,120.810684,0.0,63.0,0.0
2022-01-16 12:00:00,5.3672695,60.0,352.44,203.4603,148.9797,0.0,57.0,0.0
2022-01-16 13:00:00,4.4272695,60.0,382.69998,222.77388,159.9261,0.0,61.0,0.0
2022-01-16 14:00:00,4.85727,60.0,365.79,211.81502,153.97499,0.0,56.0,0.0
2022-01-16 15:00:00,4.85727,53.61702,301.71,171.47713,130.23286,0.0,58.0,10.0
2022-01-16 16:00:00,3.6572695,60.0,198.47,109.29908,89.17092,0.0,66.0,0.0
2022-01-16 17:00:00,2.2172694,60.0,67.64,35.669044,31.970957,0.0,66.0,0.0
2022-01-16 18:00:00,1.7772694,7.8166666,0.0,0.0,0.0,0.0,57.0,0.0
2022-01-16 19:00:00,1.5372694,0.0,0.0,0.0,0.0,0.0,59.0,0.0
2022-01-16 20:00:00,0.75726944,0.0,0.0,0.0,0.0,0.0,57.0,66.0
2022-01-16 21:00:00,1.7672694,0.0,0.0,0.0,0.0,0.0,56.0,100.0
2022-01-16 22:00:00,2.0172694,0.0,0.0,0.0,0.0,0.0,58.0,100.0
2022-01-16 23:00:00,1.7172694,0.0,0.0,0.0,0.0,0.0,64.0,100.0
2022-01-17 00:00:00,2.2272694,0.0,0.0,0.0,0.0,0.0,69.0,100.0
2022-01-17 01:00:00,2.6172693,0.0,0.0,0.0,0.0,0.0,72.0,100.0
2022-01-17 02:00:00,2.3372695,0.0,0.0,0.0,0.0,0.0,75.0,100.0
2022-01-17 03:00:00,1.9772694,0.0,0.0,0.0,0.0,0.0,77.0,100.0
2022-01-17 04:00:00,2.1572695,0.0,0.0,0.0,0.0,0.0,75.0,100.0
2022-01-17 05:00:00,2.2872694,0.0,0.0,0.0,0.0,0.0,74.0,100.0
2022-01-17 06:00:00,2.4272695,0.0,0.0,0.0,0.0,0.0,76.0,100.0
2022-01-17 07:00:00,2.4872694,0.0,0.0,0.0,0.0,0.0,77.0,100.0
2022-01-17 08:00:00,2.0972695,0.0,0.0,0.0,0.0,0.0,81.0,100.0
2022-01-17 09:00:00,2.2372694,0.0,24.92,13.073129,11.846871,0.0,80.0,100.0
2022-01-17 10:00:00,3.0372694,0.0,113.03,61.747513,51.282486,0.0,78.0,100.0
2022-01-17 11:00:00,3.8172693,0.0,234.95999,132.84961,102.11038,0.0,76.0,100.0
2022-01-17 12:00:00,3.9772694,45.31915,349.77,202.10797,147.66202,0.0,75.0,23.0
2022-01-17 13:00:00,3.8172693,0.0,267.88998,175.42099,92.468994,0.0,65.0,100.0
2022-01-17 14:00:00,4.0072694,60.0,362.22998,209.98058,152.2494,0.0,66.0,0.0
2022-01-17 15:00:00,3.7672694,60.0,298.15,169.64822,128.50177,0.0,68.0,0.0
2022-01-17 16:00:00,3.0872693,60.0,195.8,107.958496,87.84151,0.0,74.0,0.0
2022-01-17 17:00:00,1.4872694,0.0,70.31,37.123333,33.186665,0.0,80.0,100.0
2022-01-17 18:00:00,2.0172694,0.0,0.0,0.0,0.0,0.0,77.0,100.0
2022-01-17 19:00:00,1.8372695,0.0,0.0,0.0,0.0,0.0,78.0,100.0
2022-01-17 20:00:00,1.1572695,0.0,0.0,0.0,0.0,0.0,80.0,100.0
2022-01-17 21:00:00,0.19726944,0.0,0.0,0.0,0.0,0.0,86.0,73.0
2022-01-17 22:00:00,0.51726943,0.0,0.0,0.0,0.0,0.0,85.0,100.0
2022-01-17 23:00:00,-0.27273053,0.0,0.0,0.0,0.0,0.0,83.0,7.0
2022-01-18 00:00:00,0.34726945,0.0,0.0,0.0,0.0,0.0,74.0,0.0
2022-01-18 01:00:00,0.5372695,0.0,0.0,0.0,0.0,0.0,69.0,0.0
2022-01-18 02:00:00,0.21726945,0.0,0.0,0.0,0.0,0.0,70.0,0.0
2022-01-18 03:00:00,0.29726946,0.0,0.0,0.0,0.0,0.0,69.0,0.0
2022-01-18 04:00:00,-0.23273057,0.0,0.0,0.0,0.0,0.0,73.0,0.0
2022-01-18 05:00:00,0.057269454,0.0,0.0,0.0,0.0,0.0,73.0,0.0
2022-01-18 06:00:00,0.087269455,0.0,0.0,0.0,0.0,0.0,76.0,15.0
2022-01-18 07:00:00,-0.28273052,0.0,0.0,0.0,0.0,0.0,82.0,28.0
2022-01-18 08:00:00,-0.62273055,0.0,0.0,0.0,0.0,0.0,85.0,33.0
2022-01-18 09:00:00,0.107269466,37.330853,39.16,20.551487,18.608513,0.0,80.0,31.0
2022-01-18 10:00:00,3.6872694,52.97872,170.88,93.42338,77.45663,0.0,59.0,11.0
2022-01-18 11:00:00,5.6472697,60.0,282.13,159.6568,122.473206,0.0,52.0,0.0
2022-01-18 12:00:00,6.5772696,60.0,356.88998,206.41461,150.47537,0.0,53.0,0.0
2022-01-18 13:00:00,4.0572696,27.446808,386.25998,225.3006,160.95938,0.0,80.0,51.0
2022-01-18 14:00:00,4.2472696,22.340425,366.68,212.7897,153.89029,0.0,82.0,59.0
2022-01-18 15:00:00,4.1472697,29.361702,304.38,173.3914,130.9886,0.0,83.0,48.0
2022-01-18 16:00:00,3.7972693,33.19149,202.92,112.018715,90.90128,0.0,85.0,42.0
2022-01-18 17:00:00,2.6772695,26.170214,74.76,39.522152,35.23785,0.0,91.0,53.0
2022-01-18 18:00:00,2.2872694,6.64273,0.0,0.0,0.0,0.0,93.0,35.0
2022-01-18 19:00:00,1.5472693,0.0,0.0,0.0,0.0,0.0,96.0,3.0
2022-01-18 20:00:00,0.91726947,0.0,0.0,0.0,0.0,0.0,91.0,0.0
2022-01-18 21:00:00,0.37726945,0.0,0.0,0.0,0.0,0.0,90.0,0.0
2022-01-18 22:00:00,-0.12273055,0.0,0.0,0.0,0.0,0.0,91.0,0.0
2022-01-18 23:00:00,-0.16273057,0.0,0.0,0.0,0.0,0.0,91.0,0.0
2022-01-19 00:00:00,-0.012730539,0.0,0.0,0.0,0.0,0.0,83.0,0.0
2022-01-19 01:00:00,-0.45273054,0.0,0.0,0.0,0.0,0.0,87.0,15.0
2022-01-19 02:00:00,-0.7227306,0.0,0.0,0.0,0.0,0.0,90.0,19.0
2022-01-19 03:00:00,-0.98273057,0.0,0.0,0.0,0.0,0.0,90.0,49.0
2022-01-19 04:00:00,-1.1027305,0.0,0.0,0.0,0.0,0.0,89.0,76.0
2022-01-19 05:00:00,-1.1127305,0.0,0.0,0.0,0.0,0.0,87.0,57.0
2022-01-19 06:00:00,-1.0827305,0.0,0.0,0.0,0.0,0.0,83.0,27.0
2022-01-19 07:00:00,-1.0827305,0.0,0.0,0.0,0.0,0.0,79.0,26.0
2022-01-19 08:00:00,-0.8327306,0.0,0.0,0.0,0.0,0.0,73.0,18.0
2022-01-19 09:00:00,0.23726946,56.433334,41.829998,21.961254,19.868744,0.0,68.0,0.0
2022-01-19 10:00:00,1.9972694,60.0,173.55,94.95691,78.593094,0.0,68.0,0.0
2022-01-19 11:00:00,3.2872694,60.0,284.8,161.30534,123.494644,0.0,65.0,0.0
2022-01-19 12:00:00,4.3072696,60.0,359.56,208.15239,151.40761,0.0,62.0,0.0
2022-01-19 13:00:00,5.2372694,60.0,388.93,227.0861,161.84389,0.0,67.0,0.0
2022-01-19 14:00:00,5.27727,60.0,371.13,215.60405,155.52596,0.0,66.0,0.0
2022-01-19 15:00:00,5.0772696,60.0,307.94,175.61978,132.32022,0.0,64.0,0.0
2022-01-19 16:00:00,4.2772694,60.0,205.59,113.62881,91.96119,0.0,68.0,0.0
2022-01-19 17:00:00,2.7972693,60.0,76.54,40.51357,36.026432,0.0,73.0,0.0
2022-01-19 18:00:00,1.7072694,10.297341,0.0,0.0,0.0,0.0,75.0,13.0
2022-01-19 19:00:00,1.5072694,0.0,0.0,0.0,0.0,0.0,78.0,10.0
2022-01-19 20:00:00,0.70726943,0.0,0.0,0.0,0.0,0.0,80.0,5.0
2022-01-19 21:00:00,0.47726944,0.0,0.0,0.0,0.0,0.0,79.0,3.0
2022-01-19 22:00:00,0.80726945,0.0,0.0,0.0,0.0,0.0,79.0,100.0
2022-01-19 23:00:00,0.73726946,0.0,0.0,0.0,0.0,0.0,80.0,100.0
2022-01-20 00:00:00,0.95726943,0.0,0.0,0.0,0.0,0.0,80.0,100.0
2022-01-20 01:00:00,1.0172694,0.0,0.0,0.0,0.0,0.0,83.0,100.0
2022-01-20 02:00:00,0.8372694,0.0,0.0,0.0,0.0,0.0,83.0,100.0
2022-01-20 03:00:00,1.5172694,0.0,0.0,0.0,0.0,0.0,78.0,100.0
2022-01-20 04:00:00,1.1772695,0.0,0.0,0.0,0.0,0.0,81.0,100.0
2022-01-20 05:00:00,0.6472695,0.0,0.0,0.0,0.0,0.07,89.0,100.0
2022-01-20 06:00:00,0.49726945,0.0,0.0,0.0,0.0,0.0,89.0,100.0
2022-01-20 07:00:00,0.48726946,0.0,0.0,0.0,0.0,0.0,87.0,100.0
2022-01-20 08:00:00,0.51726943,0.0,0.0,0.0,0.0,0.0,87.0,100.0
2022-01-20 09:00:00,1.2172694,0.0,24.92,13.088372,11.831628,0.0,83.0,100.0
2022-01-20 10:00:00,1.8072693,0.0,87.22,76.04762,11.172376,0.0,82.0,100.0
2022-01-20 11:00:00,2.1072695,0.0,128.16,71.599106,56.5609,0.07,82.0,100.0
2022-01-20 12:00:00,1.9472694,0.0,144.18,56.36091,87.819084,0.0,82.0,100.0
2022-01-20 13:00:00,3.2772694,23.617023,293.69998,185.36707,108.332924,0.0,73.0,57.0
2022-01-20 14:00:00,2.9072695,0.0,374.69,217.90732,156.78268,0.0,73.0,100.0
2022-01-20 15:00:00,2.1672695,0.0,258.1,147.36519,110.73482,0.0,74.0,100.0
2022-01-20 16:00:00,2.1372695,0.0,109.47,94.4053,15.064704,0.0,76.0,100.0
2022-01-20 17:00:00,0.7272695,0.0,33.82,19.553612,14.266388,0.21000001,88.0,100.0
2022-01-20 18:00:00,-0.5527305,0.0,0.0,0.0,0.0,0.63,94.0,100.0
2022-01-20 19:00:00,-0.21273053,0.0,0.0,0.0,0.0,0.56,95.0,100.0
2022-01-20 20:00:00,-1.4227304,0.0,0.0,0.0,0.0,0.28,96.0,100.0
2022-01-20 21:00:00,-2.7727306,0.0,0.0,0.0,0.0,0.07,96.0,100.0
2022-01-20 22:00:00,-1.9027307,0.0,0.0,0.0,0.0,0.0,91.0,100.0
2022-01-20 23:00:00,-1.7727306,0.0,0.0,0.0,0.0,0.0,90.0,100.0
2022-01-21 00:00:00,-1.9727306,0.0,0.0,0.0,0.0,0.0,92.0,100.0
2022-01-21 01:00:00,-2.3827307,0.0,0.0,0.0,0.0,0.07,93.0,100.0
2022-01-21 02:00:00,-2.5927305,0.0,0.0,0.0,0.0,0.0,93.0,100.0
2022-01-21 03:00:00,-2.6127305,0.0,0.0,0.0,0.0,0.0,91.0,100.0
2022-01-21 04:00:00,-2.7627306,0.0,0.0,0.0,0.0,0.0,90.0,100.0
2022-01-21 05:00:00,-2.8927307,0.0,0.0,0.0,0.0,0.0,86.0,100.0
2022-01-21 06:00:00,-3.1527307,0.0,0.0,0.0,0.0,0.0,83.0,100.0
2022-01-21 07:00:00,-3.4727306,0.0,0.0,0.0,0.0,0.0,79.0,100.0
2022-01-21 08:00:00,-4.18273,0.0,0.0,0.0,0.0,0.0,79.0,94.0
2022-01-21 09:00:00,-3.8627307,31.504253,47.17,24.786232,22.383766,0.0,72.0,43.0
2022-01-21 10:00:00,-2.9027307,60.0,184.23,100.97416,83.25584,0.0,68.0,0.0
2022-01-21 11:00:00,-2.8227305,60.0,294.59,167.16272,127.42728,0.0,70.0,0.0
2022-01-21 12:00:00,-2.5027306,60.0,371.13,215.28471,155.84529,0.0,63.0,0.0
2022-01-21 13:00:00,-0.9727306,60.0,401.38998,234.86867,166.52132,0.0,57.0,0.0
2022-01-21 14:00:00,-1.3027306,60.0,383.59,223.35515,160.23485,0.0,60.0,0.0
2022-01-21 15:00:00,-1.3527305,60.0,320.4,183.16847,137.23152,0.0,60.0,0.0
2022-01-21 16:00:00,-2.0127306,60.0,216.26999,119.833786,96.4362,0.0,62.0,0.0
2022-01-21 17:00:00,-3.3527305,60.0,85.44,45.34257,40.09743,0.0,70.0,0.0
2022-01-21 18:00:00,-3.6727307,14.816667,0.89,0.3278941,0.5621059,0.0,68.0,0.0
2022-01-21 19:00:00,-3.6227305,0.0,0.0,0.0,0.0,0.0,64.0,0.0
2022-01-21 20:00:00,-3.5227306,0.0,0.0,0.0,0.0,0.0,62.0,0.0
2022-01-21 21:00:00,-3.5227306,0.0,0.0,0.0,0.0,0.0,61.0,0.0
2022-01-21 22:00:00,-3.2127306,0.0,0.0,0.0,0.0,0.0,60.0,0.0
2022-01-21 23:00:00,-3.3427305,0.0,0.0,0.0,0.0,0.0,60.0,0.0
2022-01-22 00:00:00,-3.5327308,0.0,0.0,0.0,0.0,0.0,61.0,0.0
2022-01-22 01:00:00,-3.4427307,0.0,0.0,0.0,0.0,0.0,60.0,0.0
2022-01-22 02:00:00,-3.0727305,0.0,0.0,0.0,0.0,0.0,58.0,0.0
2022-01-22 03:00:00,-2.5427306,0.0,0.0,0.0,0.0,0.0,55.0,0.0
2022-01-22 04:00:00,-2.4727306,0.0,0.0,0.0,0.0,0.0,54.0,0.0
2022-01-22 05:00:00,-2.2827306,0.0,0.0,0.0,0.0,0.0,55.0,19.0
2022-01-22 06:00:00,-1.8727305,0.0,0.0,0.0,0.0,0.0,56.0,59.0
2022-01-22 07:00:00,-1.6527307,0.0,0.0,0.0,0.0,0.0,61.0,91.0
2022-01-22 08:00:00,-1.5127306,0.0,0.0,0.0,0.0,0.0,67.0,100.0
2022-01-22 09:00:00,-0.13273054,0.0,45.39,23.862679,21.52732,0.0,65.0,100.0
2022-01-22 10:00:00,1.2072694,0.0,161.98,88.8653,73.11469,0.0,61.0,100.0
2022-01-22 11:00:00,2.1272695,0.0,242.08,137.5083,104.57171,0.0,62.0,100.0
2022-01-22 12:00:00,3.3072693,0.0,277.68,172.32169,105.3583,0.0,62.0,100.0
2022-01-22 13:00:00,2.0772696,0.0,370.24,216.89243,153.34756,0.0,63.0,100.0
2022-01-22 14:00:00,2.4572694,10.212765,356.0,207.54205,148.45795,0.0,66.0,78.0
2022-01-22 15:00:00,2.1572695,24.25532,316.84,181.36276,135.47723,0.0,72.0,56.0
2022-01-22 16:00:00,1.4672694,17.872341,218.05,120.97854,97.071465,0.0,78.0,66.0
2022-01-22 17:00:00,0.077269465,13.404254,89.0,47.29543,41.70457,0.0,86.0,73.0
2022-01-22 18:00:00,-0.10273057,6.5758867,0.89,0.20045954,0.68954045,0.0,83.0,56.0
2022-01-22 19:00:00,-0.39273053,0.0,0.0,0.0,0.0,0.0,83.0,3.0
2022-01-22 20:00:00,-0.0027305484,0.0,0.0,0.0,0.0,0.0,80.0,1.0
2022-01-22 21:00:00,0.18726945,0.0,0.0,0.0,0.0,0.0,79.0,0.0
2022-01-22 22:00:00,0.067269444,0.0,0.0,0.0,0.0,0.0,78.0,0.0
2022-01-22 23:00:00,-0.30273056,0.0,0.0,0.0,0.0,0.0,80.0,0.0
2022-01-23 00:00:00,-0.17273057,0.0,0.0,0.0,0.0,0.0,79.0,0.0
2022-01-23 01:00:00,-0.22273058,0.0,0.0,0.0,0.0,0.0,78.0,0.0
2022-01-23 02:00:00,-0.14273053,0.0,0.0,0.0,0.0,0.0,78.0,0.0
2022-01-23 03:00:00,-0.20273054,0.0,0.0,0.0,0.0,0.0,79.0,0.0
2022-01-23 04:00:00,-0.42273057,0.0,0.0,0.0,0.0,0.0,81.0,5.1000004
2022-01-23 05:00:00,-0.5327305,0.0,0.0,0.0,0.0,0.0,82.0,26.0
2022-01-23 06:00:00,-0.5927306,0.0,0.0,0.0,0.0,0.0,83.0,1.5
2022-01-23 07:00:00,-0.8127305,0.0,0.0,0.0,0.0,0.0,86.0,0.0
2022-01-23 08:00:00,-1.2627306,0.0,0.0,0.0,0.0,0.0,90.0,0.0
2022-01-23 09:00:00,-0.87273055,59.95,48.059998,25.27882,22.781178,0.0,90.0,0.0
2022-01-23 10:00:00,0.81726944,60.0,184.23,101.169815,83.06018,0.0,82.0,0.0
2022-01-23 11:00:00,2.0672696,60.0,298.15,169.53209,128.6179,0.0,76.0,0.0
2022-01-23 12:00:00,3.1572695,60.0,375.58,218.34338,157.2366,0.0,72.0,0.0
2022-01-23 13:00:00,3.3772695,60.0,404.06,236.97794,167.08206,0.0,68.0,0.0
2022-01-23 14:00:00,3.9772694,60.0,388.93,227.01442,161.91557,0.0,62.0,0.0
2022-01-23 15:00:00,3.8872695,60.0,326.63,187.20297,139.42703,0.0,59.0,0.0
2022-01-23 16:00:00,3.5272694,60.0,223.39,124.10349,99.28651,0.0,61.0,0.0
2022-01-23 17:00:00,2.7472694,60.0,92.56,49.253372,43.306625,0.0,59.0,0.0
2022-01-23 18:00:00,2.1772695,17.733334,1.78,1.1570169,0.6229831,0.0,62.0,0.0
2022-01-23 19:00:00,1.8172696,0.0,0.0,0.0,0.0,0.0,66.0,0.0
2022-01-23 20:00:00,1.7372694,0.0,0.0,0.0,0.0,0.0,70.0,0.0
2022-01-23 21:00:00,0.5972695,0.0,0.0,0.0,0.0,0.0,83.0,0.0
2022-01-23 22:00:00,-0.02273053,0.0,0.0,0.0,0.0,0.0,85.0,11.0
2022-01-23 23:00:00,-0.46273053,0.0,0.0,0.0,0.0,0.0,87.0,32.0
2022-01-24 00:00:00,-1.4227304,0.0,0.0,0.0,0.0,0.0,94.0,45.0
2022-01-24 01:00:00,-1.5927305,0.0,0.0,0.0,0.0,0.0,95.0,52.0
2022-01-24 02:00:00,-1.4527307,0.0,0.0,0.0,0.0,0.0,94.0,53.0
2022-01-24 03:00:00,-1.8527305,0.0,0.0,0.0,0.0,0.0,96.0,49.0
2022-01-24 04:00:00,-2.1227305,0.0,0.0,0.0,0.0,0.0,97.0,47.0
2022-01-24 05:00:00,-2.0827305,0.0,0.0,0.0,0.0,0.0,95.0,34.0
2022-01-24 06:00:00,-1.8827307,0.0,0.0,0.0,0.0,0.0,92.0,16.0
2022-01-24 07:00:00,-2.0427306,0.0,0.0,0.0,0.0,0.0,90.0,13.0
2022-01-24 08:00:00,-2.7627306,0.65106386,0.0,0.0,0.0,0.0,94.0,22.0
2022-01-24 09:00:00,-1.8127306,48.51064,51.62,27.164682,24.455317,0.0,91.0,18.0
2022-01-24 10:00:00,-0.05273056,60.0,188.68,103.71344,84.96655,0.0,81.0,0.0
2022-01-24 11:00:00,1.5572693,60.0,302.6,172.2391,130.3609,0.0,71.0,0.0
2022-01-24 12:00:00,3.0672693,60.0,379.13998,220.65314,158.48685,0.0,68.0,0.0
2022-01-24 13:00:00,6.8872695,60.0,408.50998,239.86345,168.64653,0.0,55.0,0.0
2022-01-24 14:00:00,6.6972694,60.0,392.49,229.36911,163.12088,0.0,56.0,0.0
2022-01-24 15:00:00,6.1872697,60.0,330.19,189.48187,140.70813,0.0,60.0,0.0
2022-01-24 16:00:00,5.0372696,60.0,226.95,126.24591,100.70409,0.0,68.0,0.0
2022-01-24 17:00:00,2.8072693,60.0,96.119995,51.2164,44.903595,0.0,78.0,0.0
2022-01-24 18:00:00,2.4072695,19.183332,1.78,0.88872737,0.8912726,0.0,77.0,0.0
2022-01-24 19:00:00,2.5872693,0.0,0.0,0.0,0.0,0.0,75.0,0.0
2022-01-24 20:00:00,2.5772693,0.0,0.0,0.0,0.0,0.0,74.0,0.0
2022-01-24 21:00:00,2.5672693,0.0,0.0,0.0,0.0,0.0,74.0,0.0
2022-01-24 22:00:00,2.2672694,0.0,0.0,0.0,0.0,0.0,75.0,0.0
2022-01-24 23:00:00,2.5672693,0.0,0.0,0.0,0.0,0.0,72.0,0.0
2022-01-25 00:00:00,2.8172693,0.0,0.0,0.0,0.0,0.0,69.0,0.0
2022-01-25 01:00:00,2.4172695,0.0,0.0,0.0,0.0,0.0,71.0,0.0
2022-01-25 02:00:00,2.2272694,0.0,0.0,0.0,0.0,0.0,69.0,0.0
2022-01-25 03:00:00,2.2872694,0.0,0.0,0.0,0.0,0.0,62.0,0.0
2022-01-25 04:00:00,1.9572694,0.0,0.0,0.0,0.0,0.0,61.0,0.0
2022-01-25 05:00:00,1.9272695,0.0,0.0,0.0,0.0,0.0,59.0,0.0
2022-01-25 06:00:00,2.2172694,0.0,0.0,0.0,0.0,0.0,57.0,0.0
2022-01-25 07:00:00,2.4272695,0.0,0.0,0.0,0.0,0.0,56.0,0.0
2022-01-25 08:00:00,2.2672694,1.7666667,0.0,0.0,0.0,0.0,57.0,0.0
2022-01-25 09:00:00,3.1172693,60.0,53.399998,28.115192,25.284805,0.0,57.0,0.0
2022-01-25 10:00:00,5.50727,60.0,191.34999,105.28222,86.06777,0.0,58.0,0.0
2022-01-25 11:00:00,7.52727,60.0,306.16,174.44383,131.71617,0.0,53.0,0.0
2022-01-25 12:00:00,8.49727,60.0,382.69998,222.96689,159.7331,0.0,51.0,0.0
2022-01-25 13:00:00,5.9272695,60.0,413.85,243.2776,170.5724,0.0,68.0,0.0
2022-01-25 14:00:00,6.3772697,60.0,396.94,232.2503,164.6897,0.0,66.0,0.0
2022-01-25 15:00:00,6.6572695,60.0,334.63998,192.2787,142.36128,0.0,64.0,0.0
2022-01-25 16:00:00,6.0372696,60.0,230.51,128.39487,102.11512,0.0,69.0,0.0
2022-01-25 17:00:00,5.10727,60.0,99.68,53.185192,46.49481,0.0,69.0,0.0
2022-01-25 18:00:00,4.4772696,20.633333,2.67,2.0661325,0.6038674,0.0,70.0,0.0
2022-01-25 19:00:00,4.2172694,0.0,0.0,0.0,0.0,0.0,67.0,0.0
2022-01-25 20:00:00,4.2772694,0.0,0.0,0.0,0.0,0.0,60.0,0.0
2022-01-25 21:00:00,4.0772696,0.0,0.0,0.0,0.0,0.0,53.0,0.0
2022-01-25 22:00:00,4.1072693,0.0,0.0,0.0,0.0,0.0,47.0,0.0
2022-01-25 23:00:00,4.1072693,0.0,0.0,0.0,0.0,0.0,40.0,0.0
2022-01-26 00:00:00,3.6672695,0.0,0.0,0.0,0.0,0.0,39.0,0.0
2022-01-26 01:00:00,3.0472693,0.0,0.0,0.0,0.0,0.0,41.0,0.0
2022-01-26 02:00:00,3.4872694,0.0,0.0,0.0,0.0,0.0,40.0,0.0
2022-01-26 03:00:00,3.5372694,0.0,0.0,0.0,0.0,0.0,42.0,0.0
2022-01-26 04:00:00,3.4672694,0.0,0.0,0.0,0.0,0.0,42.0,0.0
2022-01-26 05:00:00,3.2672694,0.0,0.0,0.0,0.0,0.0,43.0,0.0
2022-01-26 06:00:00,3.2172694,0.0,0.0,0.0,0.0,0.0,43.0,0.0
2022-01-26 07:00:00,2.7272694,0.0,0.0,0.0,0.0,0.0,45.0,0.0
2022-01-26 08:00:00,2.2272694,2.85,0.0,0.0,0.0,0.0,47.0,0.0
2022-01-26 09:00:00,3.4272695,60.0,56.07,29.5379,26.532099,0.0,47.0,0.0
2022-01-26 10:00:00,4.2472696,60.0,195.8,107.85127,87.94873,0.0,51.0,0.0
2022-01-26 11:00:00,5.3272696,60.0,310.61,177.18758,133.42241,0.0,51.0,0.0
2022-01-26 12:00:00,5.7872696,60.0,388.93,226.87569,162.0543,0.0,51.0,0.0
2022-01-26 13:00:00,6.1172695,60.0,418.3,246.20908,172.09091,0.0,62.0,0.0
2022-01-26 14:00:00,6.1372695,60.0,401.38998,235.16518,166.22481,0.0,63.0,0.0
2022-01-26 15:00:00,5.5372696,60.0,339.09,195.101,143.989,0.0,64.0,0.0
2022-01-26 16:00:00,4.8772697,60.0,235.84999,131.5523,104.29769,0.0,68.0,0.0
2022-01-26 17:00:00,3.9572694,60.0,104.13,55.63824,48.491756,0.0,70.0,0.0
2022-01-26 18:00:00,3.8172693,22.15,3.56,2.2115915,1.3484085,0.0,68.0,0.0
2022-01-26 19:00:00,3.4772694,0.0,0.0,0.0,0.0,0.0,57.0,0.0
2022-01-26 20:00:00,3.3172693,0.0,0.0,0.0,0.0,0.0,49.0,0.0
2022-01-26 21:00:00,3.1472695,0.0,0.0,0.0,0.0,0.0,42.0,0.90000004
2022-01-26 22:00:00,2.8972695,0.0,0.0,0.0,0.0,0.0,39.0,0.0
2022-01-26 23:00:00,3.1172693,0.0,0.0,0.0,0.0,0.0,38.0,0.0
2022-01-27 00:00:00,3.0372694,0.0,0.0,0.0,0.0,0.0,42.0,0.0
2022-01-27 01:00:00,2.7272694,0.0,0.0,0.0,0.0,0.0,50.0,0.6
2022-01-27 02:00:00,2.4772694,0.0,0.0,0.0,0.0,0.0,53.0,1.2
2022-01-27 03:00:00,2.5572693,0.0,0.0,0.0,0.0,0.0,50.0,3.9
2022-01-27 04:00:00,2.5972693,0.0,0.0,0.0,0.0,0.0,49.0,3.0
2022-01-27 05:00:00,2.6672695,0.0,0.0,0.0,0.0,0.0,47.0,5.7000003
2022-01-27 06:00:00,2.5672693,0.0,0.0,0.0,0.0,0.0,45.0,9.0
2022-01-27 07:00:00,2.6072693,0.0,0.0,0.0,0.0,0.0,41.0,9.3
2022-01-27 08:00:00,2.8072693,3.5383866,0.0,0.0,0.0,0.0,37.0,10.5
2022-01-27 09:00:00,3.6272695,53.106384,66.75,35.184914,31.565086,0.0,42.0,10.8
2022-01-27 10:00:00,5.0372696,54.638298,211.81999,116.8084,95.01159,0.0,47.0,8.400001
2022-01-27 11:00:00,6.04727,55.78723,327.52,187.05568,140.46431,0.0,50.0,6.6000004
2022-01-27 12:00:00,6.9272695,56.361702,403.16998,235.47255,167.69743,0.0,51.0,5.7000003
2022-01-27 13:00:00,6.75727,56.93617,433.43,255.44077,177.98923,0.0,57.0,4.8
2022-01-27 14:00:00,7.1972694,57.70213,416.52,244.3518,172.16818,0.0,57.0,3.6000001
2022-01-27 15:00:00,5.9972696,59.425533,356.0,205.10866,150.89134,0.0,54.0,0.90000004
2022-01-27 16:00:00,5.58727,59.808514,254.54,142.17455,112.36545,0.0,57.0,0.3
2022-01-27 17:00:00,4.2772694,60.0,112.14,60.00285,52.13715,0.0,58.0,0.0
2022-01-27 18:00:00,3.1772695,23.423563,4.45,2.5819468,1.868053,0.0,50.0,0.90000004
2022-01-27 19:00:00,2.7372694,0.0,0.0,0.0,0.0,0.0,45.0,0.0
2022-01-27 20:00:00,2.3972695,0.0,0.0,0.0,0.0,0.0,37.0,0.0
2022-01-27 21:00:00,3.0872693,0.0,0.0,0.0,0.0,0.0,32.0,0.0
2022-01-27 22:00:00,3.8472693,0.0,0.0,0.0,0.0,0.0,31.0,100.0
2022-01-27 23:00:00,3.2472694,0.0,0.0,0.0,0.0,0.0,46.0,100.0
2022-01-28 00:00:00,2.5672693,0.0,0.0,0.0,0.0,0.0,65.0,100.0
2022-01-28 01:00:00,0.91726947,0.0,0.0,0.0,0.0,0.0,85.0,100.0
2022-01-28 02:00:00,0.86726946,0.0,0.0,0.0,0.0,0.0,90.0,100.0
2022-01-28 03:00:00,1.3572695,0.0,0.0,0.0,0.0,0.0,89.0,100.0
2022-01-28 04:00:00,0.81726944,0.0,0.0,0.0,0.0,0.0,93.0,100.0
2022-01-28 05:00:00,0.85726947,0.0,0.0,0.0,0.0,0.42000002,94.0,100.0
2022-01-28 06:00:00,0.93726945,0.0,0.0,0.0,0.0,0.42000002,93.0,100.0
2022-01-28 07:00:00,1.2772694,0.0,0.0,0.0,0.0,0.21000001,92.0,100.0
2022-01-28 08:00:00,1.3172694,0.0,0.0,0.0,0.0,0.0,91.0,100.0
2022-01-28 09:00:00,1.2872695,0.0,46.28,24.409239,21.87076,0.0,92.0,100.0
2022-01-28 10:00:00,4.1972694,0.0,143.29,79.10725,64.18275,0.0,72.0,100.0
2022-01-28 11:00:00,2.7672694,21.702127,301.71,172.51874,129.19125,0.0,77.0,60.0
2022-01-28 12:00:00,2.1472695,57.44681,396.94,232.11897,164.82103,0.0,79.0,4.0
2022-01-28 13:00:00,3.5172694,60.0,426.31,251.56482,174.74518,0.0,71.0,0.0
2022-01-28 14:00:00,4.9872694,60.0,410.29,241.01382,169.27618,0.0,63.0,0.0
2022-01-28 15:00:00,4.85727,60.0,348.88,201.27872,147.60129,0.0,59.0,0.0
2022-01-28 16:00:00,3.3072693,60.0,245.64,137.39366,108.24634,0.0,62.0,0.0
2022-01-28 17:00:00,1.6372695,58.723404,113.92,61.041344,52.878654,0.0,72.0,2.0
2022-01-28 18:00:00,1.3972695,18.983686,7.12,3.6901271,3.4298728,0.0,58.0,23.0
2022-01-28 19:00:00,1.1672695,0.0,0.0,0.0,0.0,0.0,50.0,28.0
2022-01-28 20:00:00,1.2172694,0.0,0.0,0.0,0.0,0.0,43.0,1.2
2022-01-28 21:00:00,1.5072694,0.0,0.0,0.0,0.0,0.0,39.0,2.4
2022-01-28 22:00:00,1.5372694,0.0,0.0,0.0,0.0,0.0,40.0,19.0
2022-01-28 23:00:00,1.4172695,0.0,0.0,0.0,0.0,0.0,43.0,4.0
2022-01-29 00:00:00,1.0172694,0.0,0.0,0.0,0.0,0.0,44.0,0.0
2022-01-29 01:00:00,0.7772695,0.0,0.0,0.0,0.0,0.0,40.0,45.0
2022-01-29 02:00:00,1.7372694,0.0,0.0,0.0,0.0,0.0,30.0,44.0
2022-01-29 03:00:00,1.8172696,0.0,0.0,0.0,0.0,0.0,32.0,78.0
2022-01-29 04:00:00,2.0472693,0.0,0.0,0.0,0.0,0.0,29.0,91.0
2022-01-29 05:00:00,2.1272695,0.0,0.0,0.0,0.0,0.0,32.0,76.0
2022-01-29 06:00:00,2.3772695,0.0,0.0,0.0,0.0,0.0,28.0,56.0
2022-01-29 07:00:00,2.5272694,0.0,0.0,0.0,0.0,0.0,29.0,52.0
2022-01-29 08:00:00,2.7172694,5.29078,0.0,0.0,0.0,0.0,30.0,14.0
2022-01-29 09:00:00,3.6672695,41.48936,67.64,35.69601,31.943989,0.0,41.0,29.0
2022-01-29 10:00:00,5.83727,59.808514,214.48999,118.54936,95.94063,0.0,54.0,0.3
2022-01-29 11:00:00,6.54727,60.0,328.41,188.00732,140.40268,0.0,49.0,0.0
2022-01-29 12:00:00,9.697269,60.0,396.94,232.4034,164.5366,0.0,47.0,0.0
2022-01-29 13:00:00,7.4172697,0.0,359.56,213.90596,145.65404,0.0,42.0,100.0
2022-01-29 14:00:00,7.4972696,0.0,212.70999,127.88384,84.82615,0.0,45.0,100.0
2022-01-29 15:00:00,8.53727,0.0,180.67,117.39674,63.27325,0.0,45.0,100.0
2022-01-29 16:00:00,7.8872695,0.0,138.84,121.97647,16.863525,0.0,47.0,100.0
2022-01-29 17:00:00,7.7372694,0.0,54.29,33.220566,21.069433,0.0,51.0,100.0
2022-01-29 18:00:00,7.58727,0.0,2.67,0.8896971,1.780303,0.0,59.0,100.0
2022-01-29 19:00:00,7.7472696,0.0,0.0,0.0,0.0,0.0,63.0,100.0
2022-01-29 20:00:00,7.8272696,0.0,0.0,0.0,0.0,0.0,64.0,100.0
2022-01-29 21:00:00,7.5972695,0.0,0.0,0.0,0.0,0.0,68.0,14.0
2022-01-29 22:00:00,7.8972697,0.0,0.0,0.0,0.0,0.0,68.0,33.0
2022-01-29 23:00:00,8.727269,0.0,0.0,0.0,0.0,0.0,66.0,100.0
2022-01-30 00:00:00,8.50727,0.0,0.0,0.0,0.0,0.0,67.0,96.0
2022-01-30 01:00:00,8.66727,0.0,0.0,0.0,0.0,0.0,67.0,100.0
2022-01-30 02:00:00,8.37727,0.0,0.0,0.0,0.0,0.0,69.0,100.0
2022-01-30 03:00:00,7.9972696,0.0,0.0,0.0,0.0,0.0,71.0,100.0
2022-01-30 04:00:00,7.9972696,0.0,0.0,0.0,0.0,0.0,72.0,100.0
2022-01-30 05:00:00,7.52727,0.0,0.0,0.0,0.0,0.0,75.0,100.0
2022-01-30 06:00:00,6.9172697,0.0,0.0,0.0,0.0,0.0,77.0,100.0
2022-01-30 07:00:00,6.33727,0.0,0.0,0.0,0.0,0.0,78.0,100.0
2022-01-30 08:00:00,5.8772697,0.0,0.0,0.0,0.0,0.0,81.0,100.0
2022-01-30 09:00:00,5.6572695,0.0,28.48,16.05389,12.426109,0.0,82.0,100.0
2022-01-30 10:00:00,4.6772695,0.0,97.9,71.392746,26.507252,0.0,87.0,100.0
2022-01-30 11:00:00,3.7472694,0.0,147.73999,80.63456,67.10543,0.0,90.0,100.0
2022-01-30 12:00:00,3.0872693,0.0,141.51,38.142616,103.36738,0.0,90.0,100.0
2022-01-30 13:00:00,4.9272695,4.468085,203.81,101.05007,102.759926,0.0,82.0,87.0
2022-01-30 14:00:00,5.1272697,43.404255,356.88998,210.19597,146.69402,0.0,80.0,26.0
2022-01-30 15:00:00,4.7872696,21.063831,281.24,166.2521,114.987885,0.0,79.0,61.0
2022-01-30 16:00:00,4.3172693,38.93617,193.12999,108.32308,84.80691,0.0,78.0,33.0
2022-01-30 17:00:00,2.7972693,51.06383,125.49,67.43114,58.058857,0.0,84.0,14.0
2022-01-30 18:00:00,1.0272694,23.344683,8.9,4.6193657,4.280634,0.0,83.0,16.0
2022-01-30 19:00:00,1.3272694,0.0,0.0,0.0,0.0,0.0,60.0,1.0
2022-01-30 20:00:00,1.9072695,0.0,0.0,0.0,0.0,0.0,49.0,0.0
2022-01-30 21:00:00,1.9072695,0.0,0.0,0.0,0.0,0.0,46.0,0.0
2022-01-30 22:00:00,1.9472694,0.0,0.0,0.0,0.0,0.0,43.0,0.0
2022-01-30 23:00:00,1.8572695,0.0,0.0,0.0,0.0,0.0,42.0,20.0
2022-01-31 00:00:00,1.9872694,0.0,0.0,0.0,0.0,0.0,40.0,32.0
2022-01-31 01:00:00,1.6772695,0.0,0.0,0.0,0.0,0.0,43.0,100.0
2022-01-31 02:00:00,1.3472695,0.0,0.0,0.0,0.0,0.0,46.0,100.0
2022-01-31 03:00:00,1.1172695,0.0,0.0,0.0,0.0,0.0,48.0,100.0
2022-01-31 04:00:00,0.60726947,0.0,0.0,0.0,0.0,0.0,56.0,100.0
2022-01-31 05:00:00,1.0472695,0.0,0.0,0.0,0.0,0.0,77.0,100.0
2022-01-31 06:00:00,-0.09273052,0.0,0.0,0.0,0.0,0.0,80.0,4.0
2022-01-31 07:00:00,0.14726946,0.0,0.0,0.0,0.0,0.0,77.0,7.0
2022-01-31 08:00:00,1.3772695,6.2882977,0.0,0.0,0.0,0.0,74.0,25.0
2022-01-31 09:00:00,3.8872695,0.0,51.62,27.293425,24.326574,0.0,53.0,100.0
2022-01-31 10:00:00,4.6372695,0.0,149.52,83.25867,66.26134,0.0,55.0,100.0
2022-01-31 11:00:00,5.52727,0.0,258.99,150.01312,108.97686,0.0,59.0,100.0
2022-01-31 12:00:00,5.3772697,0.0,331.97,198.31822,133.65178,0.0,66.0,100.0
2022-01-31 13:00:00,4.83727,0.0,257.21,188.64992,68.560074,0.0,70.0,100.0
2022-01-31 14:00:00,3.7772694,0.0,141.51,31.32714,110.18285,0.42000002,80.0,100.0
2022-01-31 15:00:00,2.9772694,0.0,115.7,26.119308,89.58069,0.21000001,81.0,100.0
2022-01-31 16:00:00,3.3572693,28.723406,152.19,100.898544,51.291454,0.14,74.0,49.0
2022-01-31 17:00:00,2.1472695,30.0,132.61,71.36202,61.24798,0.0,78.0,47.0
2022-01-31 18:00:00,0.34726945,22.0922,10.68,5.5474257,5.1325746,0.0,84.0,24.0
2022-01-31 19:00:00,0.61726946,0.0,0.0,0.0,0.0,0.0,83.0,100.0
2022-01-31 20:00:00,0.68726945,0.0,0.0,0.0,0.0,0.0,85.0,100.0
2022-01-31 21:00:00,0.47726944,0.0,0.0,0.0,0.0,0.14,84.0,100.0
2022-01-31 22:00:00,0.24726945,0.0,0.0,0.0,0.0,0.07,84.0,100.0
2022-01-31 23:00:00,-0.08273053,0.0,0.0,0.0,0.0,0.07,86.0,100.0
2022-02-01 00:00:00,-0.26273054,0.0,0.0,0.0,0.0,0.07,88.0,100.0
2022-02-01 01:00:00,-0.35273057,0.0,0.0,0.0,0.0,0.14,88.0,100.0
2022-02-01 02:00:00,-0.35273057,0.0,0.0,0.0,0.0,0.07,87.0,100.0
2022-02-01 03:00:00,-0.36273056,0.0,0.0,0.0,0.0,0.14,88.0,100.0
2022-02-01 04:00:00,-0.39273053,0.0,0.0,0.0,0.0,0.48999998,90.0,100.0
2022-02-01 05:00:00,-0.35273057,0.0,0.0,0.0,0.0,0.56,90.0,100.0
2022-02-01 06:00:00,-0.28273052,0.0,0.0,0.0,0.0,0.35,90.0,100.0
2022-02-01 07:00:00,-0.26273054,0.0,0.0,0.0,0.0,0.14,90.0,100.0
2022-02-01 08:00:00,-0.23273057,0.0,0.0,0.0,0.0,0.14,90.0,100.0
2022-02-01 09:00:00,0.35726947,0.0,52.51,27.799097,24.710901,0.07,85.0,100.0
2022-02-01 10:00:00,0.87726945,0.0,142.4,84.28608,58.113914,0.0,80.0,100.0
2022-02-01 11:00:00,1.2972695,0.0,189.56999,149.0957,40.47428,0.0,80.0,100.0
2022-02-01 12:00:00,2.7172694,0.0,251.87,203.80884,48.061153,0.0,69.0,100.0
2022-02-01 13:00:00,4.4272695,14.680849,396.05,234.95161,161.09837,0.0,53.0,71.0
2022-02-01 14:00:00,5.0572696,51.70213,428.97998,253.36923,175.61075,0.0,48.0,13.0
2022-02-01 15:00:00,5.2472696,0.0,326.63,189.49559,137.13441,0.0,50.0,100.0
2022-02-01 16:00:00,4.4072695,0.0,176.22,108.0658,68.1542,0.0,56.0,100.0
2022-02-01 17:00:00,4.4372697,0.0,72.979996,40.144497,32.8355,0.0,62.0,100.0
2022-02-01 18:00:00,4.2972693,0.0,5.34,3.7552137,1.5847863,0.0,66.0,100.0
2022-02-01 19:00:00,4.7672696,0.0,0.0,0.0,0.0,0.0,66.0,100.0
2022-02-01 20:00:00,4.81727,0.0,0.0,0.0,0.0,0.0,69.0,100.0
2022-02-01 21:00:00,5.4372697,0.0,0.0,0.0,0.0,0.0,70.0,100.0
2022-02-01 22:00:00,5.4472694,0.0,0.0,0.0,0.0,0.0,71.0,100.0
2022-02-01 23:00:00,5.4172697,0.0,0.0,0.0,0.0,0.0,74.0,100.0
2022-02-02 00:00:00,4.9372697,0.0,0.0,0.0,0.0,0.0,77.0,71.0
2022-02-02 01:00:00,5.4172697,0.0,0.0,0.0,0.0,0.0,76.0,100.0
2022-02-02 02:00:00,5.4072695,0.0,0.0,0.0,0.0,0.0,77.0,100.0
2022-02-02 03:00:00,5.29727,0.0,0.0,0.0,0.0,0.0,78.0,100.0
2022-02-02 04:00:00,4.8272696,0.0,0.0,0.0,0.0,0.0,80.0,100.0
2022-02-02 05:00:00,4.52727,0.0,0.0,0.0,0.0,0.0,81.0,100.0
2022-02-02 06:00:00,4.4372697,0.0,0.0,0.0,0.0,0.0,82.0,100.0
2022-02-02 07:00:00,4.54727,0.0,0.0,0.0,0.0,0.0,83.0,100.0
2022-02-02 08:00:00,4.4072695,0.0,0.0,0.0,0.0,0.0,84.0,100.0
2022-02-02 09:00:00,4.2772694,0.0,14.24,3.4718056,10.768194,0.0,85.0,100.0
2022-02-02 10:00:00,4.54727,0.0,35.6,1.2257881,34.37421,0.0,84.0,100.0
2022-02-02 11:00:00,5.35727,0.0,94.34,14.1633,80.1767,0.0,80.0,100.0
2022-02-02 12:00:00,5.5572696,0.0,113.03,10.694733,102.335266,0.0,79.0,100.0
2022-02-02 13:00:00,7.9672694,0.0,234.95999,140.77026,94.18973,0.0,76.0,100.0
2022-02-02 14:00:00,8.58727,0.0,312.38998,206.96231,105.427666,0.0,75.0,100.0
2022-02-02 15:00:00,8.027269,0.0,274.12,172.04309,102.076904,0.0,77.0,100.0
2022-02-02 16:00:00,7.6372695,0.0,152.19,133.09879,19.091215,0.0,79.0,100.0
2022-02-02 17:00:00,7.3672695,0.0,52.51,39.266407,13.243591,0.0,81.0,100.0
2022-02-02 18:00:00,7.10727,0.0,4.45,1.9640927,2.485907,0.0,82.0,100.0
2022-02-02 19:00:00,7.2472696,0.0,0.0,0.0,0.0,0.0,80.0,100.0
2022-02-02 20:00:00,7.35727,0.0,0.0,0.0,0.0,0.0,78.0,100.0
2022-02-02 21:00:00,7.56727,0.0,0.0,0.0,0.0,0.0,74.0,100.0
2022-02-02 22:00:00,7.56727,0.0,0.0,0.0,0.0,0.0,74.0,100.0
2022-02-02 23:00:00,7.1772695,0.0,0.0,0.0,0.0,0.0,76.0,100.0
2022-02-03 00:00:00,6.5772696,0.0,0.0,0.0,0.0,0.0,80.0,100.0
2022-02-03 01:00:00,5.8972697,0.0,0.0,0.0,0.0,0.0,82.0,100.0
2022-02-03 02:00:00,5.4672694,0.0,0.0,0.0,0.0,0.0,82.0,100.0
2022-02-03 03:00:00,5.0772696,0.0,0.0,0.0,0.0,0.0,86.0,100.0
2022-02-03 04:00:00,4.0672693,0.0,0.0,0.0,0.0,0.0,84.0,11.0
2022-02-03 05:00:00,3.6072693,0.0,0.0,0.0,0.0,0.0,81.0,5.4
2022-02-03 06:00:00,3.4572694,0.0,0.0,0.0,0.0,0.0,76.0,17.0
2022-02-03 07:00:00,3.9972694,0.0,0.0,0.0,0.0,0.0,71.0,51.0
2022-02-03 08:00:00,4.4172697,4.2269506,0.0,0.0,0.0,0.0,68.0,62.0
2022-02-03 09:00:00,5.4272695,0.0,80.99,42.98469,38.005306,0.0,70.0,100.0
2022-02-03 10:00:00,6.8472695,0.0,223.39,124.24542,99.14458,0.0,70.0,100.0
2022-02-03 11:00:00,7.9672694,0.0,334.63998,192.81314,141.82684,0.0,68.0,100.0
2022-02-03 12:00:00,8.8672695,0.0,417.41,246.01172,171.39828,0.0,64.0,100.0
2022-02-03 13:00:00,9.477269,0.0,347.99,223.82161,124.16838,0.0,64.0,100.0
2022-02-03 14:00:00,9.567269,0.0,295.47998,204.17041,91.30956,0.0,63.0,100.0
2022-02-03 15:00:00,9.9072695,0.0,233.18,200.0849,33.095093,0.0,62.0,100.0
2022-02-03 16:00:00,9.84727,0.0,172.66,110.91098,61.749027,0.0,63.0,100.0
2022-02-03 17:00:00,9.277269,0.0,95.229996,51.472485,43.75751,0.0,67.0,100.0
2022-02-03 18:00:00,8.76727,0.0,12.46,6.486668,5.973332,0.0,65.0,100.0
2022-02-03 19:00:00,8.347269,0.0,0.0,0.0,0.0,0.0,65.0,100.0
2022-02-03 20:00:00,7.8472695,0.0,0.0,0.0,0.0,0.0,61.0,100.0
2022-02-03 21:00:00,7.52727,0.0,0.0,0.0,0.0,0.0,51.0,100.0
2022-02-03 22:00:00,7.3872695,0.0,0.0,0.0,0.0,0.0,40.0,46.0
2022-02-03 23:00:00,7.8672695,0.0,0.0,0.0,0.0,0.0,33.0,100.0
2022-02-04 00:00:00,7.83727,0.0,0.0,0.0,0.0,0.0,28.0,34.0
2022-02-04 01:00:00,6.75727,0.0,0.0,0.0,0.0,0.0,29.0,1.8000001
2022-02-04 02:00:00,6.2472696,0.0,0.0,0.0,0.0,0.0,31.0,0.0
2022-02-04 03:00:00,5.6672697,0.0,0.0,0.0,0.0,0.0,40.0,0.0
2022-02-04 04:00:00,4.56727,0.0,0.0,0.0,0.0,0.0,57.0,0.0
2022-02-04 05:00:00,4.54727,0.0,0.0,0.0,0.0,0.0,67.0,0.0
2022-02-04 06:00:00,4.7472696,0.0,0.0,0.0,0.0,0.0,71.0,6.0
2022-02-04 07:00:00,4.5772696,0.0,0.0,0.0,0.0,0.0,71.0,32.0
2022-02-04 08:00:00,3.7872694,13.683333,0.0,0.0,0.0,0.0,67.0,0.0
2022-02-04 09:00:00,4.81727,13.404254,88.11,46.8223,41.2877,0.0,65.0,73.0
2022-02-04 10:00:00,6.35727,60.0,226.06,125.891685,100.16831,0.0,67.0,0.0
2022-02-04 11:00:00,7.1972694,60.0,339.09,195.63329,143.45671,0.0,65.0,0.0
2022-02-04 12:00:00,7.5372696,60.0,418.3,246.86652,171.43347,0.0,64.0,0.0
2022-02-04 13:00:00,7.1472697,60.0,453.00998,269.85114,183.15886,0.0,60.0,0.0
2022-02-04 14:00:00,6.8872695,60.0,438.77,260.24283,178.52716,0.0,60.0,0.0
2022-02-04 15:00:00,6.9172697,60.0,377.36,219.86565,157.49434,0.0,62.0,0.0
2022-02-04 16:00:00,6.8972697,60.0,273.22998,154.36609,118.8639,0.0,68.0,0.0
2022-02-04 17:00:00,5.85727,58.085106,142.4,77.081436,65.31856,0.0,75.0,3.0
2022-02-04 18:00:00,4.8772697,20.537233,16.02,8.346343,7.6736574,0.0,74.0,40.0
2022-02-04 19:00:00,5.29727,0.0,0.0,0.0,0.0,0.0,68.0,100.0
2022-02-04 20:00:00,6.0572696,0.0,0.0,0.0,0.0,0.0,68.0,100.0
2022-02-04 21:00:00,5.5772696,0.0,0.0,0.0,0.0,0.0,74.0,21.0
2022-02-04 22:00:00,7.1272697,0.0,0.0,0.0,0.0,0.0,68.0,100.0
2022-02-04 23:00:00,7.4372697,0.0,0.0,0.0,0.0,0.0,68.0,100.0
2022-02-05 00:00:00,7.1472697,0.0,0.0,0.0,0.0,0.0,71.0,100.0
2022-02-05 01:00:00,5.4872694,0.0,0.0,0.0,0.0,0.0,85.0,100.0
2022-02-05 02:00:00,2.0272694,0.0,0.0,0.0,0.0,0.35,81.0,100.0
2022-02-05 03:00:00,1.4572694,0.0,0.0,0.0,0.0,0.0,86.0,100.0
2022-02-05 04:00:00,-0.6527305,0.0,0.0,0.0,0.0,0.42000002,94.0,100.0
2022-02-05 05:00:00,-0.40273052,0.0,0.0,0.0,0.0,0.48999998,94.0,100.0
2022-02-05 06:00:00,-0.5527305,0.0,0.0,0.0,0.0,0.21000001,94.0,100.0
2022-02-05 07:00:00,-0.7727305,0.0,0.0,0.0,0.0,0.07,96.0,100.0
2022-02-05 08:00:00,-1.0527306,0.0,0.0,0.0,0.0,0.0,96.0,100.0
2022-02-05 09:00:00,-0.45273054,0.0,78.32,41.67789,36.64211,0.0,88.0,100.0
2022-02-05 10:00:00,0.19726944,60.0,235.84999,131.52992,104.32007,0.0,83.0,0.0
2022-02-05 11:00:00,1.1672695,60.0,354.22,204.65657,149.56343,0.0,77.0,0.0
2022-02-05 12:00:00,2.8972695,60.0,434.32,256.6953,177.62471,0.0,67.0,0.0
2022-02-05 13:00:00,3.7272694,60.0,469.03,279.80725,189.22276,0.0,68.0,0.0
2022-02-05 14:00:00,4.3872695,60.0,453.9,269.61816,184.28183,0.0,65.0,0.0
2022-02-05 15:00:00,4.1672697,60.0,390.71,227.98584,162.72415,0.0,63.0,0.0
2022-02-05 16:00:00,4.2472696,60.0,285.69,161.6495,124.040504,0.0,62.0,0.0
2022-02-05 17:00:00,3.3972695,60.0,149.52,81.05838,68.461624,0.0,71.0,0.0
2022-02-05 18:00:00,3.1072693,37.3,17.8,9.280965,8.519034,0.0,66.0,0.0
2022-02-05 19:00:00,3.1372695,0.0,0.0,0.0,0.0,0.0,65.0,0.0
2022-02-05 20:00:00,2.9672694,0.0,0.0,0.0,0.0,0.0,64.0,0.0
2022-02-05 21:00:00,2.8672693,0.0,0.0,0.0,0.0,0.0,60.0,0.0
2022-02-05 22:00:00,2.4872694,0.0,0.0,0.0,0.0,0.0,53.0,0.3
2022-02-05 23:00:00,2.2072694,0.0,0.0,0.0,0.0,0.0,56.0,0.6
2022-02-06 00:00:00,2.0672696,0.0,0.0,0.0,0.0,0.0,53.0,1.2
2022-02-06 01:00:00,1.5272694,0.0,0.0,0.0,0.0,0.0,58.0,0.3
2022-02-06 02:00:00,1.1772695,0.0,0.0,0.0,0.0,0.0,63.0,3.0
2022-02-06 03:00:00,1.1472695,0.0,0.0,0.0,0.0,0.0,59.0,4.5
2022-02-06 04:00:00,0.66726947,0.0,0.0,0.0,0.0,0.0,57.0,2.4
2022-02-06 05:00:00,0.12726945,0.0,0.0,0.0,0.0,0.0,63.0,93.0
2022-02-06 06:00:00,0.8472694,0.0,0.0,0.0,0.0,0.0,64.0,100.0
2022-02-06 07:00:00,1.2772694,0.0,0.0,0.0,0.0,0.0,64.0,100.0
2022-02-06 08:00:00,1.2872695,0.0,0.89,0.13113678,0.7588632,0.0,63.0,100.0
2022-02-06 09:00:00,3.5072694,0.0,83.659996,44.582806,39.07719,0.0,61.0,100.0
2022-02-06 10:00:00,7.00727,0.0,211.81999,118.29807,93.52192,0.0,49.0,100.0
2022-02-06 11:00:00,7.4772696,0.0,330.19,191.0488,139.1412,0.0,44.0,100.0
2022-02-06 12:00:00,7.08727,0.0,285.69,251.98122,33.708786,0.0,47.0,100.0
2022-02-06 13:00:00,7.9972696,0.0,375.58,236.23941,139.34058,0.0,44.0,100.0
2022-02-06 14:00:00,7.81727,0.0,250.09,163.60527,86.484726,0.0,48.0,100.0
2022-02-06 15:00:00,7.85727,0.0,132.61,33.090088,99.51991,0.0,47.0,100.0
2022-02-06 16:00:00,8.99727,0.0,113.92,51.84758,62.07242,0.0,40.0,100.0
2022-02-06 17:00:00,8.32727,0.0,92.56,50.696125,41.863873,0.0,44.0,100.0
2022-02-06 18:00:00,7.3272696,0.0,15.13,7.8949847,7.2350154,0.0,54.0,100.0
2022-02-06 19:00:00,6.4172697,0.0,0.0,0.0,0.0,0.0,65.0,100.0
2022-02-06 20:00:00,6.6872697,0.0,0.0,0.0,0.0,0.0,64.0,100.0
2022-02-06 21:00:00,6.81727,0.0,0.0,0.0,0.0,0.0,64.0,100.0
2022-02-06 22:00:00,6.6872697,0.0,0.0,0.0,0.0,0.0,66.0,100.0
2022-02-06 23:00:00,6.4172697,0.0,0.0,0.0,0.0,0.0,69.0,10.0
2022-02-07 00:00:00,6.33727,0.0,0.0,0.0,0.0,0.0,70.0,11.0
2022-02-07 01:00:00,6.6672697,0.0,0.0,0.0,0.0,0.0,71.0,100.0
2022-02-07 02:00:00,6.50727,0.0,0.0,0.0,0.0,0.0,73.0,100.0
2022-02-07 03:00:00,5.9072695,0.0,0.0,0.0,0.0,0.0,79.0,100.0
2022-02-07 04:00:00,4.7172694,0.0,0.0,0.0,0.0,0.0,87.0,100.0
2022-02-07 05:00:00,3.7472694,0.0,0.0,0.0,0.0,0.14,79.0,100.0
2022-02-07 06:00:00,2.6172693,0.0,0.0,0.0,0.0,0.07,82.0,100.0
2022-02-07 07:00:00,1.6972694,0.0,0.0,0.0,0.0,0.0,80.0,100.0
2022-02-07 08:00:00,1.2772694,0.0,0.89,0.042307615,0.8476924,0.0,81.0,100.0
2022-02-07 09:00:00,1.5572693,10.212765,85.44,45.595913,39.84409,0.0,79.0,78.0
2022-02-07 10:00:00,1.8272696,35.744682,153.08,96.20386,56.87614,0.0,72.0,38.0
2022-02-07 11:00:00,2.5072694,43.404255,240.3,160.44765,79.852356,0.0,66.0,26.0
2022-02-07 12:00:00,3.2072694,25.531916,264.33,201.57478,62.7552,0.0,63.0,54.0
2022-02-07 13:00:00,4.7672696,52.97872,386.25998,240.6098,145.65018,0.0,57.0,11.0
2022-02-07 14:00:00,5.33727,53.61702,350.66,226.61728,124.042725,0.0,54.0,10.0
2022-02-07 15:00:00,5.8872695,53.61702,266.11,180.18315,85.926834,0.0,51.0,10.0
2022-02-07 16:00:00,5.6672697,60.0,283.02,160.6207,122.3993,0.0,51.0,0.0
2022-02-07 17:00:00,3.6072693,60.0,154.86,84.20745,70.65255,0.0,64.0,0.0
2022-02-07 18:00:00,1.3572695,40.383335,22.25,11.619338,10.630662,0.0,70.0,0.0
2022-02-07 19:00:00,1.1872694,0.0,0.0,0.0,0.0,0.0,61.0,0.0
2022-02-07 20:00:00,1.0572695,0.0,0.0,0.0,0.0,0.0,57.0,0.0
2022-02-07 21:00:00,1.0772694,0.0,0.0,0.0,0.0,0.0,50.0,0.0
2022-02-07 22:00:00,1.1172695,0.0,0.0,0.0,0.0,0.0,41.0,0.0
2022-02-07 23:00:00,0.66726947,0.0,0.0,0.0,0.0,0.0,39.0,0.0
2022-02-08 00:00:00,0.23726946,0.0,0.0,0.0,0.0,0.0,41.0,0.0
2022-02-08 01:00:00,-0.17273057,0.0,0.0,0.0,0.0,0.0,40.0,0.0
2022-02-08 02:00:00,0.107269466,0.0,0.0,0.0,0.0,0.0,37.0,0.0
2022-02-08 03:00:00,0.13726944,0.0,0.0,0.0,0.0,0.0,35.0,0.0
2022-02-08 04:00:00,0.26726943,0.0,0.0,0.0,0.0,0.0,31.0,0.0
2022-02-08 05:00:00,0.34726945,0.0,0.0,0.0,0.0,0.0,28.0,0.0
2022-02-08 06:00:00,0.49726945,0.0,0.0,0.0,0.0,0.0,25.0,0.0
2022-02-08 07:00:00,0.69726944,0.0,0.0,0.0,0.0,0.0,24.0,0.0
2022-02-08 08:00:00,0.79726946,19.383333,1.78,0.7174548,1.0625452,0.0,26.0,0.0
2022-02-08 09:00:00,2.0972695,60.0,103.24,55.172966,48.06703,0.0,31.0,0.0
2022-02-08 10:00:00,3.2972693,60.0,251.87,141.06696,110.80304,0.0,30.0,0.0
2022-02-08 11:00:00,4.3672695,60.0,372.02,215.87135,156.14864,0.0,30.0,0.0
2022-02-08 12:00:00,5.33727,60.0,452.12,268.38263,183.73735,0.0,33.0,0.0
2022-02-08 13:00:00,7.1272697,0.0,442.33,265.04144,177.28853,0.0,33.0,100.0
2022-02-08 14:00:00,7.4872694,60.0,431.65,257.5407,174.10927,0.0,37.0,0.0
2022-02-08 15:00:00,7.2072697,60.0,402.28,235.7883,166.4917,0.0,43.0,0.0
2022-02-08 16:00:00,6.8772697,60.0,298.15,169.46053,128.68947,0.0,52.0,0.0
2022-02-08 17:00:00,5.6672697,60.0,162.87,88.69645,74.173546,0.0,60.0,0.0
2022-02-08 18:00:00,5.1772695,41.916668,24.029999,12.558675,11.471324,0.0,58.0,0.0
2022-02-08 19:00:00,5.2872696,0.0,0.0,0.0,0.0,0.0,53.0,0.0
2022-02-08 20:00:00,5.1772695,0.0,0.0,0.0,0.0,0.0,47.0,0.0
2022-02-08 21:00:00,4.8072696,0.0,0.0,0.0,0.0,0.0,43.0,0.0
2022-02-08 22:00:00,4.83727,0.0,0.0,0.0,0.0,0.0,41.0,0.0
2022-02-08 23:00:00,4.6672697,0.0,0.0,0.0,0.0,0.0,43.0,0.0
2022-02-09 00:00:00,4.3472695,0.0,0.0,0.0,0.0,0.0,47.0,0.0
2022-02-09 01:00:00,4.54727,0.0,0.0,0.0,0.0,0.0,47.0,0.0
2022-02-09 02:00:00,4.4872694,0.0,0.0,0.0,0.0,0.0,46.0,0.0
2022-02-09 03:00:00,4.4372697,0.0,0.0,0.0,0.0,0.0,43.0,0.0
2022-02-09 04:00:00,3.9472694,0.0,0.0,0.0,0.0,0.0,42.0,0.0
2022-02-09 05:00:00,3.7072694,0.0,0.0,0.0,0.0,0.0,41.0,0.0
2022-02-09 06:00:00,3.7072694,0.0,0.0,0.0,0.0,0.0,39.0,0.0
2022-02-09 07:00:00,3.4172695,0.0,0.0,0.0,0.0,0.0,39.0,0.0
2022-02-09 08:00:00,3.5372694,20.8,2.67,1.7535738,0.9164263,0.0,39.0,0.0
2022-02-09 09:00:00,4.7372694,60.0,105.909996,56.679703,49.230293,0.0,45.0,0.0
2022-02-09 10:00:00,6.31727,60.0,254.54,142.76474,111.77525,0.0,48.0,0.0
2022-02-09 11:00:00,7.3672695,60.0,375.58,218.24875,157.33124,0.0,49.0,0.0
2022-02-09 12:00:00,8.177269,60.0,457.46,271.94397,185.51602,0.0,47.0,0.0
2022-02-09 13:00:00,9.30727,60.0,488.61,293.19775,195.41223,0.0,54.0,0.0
2022-02-09 14:00:00,9.92727,60.0,474.37,283.44525,190.92473,0.0,50.0,0.0
2022-02-09 15:00:00,10.25727,60.0,412.07,241.88506,170.18495,0.0,48.0,0.0
2022-02-09 16:00:00,9.977269,60.0,307.05,174.78046,132.26953,0.0,52.0,0.0
2022-02-09 17:00:00,8.67727,60.0,169.98999,92.71366,77.27633,0.0,57.0,0.0
2022-02-09 18:00:00,8.387269,43.45,27.59,14.430517,13.159483,0.0,52.0,0.0
2022-02-09 19:00:00,7.81727,0.0,0.0,0.0,0.0,0.0,46.0,0.0
2022-02-09 20:00:00,6.9272695,0.0,0.0,0.0,0.0,0.0,40.0,0.0
2022-02-09 21:00:00,6.8072696,0.0,0.0,0.0,0.0,0.0,33.0,0.0
2022-02-09 22:00:00,7.1872697,0.0,0.0,0.0,0.0,0.0,26.0,0.0
2022-02-09 23:00:00,7.2472696,0.0,0.0,0.0,0.0,0.0,23.0,3.6000001
2022-02-10 00:00:00,6.9372697,0.0,0.0,0.0,0.0,0.0,22.0,4.2000003
2022-02-10 01:00:00,6.1472697,0.0,0.0,0.0,0.0,0.0,24.0,4.8
2022-02-10 02:00:00,5.75727,0.0,0.0,0.0,0.0,0.0,26.0,5.1000004
2022-02-10 03:00:00,5.3272696,0.0,0.0,0.0,0.0,0.0,28.0,5.1000004
2022-02-10 04:00:00,4.7072697,0.0,0.0,0.0,0.0,0.0,32.0,4.8
2022-02-10 05:00:00,4.2872696,0.0,0.0,0.0,0.0,0.0,35.0,3.6000001
2022-02-10 06:00:00,3.8972695,0.0,0.0,0.0,0.0,0.0,39.0,0.6
2022-02-10 07:00:00,3.6072693,0.0,0.0,0.0,0.0,0.0,40.0,0.3
2022-02-10 08:00:00,4.4072695,22.333334,3.56,2.9802616,0.57973844,0.0,34.0,0.0
2022-02-10 09:00:00,5.5972695,60.0,109.47,58.674633,50.79537,0.0,36.0,0.0
2022-02-10 10:00:00,7.1272697,52.97872,261.66,146.98346,114.676544,0.0,41.0,11.0
2022-02-10 11:00:00,8.33727,17.234043,379.13998,220.65634,158.48364,0.0,36.0,67.0
2022-02-10 12:00:00,9.25727,58.723404,457.46,272.36298,185.09702,0.0,35.0,2.0
2022-02-10 13:00:00,11.20727,60.0,485.05,291.51056,193.53941,0.0,39.0,0.0
2022-02-10 14:00:00,11.71727,60.0,469.03,280.68634,188.34366,0.0,45.0,0.0
2022-02-10 15:00:00,11.987269,60.0,404.94998,238.07162,166.87836,0.0,51.0,0.0
2022-02-10 16:00:00,11.1172695,60.0,300.82,171.49785,129.32216,0.0,56.0,0.0
2022-02-10 17:00:00,8.91727,60.0,168.20999,91.88417,76.32582,0.0,67.0,0.0
2022-02-10 18:00:00,6.4872694,45.0,28.48,14.907895,13.572104,0.0,65.0,0.0
2022-02-10 19:00:00,6.6672697,0.0,0.0,0.0,0.0,0.0,59.0,0.0
2022-02-10 20:00:00,7.08727,0.0,0.0,0.0,0.0,0.0,59.0,0.0
2022-02-10 21:00:00,7.3772697,0.0,0.0,0.0,0.0,0.0,58.0,67.0
2022-02-10 22:00:00,6.9472694,0.0,0.0,0.0,0.0,0.0,62.0,100.0
2022-02-10 23:00:00,7.9972696,0.0,0.0,0.0,0.0,0.0,63.0,100.0
2022-02-11 00:00:00,7.7872696,0.0,0.0,0.0,0.0,0.0,71.0,100.0
2022-02-11 01:00:00,7.2272696,0.0,0.0,0.0,0.0,0.0,70.0,60.0
2022-02-11 02:00:00,5.77727,0.0,0.0,0.0,0.0,0.0,75.0,100.0
2022-02-11 03:00:00,6.2372694,0.0,0.0,0.0,0.0,0.0,72.0,100.0
2022-02-11 04:00:00,5.6472697,0.0,0.0,0.0,0.0,0.0,82.0,100.0
2022-02-11 05:00:00,5.2872696,0.0,0.0,0.0,0.0,0.0,88.0,100.0
2022-02-11 06:00:00,4.0772696,0.0,0.0,0.0,0.0,0.0,95.0,100.0
2022-02-11 07:00:00,3.2272694,0.0,0.0,0.0,0.0,0.0,93.0,100.0
2022-02-11 08:00:00,2.0272694,0.0,0.0,0.0,0.0,1.12,91.0,100.0
2022-02-11 09:00:00,1.2272694,0.0,13.349999,0.40848827,12.941511,1.4,94.0,100.0
2022-02-11 10:00:00,1.1172695,0.0,37.38,0.93483734,36.445164,1.26,95.0,100.0
2022-02-11 11:00:00,1.2172694,0.0,72.09,2.4320526,69.65794,0.7,92.0,100.0
2022-02-11 12:00:00,3.7672694,0.0,247.42,152.9793,94.440704,0.14,72.0,99.0
2022-02-11 13:00:00,3.3172693,60.0,499.28998,300.52942,198.76054,0.0,73.0,0.0
2022-02-11 14:00:00,2.8272693,60.0,486.83,291.7854,195.04459,0.0,72.0,0.0
2022-02-11 15:00:00,2.6672695,60.0,424.53,249.96547,174.56453,0.0,70.0,0.0
2022-02-11 16:00:00,2.0372694,60.0,317.72998,181.4161,136.31387,0.0,70.0,0.0
2022-02-11 17:00:00,1.1072695,53.61702,180.67,98.842026,81.82797,0.0,77.0,10.0
2022-02-11 18:00:00,1.0172694,41.597874,19.58,10.257341,9.322659,0.0,75.0,10.0
2022-02-11 19:00:00,-0.03273052,0.0,0.0,0.0,0.0,0.0,72.0,0.0
2022-02-11 20:00:00,-0.24273056,0.0,0.0,0.0,0.0,0.0,70.0,8.0
2022-02-11 21:00:00,0.7772695,0.0,0.0,0.0,0.0,0.0,69.0,76.0
2022-02-11 22:00:00,0.107269466,0.0,0.0,0.0,0.0,0.0,62.0,77.0
2022-02-11 23:00:00,-1.7027307,0.0,0.0,0.0,0.0,0.0,67.0,0.0
2022-02-12 00:00:00,-1.7327306,0.0,0.0,0.0,0.0,0.0,66.0,0.0
2022-02-12 01:00:00,-2.0127306,0.0,0.0,0.0,0.0,0.0,67.0,0.0
2022-02-12 02:00:00,-2.0927305,0.0,0.0,0.0,0.0,0.0,63.0,0.0
2022-02-12 03:00:00,-1.6627307,0.0,0.0,0.0,0.0,0.0,54.0,0.0
2022-02-12 04:00:00,-1.3227305,0.0,0.0,0.0,0.0,0.0,49.0,0.0
2022-02-12 05:00:00,-1.8227305,0.0,0.0,0.0,0.0,0.0,53.0,0.0
2022-02-12 06:00:00,-2.9327307,0.0,0.0,0.0,0.0,0.0,66.0,0.0
2022-02-12 07:00:00,-3.3327305,0.0,0.0,0.0,0.0,0.0,73.0,0.0
2022-02-12 08:00:00,-3.1427307,25.45,6.23,3.2869487,2.9430513,0.0,73.0,0.0
2022-02-12 09:00:00,-1.1827304,60.0,127.27,68.426956,58.84304,0.0,68.0,0.0
2022-02-12 10:00:00,1.1472695,60.0,283.02,159.47353,123.54646,0.0,57.0,0.0
2022-02-12 11:00:00,4.4072695,60.0,405.84,236.92317,168.91682,0.0,51.0,0.0
2022-02-12 12:00:00,6.10727,60.0,486.83,290.73975,196.09023,0.0,48.0,0.0
2022-02-12 13:00:00,3.6772695,60.0,521.54,314.40173,207.13823,0.0,42.0,0.0
2022-02-12 14:00:00,4.85727,57.70213,504.63,302.9157,201.71428,0.0,47.0,3.6000001
2022-02-12 15:00:00,5.2872696,56.93617,440.55,259.7941,180.75589,0.0,52.0,4.8
2022-02-12 16:00:00,5.0772696,57.510635,332.86,190.34541,142.51457,0.0,58.0,3.9
2022-02-12 17:00:00,3.4572694,56.361702,194.91,106.795876,88.11413,0.0,75.0,5.7000003
2022-02-12 18:00:00,2.7072694,38.87589,40.05,20.997614,19.052385,0.0,71.0,18.0
2022-02-12 19:00:00,3.2972693,0.0,0.0,0.0,0.0,0.0,53.0,36.0
2022-02-12 20:00:00,3.4272695,0.0,0.0,0.0,0.0,0.0,30.0,83.0
2022-02-12 21:00:00,3.5172694,0.0,0.0,0.0,0.0,0.0,25.0,90.0
2022-02-12 22:00:00,3.5672693,0.0,0.0,0.0,0.0,0.0,25.0,100.0
2022-02-12 23:00:00,3.4472694,0.0,0.0,0.0,0.0,0.0,27.0,100.0
2022-02-13 00:00:00,3.5172694,0.0,0.0,0.0,0.0,0.0,30.0,100.0
2022-02-13 01:00:00,3.5372694,0.0,0.0,0.0,0.0,0.0,33.0,100.0
2022-02-13 02:00:00,3.3272693,0.0,0.0,0.0,0.0,0.0,34.0,81.0
2022-02-13 03:00:00,3.0872693,0.0,0.0,0.0,0.0,0.0,33.0,42.0
2022-02-13 04:00:00,3.0172694,0.0,0.0,0.0,0.0,0.0,31.0,30.0
2022-02-13 05:00:00,3.0072694,0.0,0.0,0.0,0.0,0.0,30.0,20.0
2022-02-13 06:00:00,2.7272694,0.0,0.0,0.0,0.0,0.0,31.0,0.0
2022-02-13 07:00:00,2.7772694,0.0,0.0,0.0,0.0,0.0,31.0,30.0
2022-02-13 08:00:00,2.7972693,27.0,8.01,4.15788,3.8521206,0.0,34.0,0.0
2022-02-13 09:00:00,3.8372693,60.0,124.6,67.094925,57.50507,0.0,38.0,0.0
2022-02-13 10:00:00,4.6272697,60.0,275.9,155.7005,120.19949,0.0,45.0,0.0
2022-02-13 11:00:00,5.4472694,60.0,396.94,232.08192,164.85808,0.0,42.0,0.0
2022-02-13 12:00:00,6.4472694,60.0,477.03998,285.32733,191.71265,0.0,43.0,0.0
2022-02-13 13:00:00,6.4872694,60.0,518.87,313.26794,205.60204,0.0,41.0,0.0
2022-02-13 14:00:00,6.4872694,60.0,501.06998,301.23572,199.83424,0.0,47.0,0.0
2022-02-13 15:00:00,6.4172697,60.0,434.32,256.50955,177.81046,0.0,52.0,0.0
2022-02-13 16:00:00,5.4972696,60.0,325.74,186.55748,139.18251,0.0,62.0,0.0
2022-02-13 17:00:00,3.5872693,60.0,187.79,103.05181,84.73818,0.0,66.0,0.0
2022-02-13 18:00:00,2.1372695,49.6,38.27,20.080326,18.189674,0.0,63.0,0.0
2022-02-13 19:00:00,2.9372694,0.0,0.0,0.0,0.0,0.0,48.0,0.0
2022-02-13 20:00:00,2.0672696,0.0,0.0,0.0,0.0,0.0,39.0,0.0
2022-02-13 21:00:00,1.7672694,0.0,0.0,0.0,0.0,0.0,38.0,0.0
2022-02-13 22:00:00,0.63726944,0.0,0.0,0.0,0.0,0.0,43.0,0.0
2022-02-13 23:00:00,0.75726944,0.0,0.0,0.0,0.0,0.0,43.0,0.0
2022-02-14 00:00:00,1.2072694,0.0,0.0,0.0,0.0,0.0,39.0,0.0
2022-02-14 01:00:00,0.98726946,0.0,0.0,0.0,0.0,0.0,41.0,0.0
2022-02-14 02:00:00,1.6772695,0.0,0.0,0.0,0.0,0.0,35.0,0.0
2022-02-14 03:00:00,2.2272694,0.0,0.0,0.0,0.0,0.0,34.0,0.0
2022-02-14 04:00:00,1.5072694,0.0,0.0,0.0,0.0,0.0,37.0,0.0
2022-02-14 05:00:00,1.5572693,0.0,0.0,0.0,0.0,0.0,35.0,3.0
2022-02-14 06:00:00,2.5672693,0.0,0.0,0.0,0.0,0.0,31.0,0.0
2022-02-14 07:00:00,2.6172693,0.0,0.0,0.0,0.0,0.0,33.0,0.0
2022-02-14 08:00:00,2.3472695,13.96312,8.01,4.161154,3.8488467,0.0,41.0,48.0
2022-02-14 09:00:00,3.6072693,16.595745,131.72,71.03823,60.68177,0.0,46.0,68.0
2022-02-14 10:00:00,5.0372696,28.085108,280.35,158.45404,121.89596,0.0,55.0,50.0
2022-02-14 11:00:00,6.8072696,26.80851,397.83,232.95657,164.87341,0.0,49.0,52.0
2022-02-14 12:00:00,7.50727,10.851063,469.03,280.9621,188.06792,0.0,52.0,77.0
2022-02-14 13:00:00,7.35727,13.404254,487.72,294.90686,192.81314,0.0,45.0,73.0
2022-02-14 14:00:00,7.3772697,0.0,476.15,286.688,189.46202,0.0,47.0,100.0
2022-02-14 15:00:00,6.5372696,0.0,267.88998,216.95235,50.937637,0.0,52.0,100.0
2022-02-14 16:00:00,6.2172694,0.0,131.72,56.94281,74.77719,0.0,60.0,100.0
2022-02-14 17:00:00,4.9972696,0.0,50.73,13.551823,37.178177,0.0,74.0,100.0
2022-02-14 18:00:00,4.0172696,0.0,8.9,2.8790274,6.0209723,0.0,79.0,100.0
2022-02-14 19:00:00,3.3172693,0.0,0.0,0.0,0.0,0.0,82.0,100.0
2022-02-14 20:00:00,2.2072694,0.0,0.0,0.0,0.0,0.0,85.0,100.0
2022-02-14 21:00:00,1.7772694,0.0,0.0,0.0,0.0,0.0,90.0,100.0
2022-02-14 22:00:00,1.9172695,0.0,0.0,0.0,0.0,0.0,92.0,100.0
2022-02-14 23:00:00,1.6072695,0.0,0.0,0.0,0.0,0.0,93.0,100.0
2022-02-15 00:00:00,1.3972695,0.0,0.0,0.0,0.0,0.0,94.0,100.0
2022-02-15 01:00:00,1.5772696,0.0,0.0,0.0,0.0,0.0,94.0,100.0
2022-02-15 02:00:00,1.6172695,0.0,0.0,0.0,0.0,0.0,95.0,100.0
2022-02-15 03:00:00,1.9572694,0.0,0.0,0.0,0.0,0.0,94.0,100.0
2022-02-15 04:00:00,2.0072694,0.0,0.0,0.0,0.0,0.0,94.0,100.0
2022-02-15 05:00:00,1.8172696,0.0,0.0,0.0,0.0,0.0,94.0,100.0
2022-02-15 06:00:00,1.6772695,0.0,0.0,0.0,0.0,0.0,94.0,100.0
2022-02-15 07:00:00,1.6872694,0.0,0.0,0.0,0.0,0.0,95.0,100.0
2022-02-15 08:00:00,2.5872693,0.0,7.12,4.3008804,2.8191192,0.0,90.0,100.0
2022-02-15 09:00:00,3.7172694,0.0,90.78,49.039547,41.74045,0.0,85.0,100.0
2022-02-15 10:00:00,4.9172697,0.0,185.12,117.67315,67.446846,0.0,80.0,100.0
2022-02-15 11:00:00,6.29727,0.0,290.13998,188.91995,101.22004,0.0,74.0,100.0
2022-02-15 12:00:00,6.58727,0.0,374.69,242.81422,131.87578,0.0,73.0,100.0
2022-02-15 13:00:00,6.8472695,23.617023,304.38,211.0346,93.345406,0.0,68.0,57.0
2022-02-15 14:00:00,6.9872694,14.042552,236.73999,110.446175,126.293816,0.0,69.0,72.0
2022-02-15 15:00:00,5.56727,40.851067,270.56,217.19351,53.366493,0.0,73.0,30.0
2022-02-15 16:00:00,5.9772696,52.340427,133.5,56.89073,76.60927,0.0,71.0,12.0
2022-02-15 17:00:00,5.79727,48.51064,196.69,108.26862,88.42138,0.0,71.0,18.0
2022-02-15 18:00:00,3.8072693,50.985817,46.28,24.322147,21.957851,0.0,76.0,3.0
2022-02-15 19:00:00,2.9472694,0.0,0.0,0.0,0.0,0.0,78.0,0.0
2022-02-15 20:00:00,1.8372695,0.0,0.0,0.0,0.0,0.0,76.0,0.0
2022-02-15 21:00:00,0.92726946,0.0,0.0,0.0,0.0,0.0,68.0,0.6
2022-02-15 22:00:00,0.66726947,0.0,0.0,0.0,0.0,0.0,57.0,4.0
2022-02-15 23:00:00,0.93726945,0.0,0.0,0.0,0.0,0.0,52.0,100.0
2022-02-16 00:00:00,2.7072694,0.0,0.0,0.0,0.0,0.0,59.0,100.0
2022-02-16 01:00:00,3.5072694,0.0,0.0,0.0,0.0,0.0,57.0,100.0
2022-02-16 02:00:00,4.2972693,0.0,0.0,0.0,0.0,0.0,55.0,100.0
2022-02-16 03:00:00,4.54727,0.0,0.0,0.0,0.0,0.0,58.0,100.0
2022-02-16 04:00:00,4.1972694,0.0,0.0,0.0,0.0,0.0,62.0,100.0
2022-02-16 05:00:00,4.6172695,0.0,0.0,0.0,0.0,0.0,66.0,100.0
2022-02-16 06:00:00,5.3472695,0.0,0.0,0.0,0.0,0.0,69.0,100.0
2022-02-16 07:00:00,6.29727,0.0,0.0,0.0,0.0,0.0,66.0,100.0
2022-02-16 08:00:00,7.1372695,0.0,8.01,4.773212,3.2367883,0.0,65.0,100.0
2022-02-16 09:00:00,8.197269,0.0,79.21,45.219254,33.990746,0.0,64.0,100.0
2022-02-16 10:00:00,8.99727,0.0,137.06,86.63916,50.42084,0.0,64.0,100.0
2022-02-16 11:00:00,8.987269,0.0,107.689995,8.8581085,98.83189,0.0,67.0,100.0
2022-02-16 12:00:00,9.187269,0.0,105.909996,4.0192413,101.890755,0.0,67.0,100.0
2022-02-16 13:00:00,9.83727,0.0,107.689995,3.6333694,104.056625,0.0,69.0,100.0
2022-02-16 14:00:00,9.8672695,0.0,83.659996,1.858139,81.80186,0.0,69.0,100.0
2022-02-16 15:00:00,10.34727,0.0,83.659996,2.6140594,81.04594,0.0,68.0,100.0
2022-02-16 16:00:00,11.03727,0.0,66.75,2.5968475,64.15315,0.0,65.0,100.0
2022-02-16 17:00:00,11.63727,0.0,69.42,32.070343,37.349655,0.0,63.0,100.0
2022-02-16 18:00:00,11.16727,0.0,24.92,13.107095,11.812905,0.0,65.0,100.0
2022-02-16 19:00:00,11.28727,0.0,0.0,0.0,0.0,0.0,63.0,58.0
2022-02-16 20:00:00,11.87727,0.0,0.0,0.0,0.0,0.0,62.0,49.0
2022-02-16 21:00:00,11.91727,0.0,0.0,0.0,0.0,0.0,62.0,70.0
2022-02-16 22:00:00,12.24727,0.0,0.0,0.0,0.0,0.0,63.0,100.0
2022-02-16 23:00:00,12.08727,0.0,0.0,0.0,0.0,0.0,64.0,100.0
2022-02-17 00:00:00,11.777269,0.0,0.0,0.0,0.0,0.0,65.0,44.0
2022-02-17 01:00:00,11.977269,0.0,0.0,0.0,0.0,0.0,65.0,94.0
2022-02-17 02:00:00,11.83727,0.0,0.0,0.0,0.0,0.0,64.0,100.0
2022-02-17 03:00:00,12.03727,0.0,0.0,0.0,0.0,0.0,61.0,100.0
2022-02-17 04:00:00,11.71727,0.0,0.0,0.0,0.0,0.0,61.0,100.0
2022-02-17 05:00:00,10.817269,0.0,0.0,0.0,0.0,0.0,64.0,42.0
2022-02-17 06:00:00,10.29727,0.0,0.0,0.0,0.0,0.0,67.0,48.0
2022-02-17 07:00:00,9.99727,0.0,0.0,0.0,0.0,0.0,68.0,64.0
2022-02-17 08:00:00,9.91727,12.47961,12.46,6.48948,5.97052,0.0,68.0,59.0
2022-02-17 09:00:00,10.75727,22.978725,141.51,76.698845,64.81115,0.0,68.0,58.0
2022-02-17 10:00:00,10.857269,24.893618,188.68,122.43471,66.245285,0.0,68.0,55.0
2022-02-17 11:00:00,11.4072695,25.531916,346.21,203.71495,142.49504,0.0,63.0,54.0
2022-02-17 12:00:00,11.727269,0.0,443.22,266.7766,176.44337,0.0,61.0,100.0
2022-02-17 13:00:00,12.74727,48.51064,239.41,99.63765,139.77235,0.0,62.0,18.0
2022-02-17 14:00:00,13.6172695,8.93617,348.88,247.85199,101.028015,0.0,59.0,80.0
2022-02-17 15:00:00,12.70727,45.95745,364.00998,224.10202,139.90796,0.0,54.0,22.0
2022-02-17 16:00:00,12.237269,0.0,323.07,186.17273,136.89728,0.0,60.0,100.0
2022-02-17 17:00:00,11.277269,40.212765,189.56999,104.672066,84.89793,0.0,64.0,31.0
2022-02-17 18:00:00,9.66727,0.0,22.25,12.905574,9.344426,0.0,70.0,100.0
2022-02-17 19:00:00,10.1572695,0.0,0.0,0.0,0.0,0.0,69.0,50.0
2022-02-17 20:00:00,9.6572695,0.0,0.0,0.0,0.0,0.0,73.0,86.0
2022-02-17 21:00:00,9.41727,0.0,0.0,0.0,0.0,0.0,72.0,27.0
2022-02-17 22:00:00,8.647269,0.0,0.0,0.0,0.0,0.0,73.0,37.0
2022-02-17 23:00:00,7.4672694,0.0,0.0,0.0,0.0,0.0,76.0,3.0
2022-02-18 00:00:00,6.79727,0.0,0.0,0.0,0.0,0.0,79.0,5.0
2022-02-18 01:00:00,6.6972694,0.0,0.0,0.0,0.0,0.0,75.0,1.0
2022-02-18 02:00:00,6.4072695,0.0,0.0,0.0,0.0,0.0,75.0,51.0
2022-02-18 03:00:00,6.27727,0.0,0.0,0.0,0.0,0.0,70.0,6.0
2022-02-18 04:00:00,4.7672696,0.0,0.0,0.0,0.0,0.0,67.0,0.0
2022-02-18 05:00:00,4.0872693,0.0,0.0,0.0,0.0,0.0,56.0,44.0
2022-02-18 06:00:00,4.4172697,0.0,0.0,0.0,0.0,0.0,49.0,55.0
2022-02-18 07:00:00,4.9772696,0.0,0.0,0.0,0.0,0.0,43.0,33.0
2022-02-18 08:00:00,5.4472694,13.842198,16.02,8.350761,7.6692395,0.0,42.0,57.0
2022-02-18 09:00:00,7.3272696,0.0,152.19,82.62425,69.56575,0.0,44.0,100.0
2022-02-18 10:00:00,9.237269,0.0,284.8,162.02551,122.774475,0.0,41.0,100.0
2022-02-18 11:00:00,10.82727,0.0,376.47,221.87617,154.59383,0.0,39.0,100.0
2022-02-18 12:00:00,12.21727,0.0,365.79,248.03488,117.755135,0.0,41.0,100.0
2022-02-18 13:00:00,13.697269,0.0,449.44998,281.79993,167.65004,0.0,46.0,100.0
2022-02-18 14:00:00,14.99727,0.0,421.86,268.90683,152.95316,0.0,45.0,100.0
2022-02-18 15:00:00,15.607269,20.425533,428.09,254.79008,173.29991,0.0,48.0,62.0
2022-02-18 16:00:00,15.477269,3.191489,342.65,197.7593,144.8907,0.0,50.0,89.0
2022-02-18 17:00:00,14.91727,42.765953,207.37,114.67646,92.693535,0.0,52.0,27.0
2022-02-18 18:00:00,11.897269,57.25,57.85,30.476118,27.37388,0.0,57.0,0.0
2022-02-18 19:00:00,12.567269,0.0,0.0,0.0,0.0,0.0,55.0,0.0
2022-02-18 20:00:00,12.607269,0.0,0.0,0.0,0.0,0.0,70.0,98.0
2022-02-18 21:00:00,12.33727,0.0,0.0,0.0,0.0,0.0,73.0,67.0
2022-02-18 22:00:00,8.6172695,0.0,0.0,0.0,0.0,0.0,79.0,100.0
2022-02-18 23:00:00,7.6572695,0.0,0.0,0.0,0.0,0.0,80.0,100.0
2022-02-19 00:00:00,7.2372694,0.0,0.0,0.0,0.0,0.0,76.0,100.0
2022-02-19 01:00:00,7.2272696,0.0,0.0,0.0,0.0,0.0,75.0,100.0
2022-02-19 02:00:00,6.8672695,0.0,0.0,0.0,0.0,0.0,80.0,100.0
2022-02-19 03:00:00,6.54727,0.0,0.0,0.0,0.0,0.0,80.0,100.0
2022-02-19 04:00:00,5.9972696,0.0,0.0,0.0,0.0,0.0,79.0,100.0
2022-02-19 05:00:00,5.50727,0.0,0.0,0.0,0.0,0.0,80.0,100.0
2022-02-19 06:00:00,5.04727,0.0,0.0,0.0,0.0,0.0,80.0,100.0
2022-02-19 07:00:00,4.3872695,0.0,0.0,0.0,0.0,0.0,81.0,100.0
2022-02-19 08:00:00,4.0072694,12.930851,16.91,8.822232,8.087768,0.0,80.0,61.0
2022-02-19 09:00:00,4.3472695,30.638298,159.31,86.63278,72.677216,0.0,77.0,46.0
2022-02-19 10:00:00,4.8072696,56.170216,309.72,176.48912,133.23088,0.0,72.0,6.0
2022-02-19 11:00:00,4.9672694,57.510635,427.19998,252.17699,175.023,0.0,70.0,3.9
2022-02-19 12:00:00,5.7172694,55.78723,505.52,305.23776,200.28223,0.0,66.0,6.6000004
2022-02-19 13:00:00,5.8972697,53.61702,535.77997,326.5246,209.25539,0.0,68.0,10.0
2022-02-19 14:00:00,6.0172696,53.61702,518.87,314.85355,204.01645,0.0,67.0,10.0
2022-02-19 15:00:00,5.35727,37.659573,259.88,177.02487,82.855125,0.0,68.0,35.0
2022-02-19 16:00:00,5.1972694,20.425533,184.23,123.83342,60.39658,0.0,68.0,62.0
2022-02-19 17:00:00,4.7172694,50.61702,115.7,107.0138,8.686193,0.0,69.0,14.700001
2022-02-19 18:00:00,3.1172693,58.766666,57.85,30.500584,27.349415,0.0,75.0,0.0
2022-02-19 19:00:00,3.2772694,0.0,0.0,0.0,0.0,0.0,74.0,0.0
2022-02-19 20:00:00,2.5372694,0.0,0.0,0.0,0.0,0.0,72.0,10.0
2022-02-19 21:00:00,1.2172694,0.0,0.0,0.0,0.0,0.0,57.0,0.0
2022-02-19 22:00:00,1.1472695,0.0,0.0,0.0,0.0,0.0,63.0,0.0
2022-02-19 23:00:00,1.2072694,0.0,0.0,0.0,0.0,0.0,65.0,0.0
2022-02-20 00:00:00,0.70726943,0.0,0.0,0.0,0.0,0.0,66.0,0.0
2022-02-20 01:00:00,0.7272695,0.0,0.0,0.0,0.0,0.0,63.0,3.6000001
2022-02-20 02:00:00,3.1572695,0.0,0.0,0.0,0.0,0.0,52.0,100.0
2022-02-20 03:00:00,4.3272696,0.0,0.0,0.0,0.0,0.0,43.0,100.0
2022-02-20 04:00:00,4.8872695,0.0,0.0,0.0,0.0,0.0,42.0,100.0
2022-02-20 05:00:00,4.79727,0.0,0.0,0.0,0.0,0.0,43.0,72.0
2022-02-20 06:00:00,4.4772696,0.0,0.0,0.0,0.0,0.0,48.0,32.0
2022-02-20 07:00:00,4.6272697,0.0,0.0,0.0,0.0,0.0,55.0,50.0
2022-02-20 08:00:00,4.7672696,23.796453,20.47,10.689188,9.780811,0.0,63.0,36.0
2022-02-20 09:00:00,6.3472695,55.531918,162.87,88.7232,74.1468,0.0,63.0,7.0
2022-02-20 10:00:00,7.75727,58.723404,311.5,177.80673,133.69327,0.0,61.0,2.0
2022-02-20 11:00:00,9.187269,57.31915,426.31,252.07301,174.23698,0.0,58.0,4.2000003
2022-02-20 12:00:00,10.34727,57.31915,502.85,304.12427,198.72574,0.0,53.0,4.2000003
2022-02-20 13:00:00,11.9072695,57.70213,533.11,325.42157,207.68842,0.0,50.0,3.6000001
2022-02-20 14:00:00,12.4072695,58.659573,518.87,315.3529,203.5171,0.0,47.0,2.1000001
2022-02-20 15:00:00,12.477269,21.063831,455.68,272.0529,183.6271,0.0,47.0,61.0
2022-02-20 16:00:00,12.197269,0.0,339.09,196.3085,142.7815,0.0,47.0,100.0
2022-02-20 17:00:00,11.01727,58.468086,223.39,123.91618,99.473816,0.0,51.0,2.4
2022-02-20 18:00:00,8.437269,60.0,65.86,34.751724,31.108274,0.0,58.0,0.0
2022-02-20 19:00:00,7.58727,0.33226952,0.0,0.0,0.0,0.0,58.0,0.3
2022-02-20 20:00:00,8.317269,0.0,0.0,0.0,0.0,0.0,53.0,100.0
2022-02-20 21:00:00,8.83727,0.0,0.0,0.0,0.0,0.0,51.0,100.0
2022-02-20 22:00:00,9.33727,0.0,0.0,0.0,0.0,0.0,50.0,100.0
2022-02-20 23:00:00,9.437269,0.0,0.0,0.0,0.0,0.0,52.0,100.0
2022-02-21 00:00:00,9.01727,0.0,0.0,0.0,0.0,0.0,55.0,100.0
2022-02-21 01:00:00,8.737269,0.0,0.0,0.0,0.0,0.0,54.0,100.0
2022-02-21 02:00:00,7.9772696,0.0,0.0,0.0,0.0,0.0,54.0,1.0
2022-02-21 03:00:00,7.9072695,0.0,0.0,0.0,0.0,0.0,59.0,2.0
2022-02-21 04:00:00,7.54727,0.0,0.0,0.0,0.0,0.0,64.0,33.0
2022-02-21 05:00:00,7.31727,0.0,0.0,0.0,0.0,0.0,66.0,20.0
2022-02-21 06:00:00,7.2272696,0.0,0.0,0.0,0.0,0.0,66.0,29.0
2022-02-21 07:00:00,6.5972695,0.0,0.0,0.0,0.0,0.0,73.0,100.0
2022-02-21 08:00:00,4.85727,0.0,11.57,7.20142,4.36858,0.0,78.0,100.0
2022-02-21 09:00:00,5.31727,0.0,135.28,73.82315,61.456844,0.0,69.0,100.0
2022-02-21 10:00:00,5.8272696,9.574467,253.65,145.03375,108.61624,0.0,69.0,79.0
2022-02-21 11:00:00,5.7672696,0.0,241.19,161.4711,79.7189,0.0,70.0,100.0
2022-02-21 12:00:00,5.9872694,0.0,300.82,204.44385,96.37617,0.0,69.0,100.0
2022-02-21 13:00:00,4.8772697,0.0,274.12,135.63446,138.48553,0.07,73.0,97.0
2022-02-21 14:00:00,6.2172694,6.382978,477.93,290.92896,187.00104,0.0,64.0,84.0
2022-02-21 15:00:00,5.79727,0.0,382.69998,237.94734,144.75264,0.0,69.0,100.0
2022-02-21 16:00:00,5.2672696,0.0,275.9,168.33372,107.56627,0.0,72.0,100.0
2022-02-21 17:00:00,4.5572696,0.0,126.38,82.30356,44.07644,0.21000001,76.0,100.0
2022-02-21 18:00:00,4.3072696,0.0,37.38,19.739815,17.640186,0.0,76.0,100.0
2022-02-21 19:00:00,4.1172695,0.0,0.0,0.0,0.0,0.0,78.0,100.0
2022-02-21 20:00:00,3.9072695,0.0,0.0,0.0,0.0,0.0,82.0,100.0
2022-02-21 21:00:00,3.9972694,0.0,0.0,0.0,0.0,0.0,83.0,100.0
2022-02-21 22:00:00,4.1672697,0.0,0.0,0.0,0.0,0.0,83.0,100.0
2022-02-21 23:00:00,3.8672693,0.0,0.0,0.0,0.0,0.0,84.0,100.0
2022-02-22 00:00:00,3.6972694,0.0,0.0,0.0,0.0,0.0,83.0,81.0
2022-02-22 01:00:00,2.7772694,0.0,0.0,0.0,0.0,0.0,86.0,98.0
2022-02-22 02:00:00,2.8172693,0.0,0.0,0.0,0.0,0.0,84.0,100.0
2022-02-22 03:00:00,2.9472694,0.0,0.0,0.0,0.0,0.0,83.0,100.0
2022-02-22 04:00:00,3.0372694,0.0,0.0,0.0,0.0,0.07,85.0,100.0
2022-02-22 05:00:00,3.0372694,0.0,0.0,0.0,0.0,0.28,86.0,100.0
2022-02-22 06:00:00,2.9472694,0.0,0.0,0.0,0.0,0.07,88.0,100.0
2022-02-22 07:00:00,3.1972694,0.0,0.0,0.0,0.0,0.07,87.0,100.0
2022-02-22 08:00:00,4.1072693,0.0,14.24,8.110624,6.1293755,0.0,81.0,100.0
2022-02-22 09:00:00,4.7372694,0.0,61.41,32.830162,28.579838,0.0,75.0,100.0
2022-02-22 10:00:00,6.5172696,0.0,277.68,159.04498,118.635,0.0,67.0,100.0
2022-02-22 11:00:00,7.1472697,35.106384,432.53998,256.6117,175.9283,0.0,63.0,39.0
2022-02-22 12:00:00,7.7872696,54.255318,455.68,276.62613,179.05386,0.0,61.0,9.0
2022-02-22 13:00:00,9.4072695,51.70213,474.37,297.98254,176.38745,0.0,59.0,13.0
2022-02-22 14:00:00,9.42727,53.61702,510.86,311.462,199.39798,0.0,58.0,10.0
2022-02-22 15:00:00,9.30727,53.61702,453.9,271.83203,182.06795,0.0,55.0,10.0
2022-02-22 16:00:00,9.26727,0.0,346.21,201.04796,145.16203,0.0,49.0,100.0
2022-02-22 17:00:00,9.01727,0.0,176.22,98.05095,78.16905,0.0,46.0,100.0
2022-02-22 18:00:00,8.197269,0.0,49.84,26.340868,23.499132,0.0,45.0,100.0
2022-02-22 19:00:00,7.4872694,0.0,0.0,0.0,0.0,0.0,52.0,100.0
2022-02-22 20:00:00,6.6672697,0.0,0.0,0.0,0.0,0.0,60.0,100.0
2022-02-22 21:00:00,7.33727,0.0,0.0,0.0,0.0,0.0,63.0,100.0
2022-02-22 22:00:00,7.8672695,0.0,0.0,0.0,0.0,0.0,64.0,100.0
2022-02-22 23:00:00,7.31727,0.0,0.0,0.0,0.0,0.0,69.0,100.0
2022-02-23 00:00:00,7.4672694,0.0,0.0,0.0,0.0,0.0,70.0,100.0
2022-02-23 01:00:00,7.7272696,0.0,0.0,0.0,0.0,0.0,70.0,100.0
2022-02-23 02:00:00,6.8772697,0.0,0.0,0.0,0.0,0.0,74.0,42.0
2022-02-23 03:00:00,7.06727,0.0,0.0,0.0,0.0,0.0,73.0,59.0
2022-02-23 04:00:00,7.6472697,0.0,0.0,0.0,0.0,0.0,72.0,100.0
2022-02-23 05:00:00,7.2172694,0.0,0.0,0.0,0.0,0.0,74.0,100.0
2022-02-23 06:00:00,6.58727,0.0,0.0,0.0,0.0,0.0,77.0,100.0
2022-02-23 07:00:00,5.31727,0.0,0.0,0.0,0.0,0.0,81.0,100.0
2022-02-23 08:00:00,4.1572695,0.0,9.79,5.8697333,3.9202666,0.0,87.0,100.0
2022-02-23 09:00:00,4.3172693,0.0,70.31,44.182922,26.127075,0.0,87.0,100.0
2022-02-23 10:00:00,4.8272696,0.0,158.42,97.11946,61.30054,0.0,84.0,100.0
2022-02-23 11:00:00,5.52727,0.0,236.73999,144.96603,91.773964,0.0,81.0,100.0
2022-02-23 12:00:00,6.6672697,60.0,463.69,281.8122,181.87779,0.0,73.0,0.0
2022-02-23 13:00:00,8.107269,60.0,563.37,345.54126,217.82874,0.0,67.0,0.0
2022-02-23 14:00:00,8.75727,60.0,546.45996,333.68616,212.77379,0.0,64.0,0.0
2022-02-23 15:00:00,9.04727,60.0,479.71,287.7315,191.97849,0.0,61.0,0.0
2022-02-23 16:00:00,9.21727,56.55319,373.8,217.4015,156.39848,0.0,61.0,5.4
2022-02-23 17:00:00,7.9972696,56.744682,238.51999,132.91801,105.601974,0.0,70.0,5.1000004
2022-02-23 18:00:00,5.35727,55.531918,80.1,42.36742,37.73258,0.0,81.0,7.0
2022-02-23 19:00:00,5.02727,4.540426,0.0,0.0,0.0,0.0,75.0,6.0
2022-02-23 20:00:00,4.8472695,0.0,0.0,0.0,0.0,0.0,60.0,0.3
2022-02-23 21:00:00,4.4172697,0.0,0.0,0.0,0.0,0.0,53.0,0.0
2022-02-23 22:00:00,3.8872695,0.0,0.0,0.0,0.0,0.0,55.0,0.0
2022-02-23 23:00:00,3.9472694,0.0,0.0,0.0,0.0,0.0,52.0,0.0
2022-02-24 00:00:00,4.2372694,0.0,0.0,0.0,0.0,0.0,48.0,0.6
2022-02-24 01:00:00,4.0872693,0.0,0.0,0.0,0.0,0.0,45.0,0.0
2022-02-24 02:00:00,4.0272694,0.0,0.0,0.0,0.0,0.0,43.0,1.5
2022-02-24 03:00:00,4.2772694,0.0,0.0,0.0,0.0,0.0,41.0,30.000002
2022-02-24 04:00:00,4.2472696,0.0,0.0,0.0,0.0,0.0,40.0,40.0
2022-02-24 05:00:00,4.6172695,0.0,0.0,0.0,0.0,0.0,38.0,50.0
2022-02-24 06:00:00,4.9672694,0.0,0.0,0.0,0.0,0.0,36.0,48.0
2022-02-24 07:00:00,5.4572697,0.0,0.0,0.0,0.0,0.0,33.0,100.0
2022-02-24 08:00:00,6.4772696,0.0,28.48,14.926299,13.5537,0.0,35.0,100.0
2022-02-24 09:00:00,7.2172694,0.0,153.97,84.46371,69.506294,0.0,41.0,100.0
2022-02-24 10:00:00,8.027269,0.0,266.11,152.93605,113.173935,0.0,45.0,100.0
2022-02-24 11:00:00,9.237269,0.0,388.93,231.50316,157.42683,0.0,45.0,100.0
2022-02-24 12:00:00,9.987269,0.0,490.38998,298.51938,191.8706,0.0,45.0,100.0
2022-02-24 13:00:00,10.62727,0.0,534.0,328.04382,205.95619,0.0,47.0,100.0
2022-02-24 14:00:00,11.857269,34.468082,502.85,307.53314,195.31688,0.0,45.0,40.0
2022-02-24 15:00:00,12.00727,0.0,464.58,279.08398,185.49602,0.0,45.0,100.0
2022-02-24 16:00:00,11.20727,20.425533,344.43,200.62526,143.80473,0.0,48.0,62.0
2022-02-24 17:00:00,10.147269,0.6382978,242.08,135.10736,106.97265,0.0,52.0,93.0
2022-02-24 18:00:00,8.25727,7.6595736,78.32,41.45905,36.86095,0.0,54.0,82.0
2022-02-24 19:00:00,8.67727,0.0,0.0,0.0,0.0,0.0,51.0,100.0
2022-02-24 20:00:00,8.45727,0.0,0.0,0.0,0.0,0.0,53.0,15.0
2022-02-24 21:00:00,8.91727,0.0,0.0,0.0,0.0,0.0,59.0,100.0
2022-02-24 22:00:00,8.88727,0.0,0.0,0.0,0.0,0.0,63.0,100.0
2022-02-24 23:00:00,8.357269,0.0,0.0,0.0,0.0,0.0,70.0,100.0
2022-02-25 00:00:00,2.2772694,0.0,0.0,0.0,0.0,0.7,88.0,100.0
2022-02-25 01:00:00,1.3772695,0.0,0.0,0.0,0.0,0.35,88.0,100.0
2022-02-25 02:00:00,0.75726944,0.0,0.0,0.0,0.0,0.56,91.0,100.0
2022-02-25 03:00:00,0.39726946,0.0,0.0,0.0,0.0,0.77,93.0,100.0
2022-02-25 04:00:00,-0.26273054,0.0,0.0,0.0,0.0,0.35,94.0,100.0
2022-02-25 05:00:00,-0.89273053,0.0,0.0,0.0,0.0,0.21000001,94.0,100.0
2022-02-25 06:00:00,-1.1527305,0.0,0.0,0.0,0.0,0.14,96.0,100.0
2022-02-25 07:00:00,-0.51273054,0.0,0.0,0.0,0.0,0.07,93.0,100.0
2022-02-25 08:00:00,1.2372694,0.0,18.69,10.230063,8.459937,0.0,82.0,100.0
2022-02-25 09:00:00,2.0472693,17.234043,137.95,75.81302,62.13698,0.0,76.0,67.0
2022-02-25 10:00:00,2.8772695,57.44681,221.61,146.85562,74.75438,0.0,68.0,4.0
2022-02-25 11:00:00,4.7672696,59.361702,465.47,277.53607,187.93394,0.0,61.0,1.0
2022-02-25 12:00:00,4.7472696,30.0,542.89996,331.03387,211.86609,0.0,58.0,47.0
2022-02-25 13:00:00,5.06727,53.61702,482.38,308.50525,173.87477,0.0,60.0,10.0
2022-02-25 14:00:00,5.6372695,47.872337,362.22998,288.07422,74.155754,0.0,53.0,19.0
2022-02-25 15:00:00,4.9072695,4.468085,285.69,197.95676,87.733246,0.0,55.0,87.0
2022-02-25 16:00:00,4.4672694,25.531916,165.54,74.95322,90.58678,0.0,59.0,54.0
2022-02-25 17:00:00,3.3672693,0.0,137.95,91.43498,46.51502,0.0,63.0,100.0
2022-02-25 18:00:00,1.8172696,0.0,35.6,19.72036,15.879639,0.0,73.0,100.0
2022-02-25 19:00:00,0.57726943,0.0,0.0,0.0,0.0,0.0,82.0,100.0
2022-02-25 20:00:00,0.38726944,0.0,0.0,0.0,0.0,0.0,86.0,100.0
2022-02-25 21:00:00,1.1472695,0.0,0.0,0.0,0.0,0.0,85.0,100.0
2022-02-25 22:00:00,1.1472695,0.0,0.0,0.0,0.0,0.07,85.0,100.0
2022-02-25 23:00:00,0.93726945,0.0,0.0,0.0,0.0,0.21000001,88.0,100.0
2022-02-26 00:00:00,1.2072694,0.0,0.0,0.0,0.0,0.14,87.0,91.0
2022-02-26 01:00:00,0.26726943,0.0,0.0,0.0,0.0,0.14,90.0,100.0
2022-02-26 02:00:00,0.30726945,0.0,0.0,0.0,0.0,0.07,89.0,72.0
2022-02-26 03:00:00,0.027269453,0.0,0.0,0.0,0.0,0.0,91.0,100.0
2022-02-26 04:00:00,-0.33273053,0.0,0.0,0.0,0.0,0.0,93.0,100.0
2022-02-26 05:00:00,-2.0527306,0.0,0.0,0.0,0.0,0.0,100.0,48.0
2022-02-26 06:00:00,-2.5627306,0.0,0.0,0.0,0.0,0.0,99.0,0.0
2022-02-26 07:00:00,-2.7727306,0.0,0.0,0.0,0.0,0.0,96.0,0.0
2022-02-26 08:00:00,-1.0427306,49.233334,35.6,18.693542,16.906456,0.0,82.0,0.0
2022-02-26 09:00:00,-0.25273055,60.0,193.12999,106.33205,86.79794,0.0,73.0,0.0
2022-02-26 10:00:00,-0.14273053,60.0,347.99,200.69933,147.29066,0.0,70.0,0.0
2022-02-26 11:00:00,0.87726945,60.0,470.81,281.1995,189.6105,0.0,62.0,0.0
2022-02-26 12:00:00,1.9272695,60.0,553.58,338.1051,215.47493,0.0,57.0,0.0
2022-02-26 13:00:00,4.52727,60.0,585.62,360.91852,224.70146,0.0,49.0,0.0
2022-02-26 14:00:00,3.9772694,60.0,569.6,349.4571,220.14287,0.0,48.0,0.0
2022-02-26 15:00:00,3.7172694,60.0,504.63,304.0838,200.5462,0.0,46.0,0.0
2022-02-26 16:00:00,3.0572693,60.0,395.16,230.8808,164.2792,0.0,46.0,0.0
2022-02-26 17:00:00,1.9772694,60.0,253.65,141.99722,111.65278,0.0,51.0,0.0
2022-02-26 18:00:00,-0.33273053,60.0,88.11,46.776573,41.333427,0.0,61.0,0.0
2022-02-26 19:00:00,-1.2127306,9.316667,0.0,0.0,0.0,0.0,59.0,0.0
2022-02-26 20:00:00,-0.9627306,0.0,0.0,0.0,0.0,0.0,52.0,0.0
2022-02-26 21:00:00,-0.62273055,0.0,0.0,0.0,0.0,0.0,46.0,0.0
2022-02-26 22:00:00,-0.36273056,0.0,0.0,0.0,0.0,0.0,42.0,0.0
2022-02-26 23:00:00,-0.76273054,0.0,0.0,0.0,0.0,0.0,39.0,0.0
2022-02-27 00:00:00,-1.2027307,0.0,0.0,0.0,0.0,0.0,36.0,0.0
2022-02-27 01:00:00,-1.2927306,0.0,0.0,0.0,0.0,0.0,32.0,0.0
2022-02-27 02:00:00,-1.5627306,0.0,0.0,0.0,0.0,0.0,34.0,0.0
2022-02-27 03:00:00,-2.1327307,0.0,0.0,0.0,0.0,0.0,39.0,0.0
2022-02-27 04:00:00,-2.6127305,0.0,0.0,0.0,0.0,0.0,44.0,0.0
2022-02-27 05:00:00,-2.5127306,0.0,0.0,0.0,0.0,0.0,42.0,0.0
2022-02-27 06:00:00,-3.2027307,0.0,0.0,0.0,0.0,0.0,48.0,0.0
2022-02-27 07:00:00,-3.4627306,0.0,0.0,0.0,0.0,0.0,48.0,0.0
2022-02-27 08:00:00,-2.9227307,51.066666,42.72,22.45376,20.266241,0.0,51.0,0.0
2022-02-27 09:00:00,-0.16273057,60.0,210.93,116.34362,94.58637,0.0,46.0,0.0
2022-02-27 10:00:00,4.2772694,60.0,371.13,214.42125,156.70876,0.0,29.0,0.0
2022-02-27 11:00:00,5.75727,60.0,498.4,298.1839,200.2161,0.0,24.0,0.0
2022-02-27 12:00:00,6.2072697,60.0,582.95,356.62946,226.32056,0.0,21.0,0.0
2022-02-27 13:00:00,2.4572694,60.0,615.88,380.17566,235.70433,0.0,29.0,0.0
2022-02-27 14:00:00,3.0072694,60.0,598.97,368.0509,230.91905,0.0,29.0,0.0
2022-02-27 15:00:00,2.8672693,60.0,529.55,319.59085,209.95914,0.0,31.0,0.0
2022-02-27 16:00:00,2.8072693,60.0,412.96,241.6478,171.3122,0.0,35.0,0.0
2022-02-27 17:00:00,2.3072693,60.0,265.22,148.69955,116.52045,0.0,37.0,0.0
2022-02-27 18:00:00,0.67726946,60.0,94.34,50.160534,44.179462,0.0,38.0,0.0
2022-02-27 19:00:00,0.66726947,10.8,0.0,0.0,0.0,0.0,38.0,0.0
2022-02-27 20:00:00,0.24726945,0.0,0.0,0.0,0.0,0.0,37.0,0.0
2022-02-27 21:00:00,-0.33273053,0.0,0.0,0.0,0.0,0.0,33.0,0.0
2022-02-27 22:00:00,-0.29273057,0.0,0.0,0.0,0.0,0.0,30.0,0.0
2022-02-27 23:00:00,-0.7127306,0.0,0.0,0.0,0.0,0.0,30.0,0.0
2022-02-28 00:00:00,-1.3627305,0.0,0.0,0.0,0.0,0.0,35.0,0.0
2022-02-28 01:00:00,-1.5127306,0.0,0.0,0.0,0.0,0.0,43.0,0.0
2022-02-28 02:00:00,-1.6627307,0.0,0.0,0.0,0.0,0.0,50.0,0.0
2022-02-28 03:00:00,-1.4627306,0.0,0.0,0.0,0.0,0.0,48.0,0.0
2022-02-28 04:00:00,-2.0127306,0.0,0.0,0.0,0.0,0.0,46.0,0.0
2022-02-28 05:00:00,-2.0027306,0.0,0.0,0.0,0.0,0.0,42.0,0.0
2022-02-28 06:00:00,-1.9227307,0.0,0.0,0.0,0.0,0.0,40.0,0.0
2022-02-28 07:00:00,-2.3227305,0.0,0.0,0.0,0.0,0.0,39.0,0.0
2022-02-28 08:00:00,-0.98273057,52.9,44.5,23.41172,21.08828,0.0,32.0,0.0
2022-02-28 09:00:00,0.6472695,60.0,208.26,115.07931,93.18069,0.0,34.0,0.0
2022-02-28 10:00:00,2.3072693,60.0,364.9,211.19072,153.70927,0.0,32.0,0.0
2022-02-28 11:00:00,3.3772695,60.0,488.61,292.8208,195.78918,0.0,29.0,0.0
2022-02-28 12:00:00,4.0972695,60.0,570.49,349.5782,220.91182,0.0,28.0,0.0
2022-02-28 13:00:00,5.3972697,60.0,595.41,368.12476,227.28522,0.0,36.0,0.0
2022-02-28 14:00:00,5.56727,60.0,577.61,355.47766,222.13232,0.0,39.0,0.0
2022-02-28 15:00:00,5.33727,60.0,511.75,309.32034,202.42966,0.0,43.0,0.0
2022-02-28 16:00:00,4.8972697,60.0,402.28,235.75447,166.52553,0.0,46.0,0.0
2022-02-28 17:00:00,3.9472694,60.0,260.77,146.4255,114.34449,0.0,52.0,0.0
2022-02-28 18:00:00,1.9872694,60.0,95.229996,50.71091,44.519085,0.0,52.0,0.0
2022-02-28 19:00:00,2.5772693,12.283334,0.0,0.0,0.0,0.0,41.0,0.0
2022-02-28 20:00:00,2.5872693,0.0,0.0,0.0,0.0,0.0,37.0,0.0
2022-02-28 21:00:00,2.2572694,0.0,0.0,0.0,0.0,0.0,35.0,0.0
2022-02-28 22:00:00,2.1672695,0.0,0.0,0.0,0.0,0.0,33.0,0.0
2022-02-28 23:00:00,2.1072695,0.0,0.0,0.0,0.0,0.0,31.0,0.0
2022-03-01 00:00:00,1.5872695,0.0,0.0,0.0,0.0,0.0,31.0,0.0
2022-03-01 01:00:00,1.4672694,0.0,0.0,0.0,0.0,0.0,32.0,0.0
2022-03-01 02:00:00,1.1672695,0.0,0.0,0.0,0.0,0.0,35.0,0.0
2022-03-01 03:00:00,0.45726946,0.0,0.0,0.0,0.0,0.0,42.0,0.0
2022-03-01 04:00:00,0.087269455,0.0,0.0,0.0,0.0,0.0,46.0,0.0
2022-03-01 05:00:00,-0.42273057,0.0,0.0,0.0,0.0,0.0,51.0,0.0
2022-03-01 06:00:00,-0.6027306,0.0,0.0,0.0,0.0,0.0,50.0,0.0
2022-03-01 07:00:00,-0.8127305,0.0,0.0,0.0,0.0,0.0,50.0,0.0
2022-03-01 08:00:00,-0.5527305,54.733334,48.059998,25.30882,22.751177,0.0,56.0,0.0
2022-03-01 09:00:00,1.4772694,60.0,214.48999,118.73615,95.75384,0.0,58.0,0.0
2022-03-01 10:00:00,3.0372694,59.234043,373.8,216.71861,157.08138,0.0,55.0,1.2
2022-03-01 11:00:00,4.3772697,60.0,499.28998,299.7243,199.56566,0.0,48.0,0.0
2022-03-01 12:00:00,5.5172696,60.0,578.5,355.06335,223.43663,0.0,46.0,0.0
2022-03-01 13:00:00,6.1772695,60.0,614.1,380.2808,233.81918,0.0,46.0,0.0
2022-03-01 14:00:00,6.6672697,59.808514,596.3,367.5475,228.75249,0.0,47.0,0.3
2022-03-01 15:00:00,6.6372695,58.723404,528.66,320.02722,208.63277,0.0,47.0,2.0
2022-03-01 16:00:00,6.0172696,60.0,417.41,244.98978,172.42023,0.0,51.0,0.0
2022-03-01 17:00:00,5.1972694,44.04255,272.34,153.15228,119.187706,0.0,58.0,25.0
2022-03-01 18:00:00,3.4872694,44.04255,109.47,58.382378,51.087624,0.0,61.0,25.0
2022-03-01 19:00:00,3.6072693,9.946809,0.89,0.26756942,0.62243056,0.0,55.0,26.0
2022-03-01 20:00:00,3.5372694,0.0,0.0,0.0,0.0,0.0,41.0,51.0
2022-03-01 21:00:00,3.4872694,0.0,0.0,0.0,0.0,0.0,31.0,22.0
2022-03-01 22:00:00,3.3672693,0.0,0.0,0.0,0.0,0.0,28.0,13.0
2022-03-01 23:00:00,3.4572694,0.0,0.0,0.0,0.0,0.0,24.0,62.0
2022-03-02 00:00:00,3.4472694,0.0,0.0,0.0,0.0,0.0,23.0,52.0
2022-03-02 01:00:00,3.0872693,0.0,0.0,0.0,0.0,0.0,22.0,49.0
2022-03-02 02:00:00,3.2972693,0.0,0.0,0.0,0.0,0.0,21.0,4.2000003
2022-03-02 03:00:00,3.3772695,0.0,0.0,0.0,0.0,0.0,21.0,3.3000002
2022-03-02 04:00:00,3.0872693,0.0,0.0,0.0,0.0,0.0,21.0,80.0
2022-03-02 05:00:00,3.0372694,0.0,0.0,0.0,0.0,0.0,20.0,10.0
2022-03-02 06:00:00,2.6172693,0.0,0.0,0.0,0.0,0.0,22.0,9.0
2022-03-02 07:00:00,2.5772693,0.0,0.0,0.0,0.0,0.0,22.0,9.6
2022-03-02 08:00:00,3.1072693,49.916386,57.85,30.494349,27.35565,0.0,36.0,11.1
2022-03-02 09:00:00,4.9272695,55.404255,226.95,125.8677,101.0823,0.0,31.0,7.2000003
2022-03-02 10:00:00,6.1672697,52.97872,377.36,219.17432,158.18567,0.0,33.0,11.0
2022-03-02 11:00:00,6.7672696,47.234047,494.84,297.56464,197.27534,0.0,34.0,20.0
2022-03-02 12:00:00,7.5572696,42.127663,571.38,351.27573,220.10428,0.0,34.0,28.0
2022-03-02 13:00:00,7.79727,55.595745,604.31,374.81952,229.49048,0.0,40.0,6.9
2022-03-02 14:00:00,8.187269,53.61702,585.62,361.52783,224.09218,0.0,40.0,10.0
2022-03-02 15:00:00,8.147269,30.0,520.64996,315.65918,204.99078,0.0,39.0,47.0
2022-03-02 16:00:00,7.81727,11.489361,409.4,240.64987,168.75012,0.0,42.0,76.0
2022-03-02 17:00:00,7.02727,0.0,242.97,136.84053,106.12947,0.0,47.0,100.0
2022-03-02 18:00:00,5.8072696,0.0,81.88,43.73402,38.145977,0.0,55.0,100.0
2022-03-02 19:00:00,4.9672694,0.0,0.89,0.14927095,0.74072903,0.0,54.0,96.0
2022-03-02 20:00:00,5.1272697,0.0,0.0,0.0,0.0,0.0,51.0,93.0
2022-03-02 21:00:00,5.27727,0.0,0.0,0.0,0.0,0.0,47.0,100.0
2022-03-02 22:00:00,5.4472694,0.0,0.0,0.0,0.0,0.0,42.0,100.0
2022-03-02 23:00:00,5.58727,0.0,0.0,0.0,0.0,0.0,39.0,100.0
2022-03-03 00:00:00,5.4372697,0.0,0.0,0.0,0.0,0.0,37.0,100.0
2022-03-03 01:00:00,5.60727,0.0,0.0,0.0,0.0,0.0,36.0,100.0
2022-03-03 02:00:00,5.1272697,0.0,0.0,0.0,0.0,0.0,36.0,64.0
2022-03-03 03:00:00,4.7672696,0.0,0.0,0.0,0.0,0.0,36.0,100.0
2022-03-03 04:00:00,4.5972695,0.0,0.0,0.0,0.0,0.0,34.0,46.0
2022-03-03 05:00:00,4.4372697,0.0,0.0,0.0,0.0,0.0,33.0,0.0
2022-03-03 06:00:00,4.2272696,0.0,0.0,0.0,0.0,0.0,33.0,0.0
2022-03-03 07:00:00,3.7672694,0.0,0.0,0.0,0.0,0.0,35.0,0.0
2022-03-03 08:00:00,4.60727,58.5,54.29,28.64617,25.643831,0.0,45.0,0.0
2022-03-03 09:00:00,6.06727,60.0,217.16,120.663124,96.49688,0.0,42.0,0.0
2022-03-03 10:00:00,7.33727,60.0,369.35,214.90607,154.44394,0.0,42.0,0.0
2022-03-03 11:00:00,8.267269,60.0,489.5,294.8591,194.6409,0.0,41.0,0.0
2022-03-03 12:00:00,8.49727,60.0,570.49,351.3081,219.1819,0.0,43.0,0.0
2022-03-03 13:00:00,8.51727,60.0,604.31,375.4178,228.89223,0.0,44.0,0.0
2022-03-03 14:00:00,8.80727,60.0,587.39996,363.18878,224.21117,0.0,45.0,0.0
2022-03-03 15:00:00,8.74727,60.0,521.54,316.67816,204.8618,0.0,46.0,0.0
2022-03-03 16:00:00,8.3672695,60.0,412.07,242.58168,169.48833,0.0,49.0,0.0
2022-03-03 17:00:00,7.3772697,60.0,271.44998,153.10843,118.34156,0.0,57.0,0.0
2022-03-03 18:00:00,5.0172696,60.0,105.909996,56.65413,49.255867,0.0,66.0,0.0
2022-03-03 19:00:00,4.8872695,16.666666,1.78,0.98020667,0.7997933,0.0,63.0,0.0
2022-03-03 20:00:00,5.7072697,0.0,0.0,0.0,0.0,0.0,61.0,100.0
2022-03-03 21:00:00,5.0772696,0.0,0.0,0.0,0.0,0.0,61.0,100.0
2022-03-03 22:00:00,4.4872694,0.0,0.0,0.0,0.0,0.0,62.0,100.0
2022-03-03 23:00:00,3.7172694,0.0,0.0,0.0,0.0,0.0,63.0,64.0
2022-03-04 00:00:00,3.5072694,0.0,0.0,0.0,0.0,0.0,64.0,18.0
2022-03-04 01:00:00,3.4672694,0.0,0.0,0.0,0.0,0.0,66.0,65.0
2022-03-04 02:00:00,3.0772693,0.0,0.0,0.0,0.0,0.0,70.0,10.0
2022-03-04 03:00:00,2.9372694,0.0,0.0,0.0,0.0,0.0,73.0,41.0
2022-03-04 04:00:00,1.9672694,0.0,0.0,0.0,0.0,0.0,78.0,10.0
2022-03-04 05:00:00,0.41726947,0.0,0.0,0.0,0.0,0.0,85.0,10.0
2022-03-04 06:00:00,-0.33273053,0.0,0.0,0.0,0.0,0.0,87.0,10.0
2022-03-04 07:00:00,-0.9627306,0.31666666,0.0,0.0,0.0,0.0,86.0,0.0
2022-03-04 08:00:00,0.097269446,60.0,59.629997,31.494986,28.135012,0.0,76.0,0.0
2022-03-04 09:00:00,1.9072695,60.0,225.17,125.34671,99.82329,0.0,70.0,0.0
2022-03-04 10:00:00,3.2772694,60.0,379.13998,220.99545,158.14453,0.0,69.0,0.0
2022-03-04 11:00:00,3.9672694,60.0,501.06998,302.34402,198.72595,0.0,67.0,0.0
2022-03-04 12:00:00,4.5172696,60.0,582.95,359.57043,223.37956,0.0,66.0,0.0
2022-03-04 13:00:00,5.0372696,60.0,617.66,384.31964,233.34033,0.0,59.0,0.0
2022-03-04 14:00:00,5.27727,60.0,600.75,372.01514,228.73488,0.0,57.0,0.0
2022-03-04 15:00:00,5.4272695,60.0,534.0,324.73242,209.26758,0.0,55.0,0.0
2022-03-04 16:00:00,5.1172695,60.0,421.86,248.71437,173.14561,0.0,54.0,0.0
2022-03-04 17:00:00,4.4572697,60.0,280.35,158.36316,121.98685,0.0,55.0,0.0
2022-03-04 18:00:00,1.8472695,60.0,113.03,60.55353,52.476467,0.0,63.0,0.0
2022-03-04 19:00:00,1.7172694,18.116667,2.67,2.1878607,0.4821394,0.0,53.0,0.0
2022-03-04 20:00:00,0.9672694,0.0,0.0,0.0,0.0,0.0,56.0,0.0
2022-03-04 21:00:00,0.86726946,0.0,0.0,0.0,0.0,0.0,54.0,0.0
2022-03-04 22:00:00,0.80726945,0.0,0.0,0.0,0.0,0.0,53.0,0.0
2022-03-04 23:00:00,0.24726945,0.0,0.0,0.0,0.0,0.0,56.0,0.0
2022-03-05 00:00:00,-0.35273057,0.0,0.0,0.0,0.0,0.0,54.0,0.0
2022-03-05 01:00:00,-0.5727306,0.0,0.0,0.0,0.0,0.0,48.0,0.0
2022-03-05 02:00:00,-0.5427305,0.0,0.0,0.0,0.0,0.0,43.0,0.0
2022-03-05 03:00:00,-0.8027305,0.0,0.0,0.0,0.0,0.0,41.0,0.0
2022-03-05 04:00:00,-1.2227306,0.0,0.0,0.0,0.0,0.0,40.0,0.0
2022-03-05 05:00:00,-1.2727306,0.0,0.0,0.0,0.0,0.0,38.0,0.0
2022-03-05 06:00:00,-1.5127306,0.0,0.0,0.0,0.0,0.0,36.0,0.0
2022-03-05 07:00:00,-1.6827307,2.2,0.0,0.0,0.0,0.0,35.0,0.0
2022-03-05 08:00:00,-0.98273057,60.0,66.75,35.290432,31.459568,0.0,38.0,0.0
2022-03-05 09:00:00,0.7172694,60.0,239.41,133.52098,105.88902,0.0,34.0,0.0
2022-03-05 10:00:00,1.8872695,60.0,397.83,232.30081,165.52917,0.0,33.0,0.0
2022-03-05 11:00:00,2.5672693,60.0,521.54,315.23004,206.30992,0.0,32.0,0.0
2022-03-05 12:00:00,3.2272694,60.0,604.31,373.35382,230.95619,0.0,33.0,0.0
2022-03-05 13:00:00,3.2072694,60.0,636.35,396.57257,239.77739,0.0,37.0,0.0
2022-03-05 14:00:00,3.4772694,60.0,617.66,383.07175,234.58823,0.0,40.0,0.0
2022-03-05 15:00:00,3.7172694,60.0,548.24,333.8911,214.34888,0.0,42.0,0.0
2022-03-05 16:00:00,3.6172693,60.0,434.32,256.43918,177.88083,0.0,43.0,0.0
2022-03-05 17:00:00,2.8772695,60.0,288.36,163.12857,125.23141,0.0,45.0,0.0
2022-03-05 18:00:00,0.5872694,60.0,118.369995,63.509193,54.8608,0.0,53.0,0.0
2022-03-05 19:00:00,0.6472695,19.566668,3.56,2.1710882,1.3889117,0.0,47.0,0.0
2022-03-05 20:00:00,0.037269443,0.0,0.0,0.0,0.0,0.0,47.0,0.0
2022-03-05 21:00:00,-0.32273054,0.0,0.0,0.0,0.0,0.0,49.0,0.0
2022-03-05 22:00:00,-0.64273053,0.0,0.0,0.0,0.0,0.0,48.0,0.0
2022-03-05 23:00:00,-0.9427306,0.0,0.0,0.0,0.0,0.0,46.0,0.0
2022-03-06 00:00:00,-0.9727306,0.0,0.0,0.0,0.0,0.0,42.0,0.0
2022-03-06 01:00:00,-1.1327305,0.0,0.0,0.0,0.0,0.0,40.0,0.0
2022-03-06 02:00:00,-1.5127306,0.0,0.0,0.0,0.0,0.0,41.0,0.0
2022-03-06 03:00:00,-1.8027306,0.0,0.0,0.0,0.0,0.0,42.0,0.0
2022-03-06 04:00:00,-2.0627306,0.0,0.0,0.0,0.0,0.0,44.0,0.0
2022-03-06 05:00:00,-2.2627306,0.0,0.0,0.0,0.0,0.0,44.0,0.0
2022-03-06 06:00:00,-2.6327307,0.0,0.0,0.0,0.0,0.0,45.0,0.0
2022-03-06 07:00:00,-3.0427306,4.0833335,0.0,0.0,0.0,0.0,48.0,0.0
2022-03-06 08:00:00,-2.0927305,60.0,71.2,37.680264,33.519733,0.0,49.0,0.0
2022-03-06 09:00:00,-0.62273055,60.0,242.97,135.75684,107.21316,0.0,44.0,0.0
2022-03-06 10:00:00,0.66726947,60.0,398.72,233.23146,165.48854,0.0,39.0,0.0
2022-03-06 11:00:00,1.6072695,60.0,522.43,316.30127,206.12871,0.0,37.0,0.0
2022-03-06 12:00:00,2.5372694,60.0,602.52997,372.8577,229.67227,0.0,39.0,0.0
2022-03-06 13:00:00,2.2372694,60.0,632.79,394.971,237.81898,0.0,43.0,0.0
2022-03-06 14:00:00,2.6972694,60.0,613.20996,380.89,232.31993,0.0,46.0,0.0
2022-03-06 15:00:00,3.0372694,60.0,544.68,332.2168,212.46321,0.0,47.0,0.0
2022-03-06 16:00:00,2.9172695,60.0,431.65,255.23775,176.41225,0.0,48.0,0.0
2022-03-06 17:00:00,2.1672695,60.0,288.36,163.3686,124.99138,0.0,52.0,0.0
2022-03-06 18:00:00,-0.25273055,60.0,121.04,65.03854,56.00146,0.0,62.0,0.0
2022-03-06 19:00:00,-0.7727305,21.016666,3.56,3.0030255,0.55697453,0.0,60.0,0.0
2022-03-06 20:00:00,-1.2527306,0.0,0.0,0.0,0.0,0.0,60.0,0.0
2022-03-06 21:00:00,-1.3627305,0.0,0.0,0.0,0.0,0.0,59.0,0.0
2022-03-06 22:00:00,-1.0727305,0.0,0.0,0.0,0.0,0.0,55.0,0.0
2022-03-06 23:00:00,-1.1127305,0.0,0.0,0.0,0.0,0.0,54.0,0.0
2022-03-07 00:00:00,-1.4527307,0.0,0.0,0.0,0.0,0.0,55.0,0.0
2022-03-07 01:00:00,-2.0127306,0.0,0.0,0.0,0.0,0.0,55.0,0.0
2022-03-07 02:00:00,-1.9927306,0.0,0.0,0.0,0.0,0.0,55.0,0.0
2022-03-07 03:00:00,-2.1227305,0.0,0.0,0.0,0.0,0.0,55.0,0.0
2022-03-07 04:00:00,-2.4427307,0.0,0.0,0.0,0.0,0.0,56.0,0.0
2022-03-07 05:00:00,-2.7227306,0.0,0.0,0.0,0.0,0.0,58.0,0.0
2022-03-07 06:00:00,-3.2227306,0.0,0.0,0.0,0.0,0.0,62.0,0.0
2022-03-07 07:00:00,-3.6527307,6.016667,0.0,0.0,0.0,0.0,67.0,0.0
2022-03-07 08:00:00,-2.6027305,60.0,75.65,40.075626,35.574375,0.0,69.0,0.0
2022-03-07 09:00:00,-0.62273055,60.0,248.31,139.0021,109.3079,0.0,57.0,0.0
2022-03-07 10:00:00,0.68726945,60.0,404.06,236.77989,167.2801,0.0,48.0,0.0
2022-03-07 11:00:00,1.8272696,60.0,527.77,320.08252,207.68752,0.0,44.0,0.0
2022-03-07 12:00:00,2.8272693,60.0,609.64996,377.88324,231.76672,0.0,43.0,0.0
2022-03-07 13:00:00,2.4272695,60.0,640.8,400.60223,240.19775,0.0,48.0,0.0
2022-03-07 14:00:00,2.7572694,60.0,621.22,386.45462,234.76535,0.0,48.0,0.0
2022-03-07 15:00:00,3.0472693,60.0,553.58,338.14804,215.43198,0.0,50.0,0.0
2022-03-07 16:00:00,3.1272695,60.0,441.44,261.40973,180.03026,0.0,51.0,0.0
2022-03-07 17:00:00,2.5372694,60.0,297.26,168.65753,128.60248,0.0,54.0,0.0
2022-03-07 18:00:00,0.20726946,60.0,127.27,68.48752,58.78248,0.0,63.0,0.0
2022-03-07 19:00:00,0.097269446,22.45,5.34,2.8923383,2.4476619,0.0,59.0,0.0
2022-03-07 20:00:00,-0.21273053,0.0,0.0,0.0,0.0,0.0,60.0,0.0
2022-03-07 21:00:00,-0.61273056,0.0,0.0,0.0,0.0,0.0,63.0,0.0
2022-03-07 22:00:00,-0.87273055,0.0,0.0,0.0,0.0,0.0,63.0,0.0
2022-03-07 23:00:00,-2.3027306,0.0,0.0,0.0,0.0,0.0,72.0,0.0
2022-03-08 00:00:00,-2.6927307,0.0,0.0,0.0,0.0,0.0,75.0,0.0
2022-03-08 01:00:00,-3.2727306,0.0,0.0,0.0,0.0,0.0,77.0,0.0
2022-03-08 02:00:00,-3.4327307,0.0,0.0,0.0,0.0,0.0,77.0,0.0
2022-03-08 03:00:00,-3.7227304,0.0,0.0,0.0,0.0,0.0,78.0,0.0
2022-03-08 04:00:00,-3.9927304,0.0,0.0,0.0,0.0,0.0,78.0,0.0
2022-03-08 05:00:00,-4.24273,0.0,0.0,0.0,0.0,0.0,79.0,0.0
2022-03-08 06:00:00,-4.39273,0.0,0.0,0.0,0.0,0.0,79.0,0.0
2022-03-08 07:00:00,-4.2627306,7.95,0.0,0.0,0.0,0.0,77.0,0.0
2022-03-08 08:00:00,-2.6527307,60.0,81.88,43.452774,38.427223,0.0,71.0,0.0
2022-03-08 09:00:00,-0.5527305,60.0,255.43,143.25763,112.172356,0.0,63.0,0.0
2022-03-08 10:00:00,0.94726944,56.170216,411.18,241.38457,169.79543,0.0,58.0,6.0
2022-03-08 11:00:00,2.0972695,58.468086,534.89,324.95496,209.93506,0.0,51.0,2.4
2022-03-08 12:00:00,3.5272694,59.808514,613.20996,380.71045,232.4995,0.0,45.0,0.3
2022-03-08 13:00:00,4.7272696,0.0,588.29,368.35184,219.93814,0.0,41.0,100.0
2022-03-08 14:00:00,5.5372696,0.0,549.13,343.7495,205.38051,0.0,40.0,100.0
2022-03-08 15:00:00,5.6372695,0.0,492.16998,301.08118,191.08879,0.0,43.0,100.0
2022-03-08 16:00:00,5.4972696,0.0,379.13998,224.84483,154.29515,0.0,46.0,100.0
2022-03-08 17:00:00,4.6372695,46.595745,291.91998,165.86917,126.050804,0.0,54.0,21.0
2022-03-08 18:00:00,2.1572695,60.0,137.95,74.34445,63.605545,0.0,65.0,0.0
2022-03-08 19:00:00,2.2872694,23.9,6.23,3.2415895,2.9884105,0.0,60.0,0.0
2022-03-08 20:00:00,2.7072694,0.0,0.0,0.0,0.0,0.0,55.0,0.0
2022-03-08 21:00:00,2.4972694,0.0,0.0,0.0,0.0,0.0,46.0,0.0
2022-03-08 22:00:00,2.5572693,0.0,0.0,0.0,0.0,0.0,36.0,0.0
2022-03-08 23:00:00,2.7872694,0.0,0.0,0.0,0.0,0.0,37.0,0.0
2022-03-09 00:00:00,2.8072693,0.0,0.0,0.0,0.0,0.0,39.0,0.0
2022-03-09 01:00:00,2.8772695,0.0,0.0,0.0,0.0,0.0,39.0,0.0
2022-03-09 02:00:00,2.8772695,0.0,0.0,0.0,0.0,0.0,40.0,2.0
2022-03-09 03:00:00,3.3372693,0.0,0.0,0.0,0.0,0.0,43.0,100.0
2022-03-09 04:00:00,2.7772694,0.0,0.0,0.0,0.0,0.0,46.0,100.0
2022-03-09 05:00:00,1.9772694,0.0,0.0,0.0,0.0,0.0,47.0,80.0
2022-03-09 06:00:00,2.2572694,0.0,0.0,0.0,0.0,0.0,46.0,46.0
2022-03-09 07:00:00,2.1772695,9.883333,0.0,0.0,0.0,0.0,48.0,0.0
2022-03-09 08:00:00,3.5872693,60.0,84.549995,44.95849,39.591507,0.0,49.0,0.0
2022-03-09 09:00:00,4.50727,60.0,253.65,142.52673,111.12325,0.0,49.0,0.0
2022-03-09 10:00:00,5.9072695,60.0,405.84,238.67505,167.16495,0.0,47.0,0.0
2022-03-09 11:00:00,6.9872694,60.0,526.88,320.63245,206.24754,0.0,47.0,0.0
2022-03-09 12:00:00,7.4572697,60.0,607.87,378.0073,229.8627,0.0,50.0,0.0
2022-03-09 13:00:00,7.9372697,60.0,643.47,403.52963,239.94034,0.0,41.0,0.0
2022-03-09 14:00:00,8.097269,60.0,626.56,390.9555,235.6045,0.0,43.0,0.0
2022-03-09 15:00:00,8.137269,60.0,559.81,342.96268,216.84732,0.0,44.0,0.0
2022-03-09 16:00:00,7.7272696,60.0,447.66998,265.87085,181.79915,0.0,49.0,0.0
2022-03-09 17:00:00,6.6372695,60.0,303.49,172.69345,130.79654,0.0,57.0,0.0
2022-03-09 18:00:00,4.3072696,60.0,133.5,72.05226,61.44774,0.0,68.0,0.0
2022-03-09 19:00:00,4.4472694,25.333334,7.12,3.6956646,3.4243352,0.0,63.0,0.0
2022-03-09 20:00:00,4.60727,0.0,0.0,0.0,0.0,0.0,60.0,0.0
2022-03-09 21:00:00,4.5172696,0.0,0.0,0.0,0.0,0.0,56.0,0.0
2022-03-09 22:00:00,4.2972693,0.0,0.0,0.0,0.0,0.0,51.0,0.0
2022-03-09 23:00:00,4.0572696,0.0,0.0,0.0,0.0,0.0,48.0,0.0
2022-03-10 00:00:00,4.0372696,0.0,0.0,0.0,0.0,0.0,45.0,0.0
2022-03-10 01:00:00,4.0172696,0.0,0.0,0.0,0.0,0.0,44.0,0.0
2022-03-10 02:00:00,3.8072693,0.0,0.0,0.0,0.0,0.0,44.0,0.0
2022-03-10 03:00:00,3.5772693,0.0,0.0,0.0,0.0,0.0,45.0,0.0
2022-03-10 04:00:00,3.1672695,0.0,0.0,0.0,0.0,0.0,45.0,0.0
2022-03-10 05:00:00,2.9772694,0.0,0.0,0.0,0.0,0.0,45.0,0.0
2022-03-10 06:00:00,2.7672694,0.0,0.0,0.0,0.0,0.0,47.0,0.0
2022-03-10 07:00:00,2.7772694,11.816667,0.0,0.0,0.0,0.0,47.0,0.0
2022-03-10 08:00:00,4.1272697,60.0,92.56,49.31484,43.24516,0.0,45.0,0.0
2022-03-10 09:00:00,5.9972696,60.0,265.22,149.30699,115.91301,0.0,44.0,0.0
2022-03-10 10:00:00,7.3972697,60.0,420.97,248.01276,172.95724,0.0,43.0,0.0
2022-03-10 11:00:00,8.307269,60.0,545.57,332.56683,213.00316,0.0,38.0,0.0
2022-03-10 12:00:00,8.697269,60.0,627.45,390.8119,236.63812,0.0,37.0,0.0
2022-03-10 13:00:00,8.79727,60.0,657.70996,413.0975,244.61246,0.0,40.0,0.0
2022-03-10 14:00:00,9.12727,60.0,639.02,399.3263,239.69371,0.0,39.0,0.0
2022-03-10 15:00:00,9.33727,60.0,570.49,350.0158,220.47418,0.0,41.0,0.0
2022-03-10 16:00:00,9.07727,60.0,456.57,271.5475,185.02252,0.0,45.0,0.0
2022-03-10 17:00:00,8.45727,60.0,309.72,176.49295,133.22705,0.0,52.0,0.0
2022-03-10 18:00:00,6.4272695,60.0,138.84,75.04442,63.795578,0.0,63.0,0.0
2022-03-10 19:00:00,6.0372696,26.75,8.01,4.160757,3.849243,0.0,64.0,0.0
2022-03-10 20:00:00,5.50727,0.0,0.0,0.0,0.0,0.0,60.0,0.0
2022-03-10 21:00:00,5.04727,0.0,0.0,0.0,0.0,0.0,48.0,0.0
2022-03-10 22:00:00,4.6972694,0.0,0.0,0.0,0.0,0.0,42.0,0.0
2022-03-10 23:00:00,4.1572695,0.0,0.0,0.0,0.0,0.0,41.0,0.90000004
2022-03-11 00:00:00,3.9272695,0.0,0.0,0.0,0.0,0.0,43.0,3.3000002
2022-03-11 01:00:00,3.6472695,0.0,0.0,0.0,0.0,0.0,43.0,0.6
2022-03-11 02:00:00,3.3672693,0.0,0.0,0.0,0.0,0.0,38.0,0.3
2022-03-11 03:00:00,3.3272693,0.0,0.0,0.0,0.0,0.0,35.0,3.6000001
2022-03-11 04:00:00,3.1672695,0.0,0.0,0.0,0.0,0.0,36.0,3.9
2022-03-11 05:00:00,3.0972693,0.0,0.0,0.0,0.0,0.0,37.0,4.8
2022-03-11 06:00:00,2.7372694,0.0,0.0,0.0,0.0,0.0,39.0,3.3000002
2022-03-11 07:00:00,2.2272694,13.355053,0.89,0.25400364,0.63599634,0.0,43.0,2.7
2022-03-11 08:00:00,3.9072695,57.89362,105.909996,56.53861,49.371387,0.0,44.0,3.3000002
2022-03-11 09:00:00,5.5972695,55.78723,277.68,156.61292,121.06707,0.0,44.0,6.6000004
2022-03-11 10:00:00,6.81727,58.723404,427.19998,252.12791,175.07207,0.0,43.0,2.0
2022-03-11 11:00:00,7.6272697,58.085106,544.68,332.58154,212.09845,0.0,45.0,3.0
2022-03-11 12:00:00,8.227269,60.0,622.11,388.10593,234.00406,0.0,46.0,0.0
2022-03-11 13:00:00,9.567269,58.085106,647.02997,407.0134,240.01657,0.0,46.0,3.0
2022-03-11 14:00:00,9.527269,0.0,581.17,363.71478,217.45518,0.0,48.0,100.0
2022-03-11 15:00:00,10.04727,0.0,408.50998,286.92038,121.5896,0.0,47.0,100.0
2022-03-11 16:00:00,11.00727,0.0,382.69998,228.97069,153.7293,0.0,43.0,100.0
2022-03-11 17:00:00,9.79727,18.510641,293.69998,167.60443,126.09556,0.0,47.0,65.0
2022-03-11 18:00:00,8.45727,0.0,140.62,76.11772,64.50227,0.0,50.0,100.0
2022-03-11 19:00:00,4.75727,19.488474,10.68,5.5518484,5.128152,0.0,57.0,29.0
2022-03-11 20:00:00,3.6872694,0.0,0.0,0.0,0.0,0.0,51.0,5.4
2022-03-11 21:00:00,3.6172693,0.0,0.0,0.0,0.0,0.0,48.0,11.400001
2022-03-11 22:00:00,3.5672693,0.0,0.0,0.0,0.0,0.0,45.0,11.0
2022-03-11 23:00:00,4.1372695,0.0,0.0,0.0,0.0,0.0,46.0,100.0
2022-03-12 00:00:00,4.2672696,0.0,0.0,0.0,0.0,0.0,48.0,100.0
2022-03-12 01:00:00,4.8672695,0.0,0.0,0.0,0.0,0.0,48.0,100.0
2022-03-12 02:00:00,3.9272695,0.0,0.0,0.0,0.0,0.0,53.0,100.0
2022-03-12 03:00:00,2.8572693,0.0,0.0,0.0,0.0,0.0,56.0,34.0
2022-03-12 04:00:00,3.0872693,0.0,0.0,0.0,0.0,0.0,49.0,38.0
2022-03-12 05:00:00,2.6072693,0.0,0.0,0.0,0.0,0.0,48.0,6.0
2022-03-12 06:00:00,2.1472695,0.0,0.0,0.0,0.0,0.0,49.0,46.0
2022-03-12 07:00:00,1.9972694,8.694325,0.89,0.10940766,0.7805923,0.0,50.0,42.0
2022-03-12 08:00:00,3.1272695,57.31915,109.47,58.55566,50.91434,0.0,52.0,4.2000003
2022-03-12 09:00:00,4.8472695,56.55319,278.57,157.41158,121.15843,0.0,49.0,5.4
2022-03-12 10:00:00,5.8772697,55.02128,425.41998,251.5259,173.89409,0.0,47.0,7.8
2022-03-12 11:00:00,6.9672694,54.893616,539.33997,329.8784,209.46158,0.0,47.0,8.0
2022-03-12 12:00:00,7.4872694,35.744682,611.43,382.0573,229.37268,0.0,48.0,38.0
2022-03-12 13:00:00,8.37727,30.0,639.91,403.15457,236.7554,0.0,47.0,47.0
2022-03-12 14:00:00,8.76727,35.106384,619.44,388.24084,231.19916,0.0,48.0,39.0
2022-03-12 15:00:00,8.99727,9.574467,549.13,337.88693,211.24307,0.0,48.0,79.0
2022-03-12 16:00:00,9.027269,3.191489,440.55,262.76904,177.78094,0.0,48.0,89.0
2022-03-12 17:00:00,8.947269,0.0,309.72,176.9988,132.7212,0.0,48.0,100.0
2022-03-12 18:00:00,7.2272696,3.8297868,146.84999,79.60559,67.2444,0.0,55.0,88.0
2022-03-12 19:00:00,5.2172694,15.429788,12.46,6.482002,5.9779983,0.0,54.0,45.0
2022-03-12 20:00:00,4.8072696,0.0,0.0,0.0,0.0,0.0,52.0,16.0
2022-03-12 21:00:00,4.5372696,0.0,0.0,0.0,0.0,0.0,53.0,79.0
2022-03-12 22:00:00,4.8772697,0.0,0.0,0.0,0.0,0.0,53.0,76.0
2022-03-12 23:00:00,4.54727,0.0,0.0,0.0,0.0,0.0,53.0,25.0
2022-03-13 00:00:00,3.7172694,0.0,0.0,0.0,0.0,0.0,55.0,22.0
2022-03-13 01:00:00,2.9472694,0.0,0.0,0.0,0.0,0.0,57.0,53.0
2022-03-13 02:00:00,3.1472695,0.0,0.0,0.0,0.0,0.0,54.0,48.0
2022-03-13 03:00:00,2.8672693,0.0,0.0,0.0,0.0,0.0,54.0,26.0
2022-03-13 04:00:00,2.8272693,0.0,0.0,0.0,0.0,0.0,53.0,24.0
2022-03-13 05:00:00,2.8072693,0.0,0.0,0.0,0.0,0.0,50.0,37.0
2022-03-13 06:00:00,2.8772695,0.0,0.0,0.0,0.0,0.0,50.0,96.0
2022-03-13 07:00:00,3.0572693,0.0,1.78,0.77996683,1.0000331,0.0,51.0,100.0
2022-03-13 08:00:00,4.9072695,0.0,104.13,55.810577,48.31942,0.0,51.0,100.0
2022-03-13 09:00:00,6.7172694,0.0,261.66,148.13518,113.524826,0.0,48.0,100.0
2022-03-13 10:00:00,8.017269,0.0,412.07,244.0667,168.00331,0.0,46.0,98.0
2022-03-13 11:00:00,8.817269,0.0,517.08997,316.80228,200.28769,0.0,47.0,100.0
2022-03-13 12:00:00,9.62727,0.0,578.5,362.05905,216.44095,0.0,47.0,100.0
2022-03-13 13:00:00,9.4072695,60.0,655.04,413.3177,241.72229,0.0,48.0,0.0
2022-03-13 14:00:00,9.697269,60.0,633.68,397.75104,235.92894,0.0,48.0,0.0
2022-03-13 15:00:00,9.55727,60.0,564.26,347.6949,216.56512,0.0,49.0,0.0
2022-03-13 16:00:00,9.80727,52.97872,455.68,272.17847,183.50153,0.0,48.0,11.0
2022-03-13 17:00:00,7.6572695,0.0,199.36,133.12486,66.23514,0.0,56.0,100.0
2022-03-13 18:00:00,7.1672697,0.0,110.36,59.911495,50.448505,0.0,58.0,100.0
2022-03-13 19:00:00,5.8772697,0.0,12.46,6.4868436,5.9731565,0.0,59.0,100.0
2022-03-13 20:00:00,6.1672697,0.0,0.0,0.0,0.0,0.0,55.0,100.0
2022-03-13 21:00:00,5.7272696,0.0,0.0,0.0,0.0,0.0,58.0,100.0
2022-03-13 22:00:00,5.4972696,0.0,0.0,0.0,0.0,0.0,58.0,100.0
2022-03-13 23:00:00,5.08727,0.0,0.0,0.0,0.0,0.0,58.0,100.0
2022-03-14 00:00:00,4.3972697,0.0,0.0,0.0,0.0,0.0,59.0,100.0
2022-03-14 01:00:00,4.7072697,0.0,0.0,0.0,0.0,0.0,61.0,100.0
2022-03-14 02:00:00,4.6572695,0.0,0.0,0.0,0.0,0.0,62.0,100.0
2022-03-14 03:00:00,3.2872694,0.0,0.0,0.0,0.0,0.0,65.0,79.0
2022-03-14 04:00:00,3.5772693,0.0,0.0,0.0,0.0,0.0,63.0,100.0
2022-03-14 05:00:00,3.9572694,0.0,0.0,0.0,0.0,0.0,63.0,84.0
2022-03-14 06:00:00,3.6572695,0.0,0.0,0.0,0.0,0.0,62.0,8.0
2022-03-14 07:00:00,3.9072695,11.706384,2.67,1.7073972,0.9626028,0.0,61.0,38.0
2022-03-14 08:00:00,5.6672697,49.787235,120.15,64.525116,55.62488,0.0,58.0,16.0
2022-03-14 09:00:00,6.77727,55.531918,290.13998,164.56732,125.572655,0.0,50.0,7.0
2022-03-14 10:00:00,7.9672694,41.48936,436.99,259.28513,177.70486,0.0,46.0,29.0
2022-03-14 11:00:00,9.30727,44.68085,551.8,338.63373,213.16626,0.0,43.0,24.0
2022-03-14 12:00:00,10.21727,38.93617,626.56,392.76074,233.79927,0.0,42.0,33.0
2022-03-14 13:00:00,9.647269,59.04255,667.5,421.81885,245.68115,0.0,48.0,1.5
2022-03-14 14:00:00,10.37727,55.404255,650.58997,408.96234,241.62762,0.0,42.0,7.2000003
2022-03-14 15:00:00,10.78727,26.80851,576.72,355.8791,220.8409,0.0,38.0,52.0
2022-03-14 16:00:00,10.84727,28.085108,463.69,277.35275,186.33725,0.0,40.0,50.0
2022-03-14 17:00:00,10.46727,0.0,301.71,172.91011,128.79988,0.0,43.0,100.0
2022-03-14 18:00:00,9.82727,0.0,118.369995,64.35271,54.01729,0.0,46.0,100.0
2022-03-14 19:00:00,9.16727,0.0,13.349999,6.9553714,6.394628,0.0,44.0,100.0
2022-03-14 20:00:00,7.6672697,0.0,0.0,0.0,0.0,0.0,56.0,100.0
2022-03-14 21:00:00,6.4172697,0.0,0.0,0.0,0.0,0.0,55.0,100.0
2022-03-14 22:00:00,7.02727,0.0,0.0,0.0,0.0,0.0,49.0,100.0
2022-03-14 23:00:00,7.1272697,0.0,0.0,0.0,0.0,0.0,51.0,100.0
2022-03-15 00:00:00,7.31727,0.0,0.0,0.0,0.0,0.0,55.0,100.0
2022-03-15 01:00:00,6.9872694,0.0,0.0,0.0,0.0,0.0,63.0,100.0
2022-03-15 02:00:00,7.3772697,0.0,0.0,0.0,0.0,0.0,61.0,100.0
2022-03-15 03:00:00,7.7872696,0.0,0.0,0.0,0.0,0.0,57.0,100.0
2022-03-15 04:00:00,8.1172695,0.0,0.0,0.0,0.0,0.0,56.0,100.0
2022-03-15 05:00:00,7.8472695,0.0,0.0,0.0,0.0,0.0,58.0,100.0
2022-03-15 06:00:00,6.33727,0.0,0.0,0.0,0.0,0.0,67.0,100.0
2022-03-15 07:00:00,6.3272696,0.0,1.78,0.32752848,1.4524715,0.0,69.0,100.0
2022-03-15 08:00:00,7.7472696,0.0,63.19,36.868942,26.321058,0.0,67.0,100.0
2022-03-15 09:00:00,8.03727,0.0,149.52,106.001114,43.518894,0.0,67.0,100.0
2022-03-15 10:00:00,9.54727,0.0,199.36,89.15383,110.20617,0.0,63.0,100.0
2022-03-15 11:00:00,11.58727,0.0,308.83,180.19852,128.63147,0.0,59.0,100.0
2022-03-15 12:00:00,11.95727,0.0,273.22998,85.53586,187.69412,0.0,61.0,100.0
2022-03-15 13:00:00,14.82727,0.6382978,631.89996,399.92322,231.97673,0.0,51.0,93.0
2022-03-15 14:00:00,14.447269,15.957448,609.64996,383.78354,225.86642,0.0,53.0,69.0
2022-03-15 15:00:00,14.397269,19.148937,504.63,318.72772,185.9023,0.0,52.0,64.0
2022-03-15 16:00:00,14.4072695,26.170214,412.96,247.35448,165.60551,0.0,54.0,53.0
2022-03-15 17:00:00,14.09727,42.765953,320.4,183.87952,136.52048,0.0,58.0,27.0
2022-03-15 18:00:00,12.24727,47.234047,162.87,88.672905,74.19709,0.0,66.0,20.0
2022-03-15 19:00:00,11.4072695,17.293617,17.8,9.28073,8.519269,0.0,67.0,46.0
2022-03-15 20:00:00,11.16727,0.0,0.0,0.0,0.0,0.0,65.0,9.6
2022-03-15 21:00:00,10.977269,0.0,0.0,0.0,0.0,0.0,59.0,30.000002
2022-03-15 22:00:00,10.75727,0.0,0.0,0.0,0.0,0.0,55.0,30.000002
2022-03-15 23:00:00,10.777269,0.0,0.0,0.0,0.0,0.0,50.0,48.0
2022-03-16 00:00:00,11.147269,0.0,0.0,0.0,0.0,0.0,46.0,30.000002
2022-03-16 01:00:00,10.437269,0.0,0.0,0.0,0.0,0.0,48.0,21.0
2022-03-16 02:00:00,10.13727,0.0,0.0,0.0,0.0,0.0,49.0,18.6
2022-03-16 03:00:00,9.937269,0.0,0.0,0.0,0.0,0.0,49.0,7.8
2022-03-16 04:00:00,9.107269,0.0,0.0,0.0,0.0,0.0,51.0,5.4
2022-03-16 05:00:00,9.12727,0.0,0.0,0.0,0.0,0.0,53.0,4.5
2022-03-16 06:00:00,8.727269,0.0,0.0,0.0,0.0,0.0,57.0,3.9
2022-03-16 07:00:00,8.74727,23.4328,5.34,3.1133878,2.2266123,0.0,58.0,0.6
2022-03-16 08:00:00,10.12727,60.0,121.04,65.261185,55.778816,0.0,56.0,0.0
2022-03-16 09:00:00,11.71727,60.0,288.36,164.16891,124.19108,0.0,55.0,0.0
2022-03-16 10:00:00,13.28727,60.0,438.77,261.25696,177.51305,0.0,50.0,0.0
2022-03-16 11:00:00,14.46727,60.0,557.14,343.04547,214.09456,0.0,47.0,0.0
2022-03-16 12:00:00,15.50727,60.0,634.57,399.0332,235.53682,0.0,44.0,0.0
2022-03-16 13:00:00,14.8672695,60.0,660.38,418.57263,241.80736,0.0,52.0,0.0
2022-03-16 14:00:00,15.67727,59.61702,641.69,404.53503,237.15497,0.0,48.0,0.6
2022-03-16 15:00:00,16.21727,58.085106,575.83,356.33234,219.49767,0.0,45.0,3.0
2022-03-16 16:00:00,16.177269,58.085106,470.81,282.39722,188.41278,0.0,46.0,3.0
2022-03-16 17:00:00,15.83727,58.851063,334.63998,192.32037,142.31961,0.0,46.0,1.8000001
2022-03-16 18:00:00,14.737269,56.361702,170.88,93.16713,77.712875,0.0,50.0,5.7000003
2022-03-16 19:00:00,13.937269,34.945515,19.58,10.216373,9.3636265,0.0,49.0,0.90000004
2022-03-16 20:00:00,13.59727,0.0,0.0,0.0,0.0,0.0,50.0,6.6000004
2022-03-16 21:00:00,13.55727,0.0,0.0,0.0,0.0,0.0,46.0,30.000002
2022-03-16 22:00:00,12.04727,0.0,0.0,0.0,0.0,0.0,50.0,26.1
2022-03-16 23:00:00,11.71727,0.0,0.0,0.0,0.0,0.0,59.0,7.8
2022-03-17 00:00:00,11.277269,0.0,0.0,0.0,0.0,0.0,67.0,6.3
2022-03-17 01:00:00,10.42727,0.0,0.0,0.0,0.0,0.0,71.0,6.3
2022-03-17 02:00:00,9.99727,0.0,0.0,0.0,0.0,0.0,71.0,6.9
2022-03-17 03:00:00,9.83727,0.0,0.0,0.0,0.0,0.0,68.0,11.0
2022-03-17 04:00:00,9.17727,0.0,0.0,0.0,0.0,0.0,70.0,30.0
2022-03-17 05:00:00,8.95727,0.0,0.0,0.0,0.0,0.0,69.0,31.0
2022-03-17 06:00:00,8.66727,0.0,0.0,0.0,0.0,0.0,67.0,38.0
2022-03-17 07:00:00,8.95727,14.415248,7.12,3.69641,3.42359,0.0,62.0,41.0
2022-03-17 08:00:00,10.29727,0.0,134.39,72.60366,61.78634,0.0,62.0,100.0
2022-03-17 09:00:00,11.727269,0.0,238.51999,136.0485,102.47149,0.0,62.0,100.0
2022-03-17 10:00:00,13.09727,0.0,336.41998,222.70955,113.710434,0.0,60.0,100.0
2022-03-17 11:00:00,14.29727,0.0,421.86,296.06387,125.79611,0.0,53.0,100.0
2022-03-17 12:00:00,15.20727,0.0,453.9,376.37454,77.525444,0.0,49.0,100.0
2022-03-17 13:00:00,14.107269,26.80851,633.68,402.2481,231.4319,0.0,56.0,52.0
2022-03-17 14:00:00,14.12727,22.340425,624.77997,394.43896,230.34102,0.0,56.0,59.0
2022-03-17 15:00:00,14.227269,28.723406,566.04,350.76248,215.2775,0.0,56.0,49.0
2022-03-17 16:00:00,14.04727,33.19149,462.8,277.97516,184.82484,0.0,59.0,42.0
2022-03-17 17:00:00,13.447269,37.659573,329.3,189.51363,139.78636,0.0,64.0,35.0
2022-03-17 18:00:00,12.46727,0.0,161.98,88.440155,73.53984,0.0,70.0,100.0
2022-03-17 19:00:00,11.49727,0.0,16.91,8.82973,8.08027,0.0,73.0,100.0
2022-03-17 20:00:00,10.777269,0.0,0.0,0.0,0.0,0.0,77.0,100.0
2022-03-17 21:00:00,11.04727,0.0,0.0,0.0,0.0,0.0,77.0,100.0
2022-03-17 22:00:00,11.067269,0.0,0.0,0.0,0.0,0.0,75.0,100.0
2022-03-17 23:00:00,10.447269,0.0,0.0,0.0,0.0,0.0,77.0,100.0
2022-03-18 00:00:00,9.88727,0.0,0.0,0.0,0.0,0.0,79.0,100.0
2022-03-18 01:00:00,9.107269,0.0,0.0,0.0,0.0,0.0,81.0,100.0
2022-03-18 02:00:00,8.347269,0.0,0.0,0.0,0.0,0.0,85.0,100.0
2022-03-18 03:00:00,7.7872696,0.0,0.0,0.0,0.0,0.0,86.0,100.0
2022-03-18 04:00:00,7.2072697,0.0,0.0,0.0,0.0,0.0,88.0,100.0
2022-03-18 05:00:00,6.8272696,0.0,0.0,0.0,0.0,0.0,89.0,100.0
2022-03-18 06:00:00,6.5372696,0.0,0.0,0.0,0.0,0.0,90.0,100.0
2022-03-18 07:00:00,6.3072696,0.0,3.56,1.3118653,2.2481346,0.0,91.0,100.0
2022-03-18 08:00:00,7.06727,0.0,66.75,42.850792,23.89921,0.0,88.0,100.0
2022-03-18 09:00:00,8.08727,0.0,164.65,120.29185,44.358147,0.0,82.0,100.0
2022-03-18 10:00:00,9.6172695,0.0,335.53,224.99266,110.53734,0.0,75.0,100.0
2022-03-18 11:00:00,10.63727,0.0,495.72998,316.2823,179.44768,0.0,72.0,100.0
2022-03-18 12:00:00,11.57727,0.0,586.51,375.1409,211.36911,0.0,70.0,100.0
2022-03-18 13:00:00,10.99727,0.0,616.77,397.39166,219.37834,0.0,69.0,100.0
2022-03-18 14:00:00,11.737269,0.0,580.27997,378.9214,201.35857,0.0,67.0,100.0
2022-03-18 15:00:00,11.897269,0.0,449.44998,313.56067,135.88931,0.0,66.0,100.0
2022-03-18 16:00:00,12.70727,0.0,409.4,250.5158,158.8842,0.0,60.0,95.0
2022-03-18 17:00:00,12.947269,0.0,309.72,178.49089,131.22911,0.0,58.0,100.0
2022-03-18 18:00:00,11.947269,54.255318,168.20999,91.97173,76.23826,0.0,60.0,9.0
2022-03-18 19:00:00,9.96727,19.05,24.029999,12.556734,11.473265,0.0,62.0,47.0
2022-03-18 20:00:00,8.88727,0.0,0.0,0.0,0.0,0.0,65.0,50.0
2022-03-18 21:00:00,8.397269,0.0,0.0,0.0,0.0,0.0,65.0,54.0
2022-03-18 22:00:00,7.4172697,0.0,0.0,0.0,0.0,0.0,68.0,63.0
2022-03-18 23:00:00,6.6672697,0.0,0.0,0.0,0.0,0.0,69.0,100.0
2022-03-19 00:00:00,5.3072696,0.0,0.0,0.0,0.0,0.0,73.0,67.0
2022-03-19 01:00:00,4.4972696,0.0,0.0,0.0,0.0,0.0,74.0,52.0
2022-03-19 02:00:00,3.6872694,0.0,0.0,0.0,0.0,0.0,77.0,60.0
2022-03-19 03:00:00,3.4772694,0.0,0.0,0.0,0.0,0.0,77.0,100.0
2022-03-19 04:00:00,3.0072694,0.0,0.0,0.0,0.0,0.0,78.0,100.0
2022-03-19 05:00:00,1.9972694,0.0,0.0,0.0,0.0,0.0,81.0,100.0
2022-03-19 06:00:00,1.3072695,0.0,0.0,0.0,0.0,0.0,83.0,84.0
2022-03-19 07:00:00,1.6972694,21.690956,10.68,5.5561543,5.123846,0.0,80.0,25.0
2022-03-19 08:00:00,3.6572695,60.0,145.95999,79.168594,66.7914,0.0,73.0,0.0
2022-03-19 09:00:00,5.81727,60.0,307.05,175.79105,131.25894,0.0,66.0,0.0
2022-03-19 10:00:00,7.7872696,60.0,456.57,273.28665,183.28336,0.0,60.0,0.0
2022-03-19 11:00:00,8.96727,60.0,573.16,354.65515,218.50482,0.0,58.0,0.0
2022-03-19 12:00:00,9.63727,56.170216,647.02997,408.76913,238.26083,0.0,57.0,6.0
2022-03-19 13:00:00,10.21727,58.085106,674.62,429.49905,245.12094,0.0,57.0,3.0
2022-03-19 14:00:00,10.59727,27.446808,655.04,414.71484,240.32513,0.0,58.0,51.0
2022-03-19 15:00:00,9.91727,0.0,477.93,323.35394,154.57607,0.0,59.0,100.0
2022-03-19 16:00:00,9.6172695,0.0,250.09,137.05408,113.03591,0.0,59.0,100.0
2022-03-19 17:00:00,9.41727,0.0,162.87,93.77267,69.09733,0.0,60.0,100.0
2022-03-19 18:00:00,8.84727,0.0,98.79,60.523476,38.266525,0.0,62.0,100.0
2022-03-19 19:00:00,7.4172697,0.0,20.47,10.704323,9.7656765,0.0,70.0,100.0
2022-03-19 20:00:00,6.77727,0.0,0.0,0.0,0.0,0.0,75.0,100.0
2022-03-19 21:00:00,6.4772696,0.0,0.0,0.0,0.0,0.0,77.0,100.0
2022-03-19 22:00:00,6.10727,0.0,0.0,0.0,0.0,0.0,79.0,100.0
2022-03-19 23:00:00,4.7872696,0.0,0.0,0.0,0.0,0.0,82.0,0.0
2022-03-20 00:00:00,4.4572697,0.0,0.0,0.0,0.0,0.0,70.0,0.0
2022-03-20 01:00:00,4.2272696,0.0,0.0,0.0,0.0,0.0,64.0,100.0
2022-03-20 02:00:00,2.8572693,0.0,0.0,0.0,0.0,0.0,65.0,27.0
2022-03-20 03:00:00,4.0672693,0.0,0.0,0.0,0.0,0.0,61.0,100.0
2022-03-20 04:00:00,3.7872694,0.0,0.0,0.0,0.0,0.0,52.0,100.0
2022-03-20 05:00:00,3.9272695,0.0,0.0,0.0,0.0,0.0,57.0,84.0
2022-03-20 06:00:00,4.1172695,0.0,0.0,0.0,0.0,0.0,54.0,9.0
2022-03-20 07:00:00,3.3772695,19.131382,12.46,6.4889064,5.9710937,0.0,56.0,37.0
2022-03-20 08:00:00,5.7872696,60.0,153.08,83.194984,69.88502,0.0,56.0,0.0
2022-03-20 09:00:00,7.2172694,15.957448,321.29,184.28445,137.00555,0.0,49.0,69.0
2022-03-20 10:00:00,8.45727,31.276594,467.25,280.16382,187.08617,0.0,43.0,45.0
2022-03-20 11:00:00,9.32727,60.0,586.51,363.50543,223.00458,0.0,44.0,0.0
2022-03-20 12:00:00,9.87727,60.0,665.72,421.22107,244.49892,0.0,43.0,0.0
2022-03-20 13:00:00,10.34727,60.0,699.54,446.0129,253.52707,0.0,37.0,0.0
2022-03-20 14:00:00,10.53727,60.0,678.18,429.96585,248.21414,0.0,39.0,0.0
2022-03-20 15:00:00,10.66727,60.0,608.76,378.79163,229.96837,0.0,41.0,0.0
2022-03-20 16:00:00,10.32727,60.0,493.94998,297.8965,196.05347,0.0,41.0,0.0
2022-03-20 17:00:00,9.62727,60.0,349.77,202.12312,147.64687,0.0,42.0,0.0
2022-03-20 18:00:00,7.6972694,60.0,180.67,99.06289,81.60711,0.0,50.0,0.0
2022-03-20 19:00:00,5.8472695,40.916668,24.92,13.040887,11.879113,0.0,52.0,0.0
2022-03-20 20:00:00,5.1572695,0.0,0.0,0.0,0.0,0.0,49.0,0.0
2022-03-20 21:00:00,5.2872696,0.0,0.0,0.0,0.0,0.0,41.0,0.0
2022-03-20 22:00:00,4.3172693,0.0,0.0,0.0,0.0,0.0,38.0,0.0
2022-03-20 23:00:00,3.9472694,0.0,0.0,0.0,0.0,0.0,39.0,0.0
2022-03-21 00:00:00,3.9572694,0.0,0.0,0.0,0.0,0.0,40.0,0.0
2022-03-21 01:00:00,3.9672694,0.0,0.0,0.0,0.0,0.0,39.0,0.0
2022-03-21 02:00:00,4.1872697,0.0,0.0,0.0,0.0,0.0,39.0,0.0
2022-03-21 03:00:00,4.0972695,0.0,0.0,0.0,0.0,0.0,39.0,0.0
2022-03-21 04:00:00,4.2072697,0.0,0.0,0.0,0.0,0.0,40.0,0.0
2022-03-21 05:00:00,4.0472693,0.0,0.0,0.0,0.0,0.0,42.0,0.0
2022-03-21 06:00:00,4.0172696,0.0,0.0,0.0,0.0,0.0,43.0,0.0
2022-03-21 07:00:00,4.4472694,33.533333,13.349999,6.9596,6.3903995,0.0,45.0,0.0
2022-03-21 08:00:00,6.1572695,60.0,154.86,84.32856,70.53144,0.0,45.0,0.0
2022-03-21 09:00:00,7.83727,60.0,327.52,188.20424,139.31575,0.0,43.0,0.0
2022-03-21 10:00:00,8.947269,60.0,479.71,288.1303,191.57967,0.0,41.0,0.0
2022-03-21 11:00:00,9.6172695,60.0,599.86,372.37936,227.48062,0.0,38.0,0.0
2022-03-21 12:00:00,10.54727,60.0,677.29,429.19324,248.09673,0.0,36.0,0.0
2022-03-21 13:00:00,11.187269,60.0,704.88,450.06674,254.81326,0.0,37.0,0.0
2022-03-21 14:00:00,11.59727,60.0,683.52,433.9527,249.5673,0.0,37.0,0.0
2022-03-21 15:00:00,11.75727,60.0,611.43,380.96722,230.46278,0.0,38.0,0.0
2022-03-21 16:00:00,11.67727,60.0,497.50998,300.44537,197.06462,0.0,39.0,0.0
2022-03-21 17:00:00,10.91727,60.0,353.33,204.45671,148.87328,0.0,40.0,0.0
2022-03-21 18:00:00,8.817269,60.0,184.23,101.155975,83.07402,0.0,50.0,0.0
2022-03-21 19:00:00,6.6872697,42.316666,27.59,14.448634,13.141366,0.0,52.0,0.0
2022-03-21 20:00:00,5.8072696,0.0,0.0,0.0,0.0,0.0,48.0,0.0
2022-03-21 21:00:00,5.9772696,0.0,0.0,0.0,0.0,0.0,38.0,0.0
2022-03-21 22:00:00,5.7172694,0.0,0.0,0.0,0.0,0.0,31.0,0.0
2022-03-21 23:00:00,4.54727,0.0,0.0,0.0,0.0,0.0,30.0,0.0
2022-03-22 00:00:00,4.6872697,0.0,0.0,0.0,0.0,0.0,29.0,0.0
2022-03-22 01:00:00,4.6772695,0.0,0.0,0.0,0.0,0.0,29.0,0.0
2022-03-22 02:00:00,4.5172696,0.0,0.0,0.0,0.0,0.0,30.0,0.0
2022-03-22 03:00:00,4.4072695,0.0,0.0,0.0,0.0,0.0,31.0,0.0
2022-03-22 04:00:00,4.3872695,0.0,0.0,0.0,0.0,0.0,30.0,0.0
2022-03-22 05:00:00,4.7472696,0.0,0.0,0.0,0.0,0.0,27.0,0.0
2022-03-22 06:00:00,4.0272694,0.0,0.0,0.0,0.0,0.0,26.0,0.0
2022-03-22 07:00:00,5.1772695,35.533333,15.13,7.895708,7.234292,0.0,29.0,0.0
2022-03-22 08:00:00,6.7172694,60.0,160.2,87.40819,72.79181,0.0,32.0,0.0
2022-03-22 09:00:00,8.25727,60.0,332.86,191.62389,141.2361,0.0,35.0,0.0
2022-03-22 10:00:00,8.95727,60.0,485.94,292.37173,193.56827,0.0,38.0,0.0
2022-03-22 11:00:00,9.6172695,60.0,606.98,377.4021,229.57787,0.0,40.0,0.0
2022-03-22 12:00:00,10.317269,60.0,687.08,436.05197,251.02805,0.0,41.0,0.0
2022-03-22 13:00:00,11.28727,60.0,712.0,455.261,256.739,0.0,38.0,0.0
2022-03-22 14:00:00,11.83727,60.0,693.31,440.76993,252.54007,0.0,35.0,0.0
2022-03-22 15:00:00,11.92727,60.0,624.77997,389.80322,234.97675,0.0,34.0,0.0
2022-03-22 16:00:00,11.70727,60.0,509.97,308.37592,201.59409,0.0,34.0,0.0
2022-03-22 17:00:00,10.95727,60.0,364.00998,210.91751,153.09247,0.0,37.0,0.0
2022-03-22 18:00:00,8.777269,60.0,192.23999,105.699486,86.540504,0.0,46.0,0.0
2022-03-22 19:00:00,7.2372694,43.716667,30.26,15.858283,14.401717,0.0,46.0,0.0
2022-03-22 20:00:00,6.02727,0.0,0.0,0.0,0.0,0.0,42.0,0.0
2022-03-22 21:00:00,5.3972697,0.0,0.0,0.0,0.0,0.0,36.0,0.0
2022-03-22 22:00:00,5.33727,0.0,0.0,0.0,0.0,0.0,28.0,0.0
2022-03-22 23:00:00,5.4772696,0.0,0.0,0.0,0.0,0.0,29.0,0.0
2022-03-23 00:00:00,4.9872694,0.0,0.0,0.0,0.0,0.0,38.0,0.0
2022-03-23 01:00:00,4.9772696,0.0,0.0,0.0,0.0,0.0,34.0,0.0
2022-03-23 02:00:00,5.2072697,0.0,0.0,0.0,0.0,0.0,35.0,0.0
2022-03-23 03:00:00,5.3672695,0.0,0.0,0.0,0.0,0.0,41.0,0.0
2022-03-23 04:00:00,4.8872695,0.0,0.0,0.0,0.0,0.0,45.0,0.0
2022-03-23 05:00:00,4.9272695,0.0,0.0,0.0,0.0,0.0,44.0,0.0
2022-03-23 06:00:00,4.9072695,0.0,0.0,0.0,0.0,0.0,40.0,0.0
2022-03-23 07:00:00,5.1372695,37.533333,17.8,9.29866,8.501339,0.0,39.0,0.0
2022-03-23 08:00:00,6.8272696,60.0,166.43,90.98559,75.444405,0.0,40.0,0.0
2022-03-23 09:00:00,8.897269,60.0,340.87,196.59366,144.27634,0.0,36.0,0.0
2022-03-23 10:00:00,10.3672695,60.0,494.84,298.23297,196.60701,0.0,33.0,0.0
2022-03-23 11:00:00,11.277269,60.0,615.88,383.5442,232.3358,0.0,32.0,0.0
2022-03-23 12:00:00,12.21727,60.0,693.31,440.66235,252.64766,0.0,32.0,0.0
2022-03-23 13:00:00,12.977269,60.0,722.68,462.74332,259.93668,0.0,33.0,0.0
2022-03-23 14:00:00,13.57727,60.0,699.54,445.33362,254.20636,0.0,34.0,0.0
2022-03-23 15:00:00,13.647269,60.0,628.33997,392.54187,235.7981,0.0,36.0,0.0
2022-03-23 16:00:00,13.437269,60.0,513.52997,310.93512,202.59486,0.0,36.0,0.0
2022-03-23 17:00:00,12.79727,60.0,367.57,213.26262,154.30739,0.0,38.0,0.0
2022-03-23 18:00:00,11.237269,60.0,195.8,107.80469,87.995316,0.0,47.0,0.0
2022-03-23 19:00:00,10.01727,45.1,32.04,16.80317,15.236832,0.0,50.0,0.0
2022-03-23 20:00:00,9.09727,0.0,0.0,0.0,0.0,0.0,44.0,0.0
2022-03-23 21:00:00,8.987269,0.0,0.0,0.0,0.0,0.0,35.0,0.0
2022-03-23 22:00:00,8.62727,0.0,0.0,0.0,0.0,0.0,34.0,0.0
2022-03-23 23:00:00,8.37727,0.0,0.0,0.0,0.0,0.0,35.0,0.0
2022-03-24 00:00:00,8.017269,0.0,0.0,0.0,0.0,0.0,34.0,0.0
2022-03-24 01:00:00,7.8872695,0.0,0.0,0.0,0.0,0.0,30.0,0.0
2022-03-24 02:00:00,7.6172695,0.0,0.0,0.0,0.0,0.0,29.0,0.0
2022-03-24 03:00:00,7.31727,0.0,0.0,0.0,0.0,0.0,28.0,0.0
2022-03-24 04:00:00,7.10727,0.0,0.0,0.0,0.0,0.0,26.0,0.0
2022-03-24 05:00:00,6.4172697,0.0,0.0,0.0,0.0,0.0,28.0,0.0
2022-03-24 06:00:00,5.85727,0.0,0.0,0.0,0.0,0.0,31.0,0.0
2022-03-24 07:00:00,6.81727,39.533333,20.47,10.704482,9.765517,0.0,34.0,0.0
2022-03-24 08:00:00,8.347269,60.0,172.66,94.57604,78.08396,0.0,37.0,0.0
2022-03-24 09:00:00,10.25727,60.0,345.32,199.52228,145.79773,0.0,37.0,0.0
2022-03-24 10:00:00,11.4072695,60.0,498.4,300.8864,197.51358,0.0,35.0,0.0
2022-03-24 11:00:00,12.067269,60.0,616.77,384.70435,232.06569,0.0,37.0,0.0
2022-03-24 12:00:00,12.83727,60.0,694.2,441.8813,252.31874,0.0,37.0,0.0
2022-03-24 13:00:00,13.21727,60.0,723.57,463.9629,259.60712,0.0,35.0,0.0
2022-03-24 14:00:00,13.727269,60.0,699.54,445.9325,253.60748,0.0,36.0,0.0
2022-03-24 15:00:00,13.66727,60.0,625.67,391.3858,234.2842,0.0,37.0,0.0
2022-03-24 16:00:00,13.527269,60.0,509.97,309.18103,200.78899,0.0,40.0,0.0
2022-03-24 17:00:00,12.95727,60.0,364.9,211.9926,152.9074,0.0,45.0,0.0
2022-03-24 18:00:00,11.21727,60.0,195.8,107.952126,87.84788,0.0,58.0,0.0
2022-03-24 19:00:00,10.37727,46.5,33.82,17.749372,16.070627,0.0,50.0,0.0
2022-03-24 20:00:00,9.947269,0.0,0.0,0.0,0.0,0.0,49.0,0.0
2022-03-24 21:00:00,9.96727,0.0,0.0,0.0,0.0,0.0,46.0,0.0
2022-03-24 22:00:00,9.54727,0.0,0.0,0.0,0.0,0.0,44.0,0.0
2022-03-24 23:00:00,9.17727,0.0,0.0,0.0,0.0,0.0,42.0,0.0
2022-03-25 00:00:00,8.567269,0.0,0.0,0.0,0.0,0.0,41.0,0.0
2022-03-25 01:00:00,8.397269,0.0,0.0,0.0,0.0,0.0,41.0,0.0
2022-03-25 02:00:00,7.81727,0.0,0.0,0.0,0.0,0.0,43.0,0.0
2022-03-25 03:00:00,7.4972696,0.0,0.0,0.0,0.0,0.0,43.0,0.0
2022-03-25 04:00:00,7.1172695,0.0,0.0,0.0,0.0,0.0,42.0,0.0
2022-03-25 05:00:00,7.1472697,0.0,0.0,0.0,0.0,0.0,39.0,0.0
2022-03-25 06:00:00,6.8972697,0.0,0.0,0.0,0.0,0.0,37.0,0.0
2022-03-25 07:00:00,7.4972696,41.533333,23.14,12.113166,11.026834,0.0,37.0,0.0
2022-03-25 08:00:00,8.897269,60.0,176.22,96.71415,79.50585,0.0,41.0,0.0
2022-03-25 09:00:00,10.96727,60.0,346.21,200.39844,145.81155,0.0,39.0,0.0
2022-03-25 10:00:00,11.96727,60.0,495.72998,299.77753,195.95247,0.0,38.0,0.0
2022-03-25 11:00:00,12.447269,60.0,611.43,381.9709,229.45912,0.0,40.0,0.0
2022-03-25 12:00:00,13.20727,60.0,686.19,437.42426,248.76575,0.0,42.0,0.0
2022-03-25 13:00:00,13.527269,60.0,712.0,457.17896,254.82104,0.0,45.0,0.0
2022-03-25 14:00:00,13.88727,60.0,688.86,439.7099,249.15009,0.0,47.0,0.0
2022-03-25 15:00:00,14.32727,60.0,617.66,386.8772,230.78276,0.0,48.0,0.0
2022-03-25 16:00:00,14.397269,60.0,504.63,306.3385,198.29152,0.0,50.0,0.0
2022-03-25 17:00:00,13.54727,60.0,362.22998,210.71733,151.51265,0.0,53.0,0.0
2022-03-25 18:00:00,11.84727,60.0,195.8,108.09921,87.70079,0.0,59.0,0.0
2022-03-25 19:00:00,10.6172695,47.9,35.6,18.696886,16.903112,0.0,54.0,0.0
2022-03-25 20:00:00,10.34727,0.0,0.0,0.0,0.0,0.0,51.0,0.0
2022-03-25 21:00:00,10.317269,0.0,0.0,0.0,0.0,0.0,47.0,0.0
2022-03-25 22:00:00,9.88727,0.0,0.0,0.0,0.0,0.0,45.0,0.0
2022-03-25 23:00:00,9.32727,0.0,0.0,0.0,0.0,0.0,44.0,0.0
2022-03-26 00:00:00,8.74727,0.0,0.0,0.0,0.0,0.0,43.0,0.0
2022-03-26 01:00:00,7.7872696,0.0,0.0,0.0,0.0,0.0,43.0,0.0
2022-03-26 02:00:00,6.7072697,0.0,0.0,0.0,0.0,0.0,44.0,0.0
2022-03-26 03:00:00,5.4972696,0.0,0.0,0.0,0.0,0.0,41.0,0.0
2022-03-26 04:00:00,5.0172696,0.0,0.0,0.0,0.0,0.0,39.0,0.0
2022-03-26 05:00:00,4.3372693,0.0,0.0,0.0,0.0,0.0,43.0,0.0
2022-03-26 06:00:00,3.5172694,0.0,0.0,0.0,0.0,0.0,50.0,0.0
2022-03-26 07:00:00,4.6272697,43.533333,27.59,14.457446,13.132554,0.0,54.0,0.0
2022-03-26 08:00:00,6.9672694,60.0,186.9,102.77476,84.12524,0.0,61.0,0.0
2022-03-26 09:00:00,10.227269,60.0,360.44998,209.01671,151.43327,0.0,52.0,0.0
2022-03-26 10:00:00,12.487269,60.0,512.64,310.52118,202.11882,0.0,45.0,0.0
2022-03-26 11:00:00,13.697269,60.0,631.89996,395.3727,236.52725,0.0,43.0,0.0
2022-03-26 12:00:00,14.4072695,60.0,708.44,452.266,256.174,0.0,38.0,0.0
2022-03-26 13:00:00,14.34727,60.0,735.14,472.68817,262.45184,0.0,44.0,0.0
2022-03-26 14:00:00,14.96727,60.0,715.56,457.35654,258.20346,0.0,34.0,0.0
2022-03-26 15:00:00,15.397269,60.0,644.36,404.12076,240.23923,0.0,34.0,0.0
2022-03-26 16:00:00,14.937269,60.0,528.66,321.3368,207.32318,0.0,36.0,0.0
2022-03-26 17:00:00,13.897269,60.0,381.81,222.39644,159.41356,0.0,41.0,0.0
2022-03-26 18:00:00,11.567269,60.0,208.26,115.13394,93.12605,0.0,50.0,0.0
2022-03-26 19:00:00,9.447269,49.283333,40.05,21.048933,19.001066,0.0,50.0,0.0
2022-03-26 20:00:00,8.737269,0.0,0.0,0.0,0.0,0.0,35.0,0.0
2022-03-26 21:00:00,7.79727,0.0,0.0,0.0,0.0,0.0,32.0,0.0
2022-03-26 22:00:00,7.1872697,0.0,0.0,0.0,0.0,0.0,31.0,0.0
2022-03-26 23:00:00,7.10727,0.0,0.0,0.0,0.0,0.0,26.0,0.0
2022-03-27 00:00:00,6.6872697,0.0,0.0,0.0,0.0,0.0,26.0,0.0
2022-03-27 01:00:00,5.6972694,0.0,0.0,0.0,0.0,0.0,31.0,0.0
2022-03-27 02:00:00,5.5572696,0.0,0.0,0.0,0.0,0.0,33.0,0.0
2022-03-27 03:00:00,5.3972697,0.0,0.0,0.0,0.0,0.0,37.0,0.0
2022-03-27 04:00:00,5.60727,0.0,0.0,0.0,0.0,0.0,41.0,0.0
2022-03-27 05:00:00,5.5972695,0.0,0.0,0.0,0.0,0.0,43.0,0.0
2022-03-27 06:00:00,5.7372694,0.0,0.0,0.0,0.0,0.0,39.0,0.0
2022-03-27 07:00:00,6.7172694,45.516666,30.26,15.872687,14.387313,0.0,36.0,0.0
2022-03-27 08:00:00,8.24727,60.0,191.34999,105.42392,85.92607,0.0,41.0,0.0
2022-03-27 09:00:00,10.80727,60.0,364.9,211.97353,152.92647,0.0,35.0,0.0
2022-03-27 10:00:00,12.50727,60.0,517.08997,313.73254,203.35742,0.0,33.0,0.0
2022-03-27 11:00:00,13.34727,60.0,635.45996,398.20877,237.25119,0.0,33.0,0.0
2022-03-27 12:00:00,14.13727,60.0,713.77997,456.32764,257.45233,0.0,32.0,0.0
2022-03-27 13:00:00,14.51727,60.0,744.93,479.63132,265.29868,0.0,34.0,0.0
2022-03-27 14:00:00,15.41727,60.0,721.79,461.93683,259.85315,0.0,32.0,0.0
2022-03-27 15:00:00,15.51727,60.0,648.81,407.42612,241.38388,0.0,33.0,0.0
2022-03-27 16:00:00,15.197269,60.0,531.33,323.36603,207.96399,0.0,36.0,0.0
2022-03-27 17:00:00,14.357269,60.0,382.69998,223.20038,159.4996,0.0,41.0,0.0
2022-03-27 18:00:00,12.107269,60.0,210.93,116.76579,94.1642,0.0,55.0,0.0
2022-03-27 19:00:00,10.76727,50.666668,42.72,22.467947,20.252054,0.0,52.0,0.0
2022-03-27 20:00:00,9.88727,0.0,0.0,0.0,0.0,0.0,45.0,0.0
2022-03-27 21:00:00,9.59727,0.0,0.0,0.0,0.0,0.0,39.0,0.0
2022-03-27 22:00:00,9.28727,0.0,0.0,0.0,0.0,0.0,37.0,0.0
2022-03-27 23:00:00,8.937269,0.0,0.0,0.0,0.0,0.0,38.0,0.0
2022-03-28 00:00:00,8.277269,0.0,0.0,0.0,0.0,0.0,34.0,0.0
2022-03-28 01:00:00,8.097269,0.0,0.0,0.0,0.0,0.0,33.0,0.0
2022-03-28 02:00:00,8.317269,0.0,0.0,0.0,0.0,0.0,32.0,0.0
2022-03-28 03:00:00,8.107269,0.0,0.0,0.0,0.0,0.0,31.0,0.0
2022-03-28 04:00:00,7.9072695,0.0,0.0,0.0,0.0,0.0,31.0,0.0
2022-03-28 05:00:00,7.7172694,0.0,0.0,0.0,0.0,0.0,30.0,0.0
2022-03-28 06:00:00,7.7672696,0.0,0.0,0.0,0.0,0.0,29.0,0.0
2022-03-28 07:00:00,8.95727,47.5,32.93,17.290716,15.639284,0.0,31.0,0.0
2022-03-28 08:00:00,10.83727,60.0,195.8,108.08176,87.71825,0.0,36.0,0.0
2022-03-28 09:00:00,12.357269,60.0,368.46,214.4198,154.04019,0.0,34.0,0.0
2022-03-28 10:00:00,13.697269,60.0,518.87,315.32727,203.54271,0.0,32.0,0.0
2022-03-28 11:00:00,14.78727,60.0,635.45996,398.81348,236.64647,0.0,33.0,0.0
2022-03-28 12:00:00,15.38727,60.0,707.55,452.98712,254.56285,0.0,34.0,0.0
2022-03-28 13:00:00,15.607269,60.0,731.58,471.66788,259.91214,0.0,33.0,0.0
2022-03-28 14:00:00,15.947269,60.0,706.66,452.83533,253.82465,0.0,32.0,0.0
2022-03-28 15:00:00,15.96727,60.0,634.57,398.9837,235.58629,0.0,33.0,0.0
2022-03-28 16:00:00,15.817269,60.0,521.54,317.80432,203.73564,0.0,35.0,0.0
2022-03-28 17:00:00,14.857269,60.0,378.25,220.88603,157.36397,0.0,40.0,0.0
2022-03-28 18:00:00,12.78727,60.0,210.04,116.42785,93.612144,0.0,47.0,0.0
2022-03-28 19:00:00,11.42727,49.740284,44.5,23.420488,21.079512,0.0,44.0,4.2000003
2022-03-28 20:00:00,11.1572695,0.0,0.0,0.0,0.0,0.0,35.0,3.9
2022-03-28 21:00:00,11.07727,0.0,0.0,0.0,0.0,0.0,32.0,4.8
2022-03-28 22:00:00,10.75727,0.0,0.0,0.0,0.0,0.0,33.0,7.2000003
2022-03-28 23:00:00,10.067269,0.0,0.0,0.0,0.0,0.0,31.0,9.0
2022-03-29 00:00:00,9.71727,0.0,0.0,0.0,0.0,0.0,31.0,11.0
2022-03-29 01:00:00,9.57727,0.0,0.0,0.0,0.0,0.0,31.0,40.0
2022-03-29 02:00:00,9.777269,0.0,0.0,0.0,0.0,0.0,31.0,100.0
2022-03-29 03:00:00,9.70727,0.0,0.0,0.0,0.0,0.0,32.0,100.0
2022-03-29 04:00:00,9.607269,0.0,0.0,0.0,0.0,0.0,34.0,100.0
2022-03-29 05:00:00,9.25727,0.0,0.0,0.0,0.0,0.0,35.0,100.0
2022-03-29 06:00:00,9.04727,0.0,0.0,0.0,0.0,0.0,35.0,100.0
2022-03-29 07:00:00,10.067269,0.0,37.38,19.647135,17.732866,0.0,44.0,100.0
2022-03-29 08:00:00,10.857269,0.0,137.06,77.843414,59.216587,0.0,41.0,100.0
2022-03-29 09:00:00,11.737269,0.0,197.58,130.14374,67.43627,0.0,44.0,100.0
2022-03-29 10:00:00,13.21727,0.0,367.57,259.43466,108.13534,0.0,39.0,100.0
2022-03-29 11:00:00,13.6172695,0.0,405.84,289.17963,116.66037,0.0,38.0,100.0
2022-03-29 12:00:00,13.857269,0.0,346.21,137.6166,208.5934,0.0,41.0,100.0
2022-03-29 13:00:00,13.697269,0.0,574.05,415.77808,158.27193,0.0,42.0,100.0
2022-03-29 14:00:00,15.05727,3.191489,450.34,301.01727,149.32274,0.0,39.0,89.0
2022-03-29 15:00:00,15.227269,17.872341,603.42,379.87018,223.54982,0.0,39.0,66.0
2022-03-29 16:00:00,15.527269,0.0,475.25998,289.9624,185.29756,0.0,38.0,100.0
2022-03-29 17:00:00,14.57727,0.0,229.62,183.21303,46.406963,0.0,45.0,100.0
2022-03-29 18:00:00,13.4072695,0.0,148.63,83.98283,64.64718,0.0,54.0,100.0
2022-03-29 19:00:00,11.45727,0.0,16.91,12.740577,4.169423,0.0,57.0,100.0
2022-03-29 20:00:00,10.05727,0.0,0.0,0.0,0.0,0.0,61.0,88.0
2022-03-29 21:00:00,10.777269,0.0,0.0,0.0,0.0,0.0,55.0,100.0
2022-03-29 22:00:00,11.04727,0.0,0.0,0.0,0.0,0.0,51.0,100.0
2022-03-29 23:00:00,10.237269,0.0,0.0,0.0,0.0,0.0,54.0,100.0
2022-03-30 00:00:00,9.03727,0.0,0.0,0.0,0.0,0.0,60.0,100.0
2022-03-30 01:00:00,8.687269,0.0,0.0,0.0,0.0,0.0,63.0,100.0
2022-03-30 02:00:00,8.4072695,0.0,0.0,0.0,0.0,0.0,64.0,85.0
2022-03-30 03:00:00,8.55727,0.0,0.0,0.0,0.0,0.0,62.0,100.0
2022-03-30 04:00:00,8.16727,0.0,0.0,0.0,0.0,0.0,64.0,100.0
2022-03-30 05:00:00,8.277269,0.0,0.0,0.0,0.0,0.0,63.0,100.0
2022-03-30 06:00:00,8.267269,0.0,0.0,0.0,0.0,0.0,64.0,100.0
2022-03-30 07:00:00,8.67727,0.0,16.91,14.117935,2.792065,0.0,68.0,100.0
2022-03-30 08:00:00,9.947269,0.0,146.84999,81.36962,65.48037,0.0,66.0,100.0
2022-03-30 09:00:00,9.817269,0.0,201.14,132.14124,68.998764,0.0,65.0,100.0
2022-03-30 10:00:00,10.17727,0.0,140.62,5.0403748,135.57962,0.0,64.0,100.0
2022-03-30 11:00:00,9.07727,0.0,141.51,4.75441,136.75558,0.0,72.0,100.0
2022-03-30 12:00:00,8.857269,0.0,161.09,5.333084,155.75691,0.0,78.0,100.0
2022-03-30 13:00:00,9.58727,0.0,397.83,190.88217,206.94781,0.0,81.0,100.0
2022-03-30 14:00:00,9.50727,0.0,278.57,57.83815,220.73186,0.0,80.0,100.0
2022-03-30 15:00:00,9.88727,0.0,248.31,55.25905,193.05095,0.0,80.0,100.0
2022-03-30 16:00:00,9.777269,0.0,257.21,118.01924,139.19075,0.0,82.0,100.0
2022-03-30 17:00:00,9.59727,0.0,277.68,180.83603,96.843956,0.0,83.0,100.0
2022-03-30 18:00:00,8.387269,0.0,129.94,82.602615,47.337387,0.0,89.0,100.0
2022-03-30 19:00:00,7.3972697,0.0,16.02,10.323774,5.6962256,0.0,95.0,100.0
2022-03-30 20:00:00,7.1272697,0.0,0.0,0.0,0.0,0.0,95.0,100.0
2022-03-30 21:00:00,6.8672695,0.0,0.0,0.0,0.0,0.0,96.0,100.0
2022-03-30 22:00:00,6.6172695,0.0,0.0,0.0,0.0,0.0,97.0,100.0
2022-03-30 23:00:00,6.3472695,0.0,0.0,0.0,0.0,0.0,97.0,100.0
2022-03-31 00:00:00,6.1372695,0.0,0.0,0.0,0.0,0.0,96.0,100.0
2022-03-31 01:00:00,5.9772696,0.0,0.0,0.0,0.0,0.0,96.0,100.0
2022-03-31 02:00:00,5.7672696,0.0,0.0,0.0,0.0,0.0,96.0,100.0
2022-03-31 03:00:00,5.75727,0.0,0.0,0.0,0.0,0.0,95.0,100.0
2022-03-31 04:00:00,5.7872696,0.0,0.0,0.0,0.0,0.0,94.0,100.0
2022-03-31 05:00:00,4.4772696,0.0,0.0,0.0,0.0,0.0,96.0,100.0
2022-03-31 06:00:00,5.00727,0.0,0.0,0.0,0.0,0.0,92.0,100.0
2022-03-31 07:00:00,6.3072696,0.0,44.5,23.436567,21.063433,0.0,87.0,100.0
2022-03-31 08:00:00,7.50727,0.0,196.69,109.19185,87.49815,0.0,83.0,100.0
2022-03-31 09:00:00,8.51727,0.0,335.53,196.28313,139.24687,0.0,80.0,100.0
2022-03-31 10:00:00,9.49727,0.0,440.55,282.71664,157.83334,0.0,76.0,100.0
2022-03-31 11:00:00,10.567269,1.2765956,583.83997,371.3955,212.44444,0.0,72.0,92.0
2022-03-31 12:00:00,11.41727,0.0,653.26,426.8318,226.4282,0.0,68.0,100.0
2022-03-31 13:00:00,8.28727,0.0,346.21,118.401825,227.80817,0.0,83.0,100.0
2022-03-31 14:00:00,7.4072695,0.0,257.21,37.561844,219.64815,0.0,88.0,100.0
2022-03-31 15:00:00,7.3972697,0.0,172.66,7.9124756,164.74753,0.0,89.0,100.0
2022-03-31 16:00:00,6.5972695,0.0,143.29,4.4848785,138.80511,0.0,92.0,100.0
2022-03-31 17:00:00,6.00727,0.0,80.1,3.0181503,77.08185,0.0,93.0,100.0
2022-03-31 18:00:00,5.35727,0.0,39.16,1.5500526,37.609947,0.0,95.0,100.0
2022-03-31 19:00:00,4.85727,0.0,9.79,2.0186706,7.7713294,0.0,96.0,100.0
2022-03-31 20:00:00,4.9772696,0.0,0.0,0.0,0.0,0.0,95.0,100.0
2022-03-31 21:00:00,5.50727,0.0,0.0,0.0,0.0,0.0,91.0,100.0
2022-03-31 22:00:00,5.1772695,0.0,0.0,0.0,0.0,0.0,92.0,100.0
2022-03-31 23:00:00,5.6372695,0.0,0.0,0.0,0.0,0.0,91.0,100.0
2022-04-01 00:00:00,6.0772696,0.0,0.0,0.0,0.0,0.0,87.0,100.0
2022-04-01 01:00:00,5.25727,0.0,0.0,0.0,0.0,0.0,88.0,100.0
2022-04-01 02:00:00,4.7872696,0.0,0.0,0.0,0.0,0.0,88.0,100.0
2022-04-01 03:00:00,3.5772693,0.0,0.0,0.0,0.0,0.0,91.0,100.0
2022-04-01 04:00:00,2.8072693,0.0,0.0,0.0,0.0,0.0,95.0,100.0
2022-04-01 05:00:00,2.2472694,0.0,0.0,0.0,0.0,0.0,96.0,100.0
2022-04-01 06:00:00,1.6772695,0.0,0.0,0.0,0.0,0.0,96.0,100.0
2022-04-01 07:00:00,1.7472694,0.0,17.8,13.214659,4.5853405,0.07,95.0,100.0
2022-04-01 08:00:00,2.3872695,0.0,80.1,35.950184,44.149815,0.21000001,92.0,100.0
2022-04-01 09:00:00,3.0472693,0.0,97.9,5.7204742,92.17953,0.42000002,88.0,100.0
2022-04-01 10:00:00,3.3272693,0.0,126.38,5.159149,121.22085,0.42000002,87.0,100.0
2022-04-01 11:00:00,3.7372694,0.0,201.14,15.311371,185.82863,0.35,84.0,100.0
2022-04-01 12:00:00,4.2772694,0.0,378.25,172.98624,205.26376,0.14,79.0,100.0
2022-04-01 13:00:00,1.0572695,0.0,145.06999,3.4267426,141.64325,0.90999997,93.0,100.0
2022-04-01 14:00:00,1.2272694,0.0,172.66,6.261444,166.39856,0.63,93.0,100.0
2022-04-01 15:00:00,2.2572694,0.0,178.0,8.457779,169.54222,0.63,85.0,100.0
2022-04-01 16:00:00,2.3972695,0.0,222.5,69.9724,152.5276,0.42000002,84.0,100.0
2022-04-01 17:00:00,3.0172694,0.0,255.43,226.34747,29.082523,0.21000001,78.0,100.0
2022-04-01 18:00:00,1.9372694,0.0,194.91,108.60862,86.301384,0.0,82.0,100.0
2022-04-01 19:00:00,-0.23273057,0.0,50.73,26.773226,23.956774,0.0,93.0,100.0
2022-04-01 20:00:00,-0.31273055,0.0,0.0,0.0,0.0,0.0,93.0,100.0
2022-04-01 21:00:00,-0.32273054,0.0,0.0,0.0,0.0,0.07,93.0,100.0
2022-04-01 22:00:00,-0.18273056,0.0,0.0,0.0,0.0,0.0,93.0,100.0
2022-04-01 23:00:00,0.057269454,0.0,0.0,0.0,0.0,0.0,92.0,100.0
2022-04-02 00:00:00,0.097269446,0.0,0.0,0.0,0.0,0.0,92.0,100.0
2022-04-02 01:00:00,-0.16273057,0.0,0.0,0.0,0.0,0.07,92.0,100.0
2022-04-02 02:00:00,-0.22273058,0.0,0.0,0.0,0.0,0.0,91.0,100.0
2022-04-02 03:00:00,-0.5227305,0.0,0.0,0.0,0.0,0.07,95.0,100.0
2022-04-02 04:00:00,-0.6627305,0.0,0.0,0.0,0.0,0.14,95.0,100.0
2022-04-02 05:00:00,-0.76273054,0.0,0.0,0.0,0.0,0.28,97.0,100.0
2022-04-02 06:00:00,-0.9527306,0.0,0.0,0.0,0.0,0.7,96.0,100.0
2022-04-02 07:00:00,-1.2927306,0.0,20.47,17.167982,3.3020175,0.63,97.0,100.0
2022-04-02 08:00:00,-0.7127306,0.0,108.58,78.71649,29.863506,0.07,91.0,100.0
2022-04-02 09:00:00,-0.9727306,0.0,169.09999,72.10179,96.9982,0.07,92.0,100.0
2022-04-02 10:00:00,0.23726946,0.0,284.8,153.36063,131.43936,0.42000002,94.0,100.0
2022-04-02 11:00:00,0.42726946,0.0,376.47,218.41716,158.05284,0.28,89.0,100.0
2022-04-02 12:00:00,-0.02273053,0.0,323.96,100.17035,223.78964,0.42000002,87.0,100.0
2022-04-02 13:00:00,-0.8027305,0.0,532.22,420.93445,111.28553,0.0,82.0,100.0
2022-04-02 14:00:00,0.17726946,0.0,553.58,406.50854,147.07146,0.0,77.0,100.0
2022-04-02 15:00:00,1.0772694,0.0,570.49,375.9251,194.5649,0.0,72.0,100.0
2022-04-02 16:00:00,1.0272694,0.0,467.25,294.5174,172.7326,0.0,72.0,100.0
2022-04-02 17:00:00,0.9072695,0.0,306.16,191.96477,114.19524,0.0,76.0,100.0
2022-04-02 18:00:00,-0.7927305,0.0,136.17,88.0757,48.094303,0.21000001,86.0,100.0
2022-04-02 19:00:00,-1.7127306,0.0,37.38,19.741,17.639002,0.21000001,96.0,100.0
2022-04-02 20:00:00,-2.0327306,0.0,0.0,0.0,0.0,0.35,95.0,100.0
2022-04-02 21:00:00,-2.3027306,0.0,0.0,0.0,0.0,0.48999998,94.0,100.0
2022-04-02 22:00:00,-2.3227305,0.0,0.0,0.0,0.0,0.28,92.0,100.0
2022-04-02 23:00:00,-2.2327306,0.0,0.0,0.0,0.0,0.21000001,93.0,100.0
2022-04-03 00:00:00,-2.1627307,0.0,0.0,0.0,0.0,0.14,91.0,100.0
2022-04-03 01:00:00,-2.6827307,0.0,0.0,0.0,0.0,0.0,94.0,100.0
2022-04-03 02:00:00,-4.41273,0.0,0.0,0.0,0.0,0.0,92.0,34.0
2022-04-03 03:00:00,-4.3427305,0.0,0.0,0.0,0.0,0.0,89.0,10.0
2022-04-03 04:00:00,-4.0727305,0.0,0.0,0.0,0.0,0.0,83.0,18.0
2022-04-03 05:00:00,-2.5827305,0.0,0.0,0.0,0.0,0.0,80.0,100.0
2022-04-03 06:00:00,-2.5627306,0.0,0.0,0.0,0.0,0.0,82.0,100.0
2022-04-03 07:00:00,-2.0927305,0.0,53.399998,28.206688,25.19331,0.0,85.0,100.0
2022-04-03 08:00:00,0.20726946,0.0,189.56999,105.82022,83.74977,0.0,72.0,100.0
2022-04-03 09:00:00,2.4372694,0.0,329.3,196.401,132.89899,0.0,63.0,100.0
2022-04-03 10:00:00,3.7472694,0.0,473.47998,296.87143,176.60855,0.0,59.0,100.0
2022-04-03 11:00:00,2.6872694,0.0,557.14,374.74103,182.39899,0.0,63.0,100.0
2022-04-03 12:00:00,2.4272695,0.0,574.94,415.13098,159.80902,0.0,65.0,100.0
2022-04-03 13:00:00,0.21726945,36.38298,751.16,488.04758,263.1124,0.0,69.0,37.0
2022-04-03 14:00:00,0.6572695,37.659573,729.8,471.1385,258.6615,0.0,68.0,35.0
2022-04-03 15:00:00,0.88726944,42.127663,661.27,418.78912,242.48088,0.0,67.0,28.0
2022-04-03 16:00:00,1.0272694,0.0,544.68,334.31317,210.36684,0.0,68.0,100.0
2022-04-03 17:00:00,1.0972695,0.0,377.36,222.0056,155.35439,0.0,69.0,100.0
2022-04-03 18:00:00,0.6472695,0.0,218.94,122.31079,96.62921,0.0,73.0,100.0
2022-04-03 19:00:00,0.037269443,0.0,56.07,29.631493,26.438507,0.0,82.0,100.0
2022-04-03 20:00:00,0.047269464,0.0,0.0,0.0,0.0,0.0,82.0,100.0
2022-04-03 21:00:00,-0.8527306,0.0,0.0,0.0,0.0,0.0,86.0,100.0
2022-04-03 22:00:00,-0.21273053,0.0,0.0,0.0,0.0,0.0,83.0,100.0
2022-04-03 23:00:00,-0.23273057,0.0,0.0,0.0,0.0,0.0,83.0,100.0
2022-04-04 00:00:00,-0.29273057,0.0,0.0,0.0,0.0,0.0,81.0,100.0
2022-04-04 01:00:00,-1.4927306,0.0,0.0,0.0,0.0,0.0,79.0,52.0
2022-04-04 02:00:00,-1.6727307,0.0,0.0,0.0,0.0,0.0,78.0,44.0
2022-04-04 03:00:00,-2.1827307,0.0,0.0,0.0,0.0,0.0,79.0,6.0
2022-04-04 04:00:00,-2.8927307,0.0,0.0,0.0,0.0,0.0,80.0,3.0
2022-04-04 05:00:00,-3.5127308,0.0,0.0,0.0,0.0,0.0,81.0,0.0
2022-04-04 06:00:00,-2.8827307,1.2666667,0.0,0.0,0.0,0.0,76.0,0.0
2022-04-04 07:00:00,-1.1827304,60.0,62.3,32.93983,29.360168,0.0,80.0,0.0
2022-04-04 08:00:00,3.0472693,60.0,236.73999,132.39156,104.348434,0.0,63.0,0.0
2022-04-04 09:00:00,5.1972694,60.0,408.50998,240.58853,167.92145,0.0,55.0,0.0
2022-04-04 10:00:00,7.4272695,60.0,558.02997,342.88354,215.14644,0.0,49.0,0.0
2022-04-04 11:00:00,8.59727,60.0,672.83997,426.59882,246.24117,0.0,46.0,0.0
2022-04-04 12:00:00,9.447269,60.0,746.70996,482.6215,264.08847,0.0,46.0,0.0
2022-04-04 13:00:00,5.75727,60.0,771.63,501.96704,269.66296,0.0,51.0,0.0
2022-04-04 14:00:00,6.4372697,60.0,746.70996,482.62598,264.08398,0.0,53.0,0.0
2022-04-04 15:00:00,7.33727,60.0,673.73,427.175,246.55501,0.0,53.0,0.0
2022-04-04 16:00:00,8.107269,60.0,557.14,342.35892,214.7811,0.0,55.0,0.0
2022-04-04 17:00:00,8.3672695,60.0,410.29,241.66843,168.62158,0.0,56.0,0.0
2022-04-04 18:00:00,6.75727,56.170216,246.53,137.89896,108.63105,0.0,65.0,6.0
2022-04-04 19:00:00,3.1172693,26.80851,72.09,38.123276,33.96672,0.0,71.0,52.0
2022-04-04 20:00:00,4.0272694,0.0,0.0,0.0,0.0,0.0,60.0,100.0
2022-04-04 21:00:00,4.1972694,0.0,0.0,0.0,0.0,0.0,58.0,94.0
2022-04-04 22:00:00,5.04727,0.0,0.0,0.0,0.0,0.0,57.0,100.0
2022-04-04 23:00:00,4.75727,0.0,0.0,0.0,0.0,0.0,61.0,100.0
2022-04-05 00:00:00,4.54727,0.0,0.0,0.0,0.0,0.0,63.0,100.0
2022-04-05 01:00:00,4.0872693,0.0,0.0,0.0,0.0,0.0,63.0,100.0
2022-04-05 02:00:00,3.6272695,0.0,0.0,0.0,0.0,0.0,61.0,100.0
2022-04-05 03:00:00,3.7572694,0.0,0.0,0.0,0.0,0.0,60.0,100.0
2022-04-05 04:00:00,3.7972693,0.0,0.0,0.0,0.0,0.0,60.0,100.0
2022-04-05 05:00:00,3.9072695,0.0,0.0,0.0,0.0,0.0,58.0,100.0
2022-04-05 06:00:00,3.8372693,0.0,0.0,0.0,0.0,0.0,59.0,100.0
2022-04-05 07:00:00,4.7172694,0.0,33.82,17.898975,15.921024,0.0,57.0,100.0
2022-04-05 08:00:00,5.8272696,0.0,113.92,76.33485,37.58515,0.0,60.0,100.0
2022-04-05 09:00:00,7.4972696,0.0,168.20999,63.250412,104.95958,0.0,57.0,100.0
2022-04-05 10:00:00,8.197269,0.0,207.37,47.710358,159.65964,0.0,63.0,100.0
2022-04-05 11:00:00,8.937269,0.0,255.43,52.849533,202.58046,0.0,64.0,100.0
2022-04-05 12:00:00,9.79727,0.0,290.13998,59.10295,231.03703,0.0,64.0,100.0
2022-04-05 13:00:00,10.88727,0.0,365.79,130.8668,234.9232,0.0,55.0,100.0
2022-04-05 14:00:00,12.29727,0.0,427.19998,235.36041,191.83957,0.0,54.0,100.0
2022-04-05 15:00:00,13.237269,0.0,473.47998,391.82465,81.65535,0.0,55.0,100.0
2022-04-05 16:00:00,13.647269,0.0,464.58,300.3462,164.23378,0.0,57.0,99.0
2022-04-05 17:00:00,13.187269,0.0,372.91,219.91231,152.9977,0.0,60.0,100.0
2022-04-05 18:00:00,11.987269,0.0,230.51,129.10071,101.409294,0.0,67.0,100.0
2022-04-05 19:00:00,10.38727,0.0,67.64,35.793907,31.84609,0.0,69.0,100.0
2022-04-05 20:00:00,9.277269,1.9539007,0.0,0.0,0.0,0.0,73.0,36.0
2022-04-05 21:00:00,8.187269,0.0,0.0,0.0,0.0,0.0,75.0,35.0
2022-04-05 22:00:00,7.6772695,0.0,0.0,0.0,0.0,0.0,77.0,29.0
2022-04-05 23:00:00,7.1372695,0.0,0.0,0.0,0.0,0.0,80.0,2.0
2022-04-06 00:00:00,6.35727,0.0,0.0,0.0,0.0,0.0,79.0,0.0
2022-04-06 01:00:00,6.31727,0.0,0.0,0.0,0.0,0.0,71.0,0.0
2022-04-06 02:00:00,6.3872695,0.0,0.0,0.0,0.0,0.0,66.0,0.0
2022-04-06 03:00:00,6.0372696,0.0,0.0,0.0,0.0,0.0,66.0,0.0
2022-04-06 04:00:00,5.50727,0.0,0.0,0.0,0.0,0.0,68.0,0.0
2022-04-06 05:00:00,5.3072696,0.0,0.0,0.0,0.0,0.0,69.0,0.0
2022-04-06 06:00:00,5.0772696,5.1833334,0.0,0.0,0.0,0.0,69.0,0.0
2022-04-06 07:00:00,6.50727,60.0,68.53,36.303406,32.226593,0.0,66.0,0.0
2022-04-06 08:00:00,8.527269,60.0,236.73999,132.86615,103.87384,0.0,66.0,0.0
2022-04-06 09:00:00,9.6172695,60.0,403.16998,238.22186,164.94812,0.0,67.0,0.0
2022-04-06 10:00:00,10.607269,60.0,548.24,337.87885,210.36115,0.0,67.0,0.0
2022-04-06 11:00:00,11.87727,57.44681,658.6,418.7232,239.87677,0.0,65.0,4.0
2022-04-06 12:00:00,12.987269,0.0,718.23,465.40442,252.82556,0.0,63.0,100.0
2022-04-06 13:00:00,11.977269,0.0,511.75,360.83505,150.91495,0.0,69.0,100.0
2022-04-06 14:00:00,11.8672695,0.0,363.12,138.9531,224.1669,0.0,71.0,100.0
2022-04-06 15:00:00,12.16727,0.0,358.66998,177.22835,181.44164,0.0,70.0,100.0
2022-04-06 16:00:00,12.25727,0.0,279.46,133.46239,145.9976,0.0,69.0,100.0
2022-04-06 17:00:00,11.82727,0.0,178.0,74.458755,103.541245,0.0,71.0,100.0
2022-04-06 18:00:00,11.24727,0.0,129.94,104.96569,24.974312,0.0,74.0,100.0
2022-04-06 19:00:00,9.07727,12.765956,71.2,37.702633,33.497364,0.0,82.0,74.0
2022-04-06 20:00:00,8.237269,0.0,0.0,0.0,0.0,0.0,84.0,100.0
2022-04-06 21:00:00,8.84727,0.0,0.0,0.0,0.0,0.0,80.0,100.0
2022-04-06 22:00:00,9.317269,0.0,0.0,0.0,0.0,0.0,77.0,100.0
2022-04-06 23:00:00,9.59727,0.0,0.0,0.0,0.0,0.0,77.0,100.0
2022-04-07 00:00:00,9.17727,0.0,0.0,0.0,0.0,0.0,82.0,100.0
2022-04-07 01:00:00,9.16727,0.0,0.0,0.0,0.0,0.0,75.0,100.0
2022-04-07 02:00:00,8.28727,0.0,0.0,0.0,0.0,0.0,77.0,94.0
2022-04-07 03:00:00,7.7072697,0.0,0.0,0.0,0.0,0.0,78.0,60.0
2022-04-07 04:00:00,8.83727,0.0,0.0,0.0,0.0,0.0,74.0,100.0
2022-04-07 05:00:00,7.6672697,0.0,0.0,0.0,0.0,0.0,71.0,52.0
2022-04-07 06:00:00,7.1872697,5.451064,0.0,0.0,0.0,0.0,69.0,22.0
2022-04-07 07:00:00,9.737269,38.93617,81.88,43.429943,38.450054,0.0,65.0,33.0
2022-04-07 08:00:00,11.777269,43.404255,253.65,142.6061,111.0439,0.0,58.0,26.0
2022-04-07 09:00:00,13.46727,0.0,391.6,231.75586,159.84415,0.0,51.0,100.0
2022-04-07 10:00:00,13.99727,0.0,388.04,324.1401,63.89991,0.0,49.0,100.0
2022-04-07 11:00:00,15.237269,0.0,563.37,386.23822,177.13179,0.0,46.0,100.0
2022-04-07 12:00:00,14.737269,0.0,624.77997,438.50873,186.27124,0.0,45.0,100.0
2022-04-07 13:00:00,13.277269,0.0,412.96,189.59569,223.3643,0.0,58.0,100.0
2022-04-07 14:00:00,13.687269,0.0,238.51999,15.549973,222.97002,0.0,54.0,100.0
2022-04-07 15:00:00,12.84727,0.0,330.19,134.4288,195.7612,0.0,58.0,100.0
2022-04-07 16:00:00,12.66727,0.0,267.88998,114.99646,152.89352,0.0,61.0,100.0
2022-04-07 17:00:00,12.6572695,0.0,272.34,238.56223,33.777775,0.0,58.0,100.0
2022-04-07 18:00:00,13.55727,18.510641,193.12999,108.43373,84.69626,0.0,53.0,65.0
2022-04-07 19:00:00,12.6572695,39.57447,75.65,40.08538,35.56462,0.0,53.0,32.0
2022-04-07 20:00:00,13.01727,0.0,0.0,0.0,0.0,0.0,53.0,100.0
2022-04-07 21:00:00,12.8672695,0.0,0.0,0.0,0.0,0.0,54.0,72.0
2022-04-07 22:00:00,13.3672695,0.0,0.0,0.0,0.0,0.0,54.0,100.0
2022-04-07 23:00:00,12.21727,0.0,0.0,0.0,0.0,0.0,63.0,100.0
2022-04-08 00:00:00,11.25727,0.0,0.0,0.0,0.0,0.0,72.0,100.0
2022-04-08 01:00:00,10.53727,0.0,0.0,0.0,0.0,0.0,75.0,100.0
2022-04-08 02:00:00,9.99727,0.0,0.0,0.0,0.0,0.0,73.0,100.0
2022-04-08 03:00:00,9.647269,0.0,0.0,0.0,0.0,0.0,71.0,100.0
2022-04-08 04:00:00,9.487269,0.0,0.0,0.0,0.0,0.0,70.0,100.0
2022-04-08 05:00:00,9.08727,0.0,0.0,0.0,0.0,0.0,71.0,78.0
2022-04-08 06:00:00,8.58727,5.487766,0.0,0.0,0.0,0.0,74.0,37.0
2022-04-08 07:00:00,10.00727,22.978725,86.33,45.877663,40.45234,0.0,72.0,58.0
2022-04-08 08:00:00,12.147269,22.978725,256.32,144.35876,111.96124,0.0,64.0,58.0
2022-04-08 09:00:00,13.67727,42.765953,415.63,246.36884,169.26117,0.0,56.0,27.0
2022-04-08 10:00:00,15.107269,28.723406,519.76,321.26215,198.49788,0.0,51.0,49.0
2022-04-08 11:00:00,15.91727,0.0,547.35,384.31232,163.03766,0.0,48.0,100.0
2022-04-08 12:00:00,15.32727,0.0,357.78,126.85388,230.92612,0.0,50.0,100.0
2022-04-08 13:00:00,16.35727,0.0,636.35,455.90997,180.44,0.0,49.0,100.0
2022-04-08 14:00:00,17.077269,0.0,573.16,423.9077,149.25226,0.0,46.0,100.0
2022-04-08 15:00:00,17.227268,31.914892,561.58997,386.38455,175.20541,0.0,45.0,44.0
2022-04-08 16:00:00,15.107269,0.0,478.82,309.0057,169.8143,0.0,52.0,100.0
2022-04-08 17:00:00,14.357269,25.531916,320.4,205.32408,115.07591,0.0,56.0,54.0
2022-04-08 18:00:00,14.82727,49.148937,257.21,144.58969,112.62031,0.0,53.0,17.0
2022-04-08 19:00:00,11.107269,58.085106,48.059998,25.491255,22.568743,0.0,75.0,3.0
2022-04-08 20:00:00,11.09727,7.3,0.0,0.0,0.0,0.0,68.0,0.0
2022-04-08 21:00:00,11.38727,0.0,0.0,0.0,0.0,0.0,61.0,0.0
2022-04-08 22:00:00,11.527269,0.0,0.0,0.0,0.0,0.0,58.0,0.0
2022-04-08 23:00:00,11.09727,0.0,0.0,0.0,0.0,0.0,57.0,0.0
2022-04-09 00:00:00,10.937269,0.0,0.0,0.0,0.0,0.0,59.0,0.0
2022-04-09 01:00:00,10.397269,0.0,0.0,0.0,0.0,0.0,59.0,5.0
2022-04-09 02:00:00,9.67727,0.0,0.0,0.0,0.0,0.0,60.0,5.0
2022-04-09 03:00:00,8.79727,0.0,0.0,0.0,0.0,0.0,60.0,6.0
2022-04-09 04:00:00,6.56727,0.0,0.0,0.0,0.0,0.0,72.0,100.0
2022-04-09 05:00:00,-0.7727305,0.0,0.0,0.0,0.0,1.05,89.0,100.0
2022-04-09 06:00:00,0.75726944,0.0,0.0,0.0,0.0,0.63,88.0,100.0
2022-04-09 07:00:00,1.6372695,0.0,26.699999,16.337475,10.362525,0.42000002,89.0,100.0
2022-04-09 08:00:00,3.0972693,0.0,107.689995,53.315933,54.37406,0.28,83.0,100.0
2022-04-09 09:00:00,4.2472696,0.0,239.41,158.45718,80.95283,0.28,77.0,100.0
2022-04-09 10:00:00,3.5172694,17.234043,214.48999,47.534485,166.9555,0.14,76.0,67.0
2022-04-09 11:00:00,8.04727,47.872337,458.35,338.83154,119.51848,0.0,56.0,19.0
2022-04-09 12:00:00,5.3272696,46.595745,755.61,491.4489,264.16107,0.0,64.0,21.0
2022-04-09 13:00:00,7.4072695,53.61702,392.49,155.95445,236.53554,0.0,61.0,10.0
2022-04-09 14:00:00,6.7472696,53.61702,376.47,149.72545,226.74455,0.0,61.0,10.0
2022-04-09 15:00:00,7.2272696,53.61702,598.97,396.8991,202.07088,0.0,61.0,10.0
2022-04-09 16:00:00,7.7072697,53.61702,368.46,279.1321,89.32787,0.0,59.0,10.0
2022-04-09 17:00:00,6.4072695,51.70213,288.36,198.775,89.585,0.0,64.0,13.0
2022-04-09 18:00:00,5.2472696,3.8297868,104.13,52.062176,52.06782,0.0,68.0,88.0
2022-04-09 19:00:00,3.7472694,0.0,36.489998,21.083931,15.406066,0.0,77.0,100.0
2022-04-09 20:00:00,2.5072694,0.0,0.0,0.0,0.0,0.0,86.0,100.0
2022-04-09 21:00:00,2.8572693,0.0,0.0,0.0,0.0,0.0,86.0,100.0
2022-04-09 22:00:00,3.0872693,0.0,0.0,0.0,0.0,0.0,85.0,88.0
2022-04-09 23:00:00,2.7372694,0.0,0.0,0.0,0.0,0.0,89.0,100.0
2022-04-10 00:00:00,3.2772694,0.0,0.0,0.0,0.0,0.07,87.0,100.0
2022-04-10 01:00:00,1.5572693,0.0,0.0,0.0,0.0,0.0,86.0,55.0
2022-04-10 02:00:00,2.5772693,0.0,0.0,0.0,0.0,0.0,89.0,100.0
2022-04-10 03:00:00,2.1072695,0.0,0.0,0.0,0.0,0.0,82.0,63.0
2022-04-10 04:00:00,2.2572694,0.0,0.0,0.0,0.0,0.0,82.0,23.0
2022-04-10 05:00:00,1.8972695,0.0,0.0,0.0,0.0,0.0,83.0,22.0
2022-04-10 06:00:00,0.7772695,6.0539007,0.0,0.0,0.0,0.0,85.0,50.0
2022-04-10 07:00:00,4.2072697,31.914892,82.77,44.153126,38.61687,0.0,77.0,44.0
2022-04-10 08:00:00,5.9572697,58.085106,242.97,137.31519,105.65481,0.0,65.0,3.0
2022-04-10 09:00:00,6.4072695,60.0,438.77,260.90726,177.86273,0.0,59.0,0.0
2022-04-10 10:00:00,5.8972697,60.0,581.17,360.2544,220.91559,0.0,59.0,0.0
2022-04-10 11:00:00,5.7472696,60.0,694.2,443.71057,250.48946,0.0,59.0,0.0
2022-04-10 12:00:00,6.1872697,60.0,767.18,499.58167,267.59833,0.0,56.0,0.0
2022-04-10 13:00:00,6.5972695,60.0,792.99,519.5141,273.4759,0.0,48.0,0.0
2022-04-10 14:00:00,6.81727,59.61702,760.95,495.1692,265.78082,0.0,46.0,0.6
2022-04-10 15:00:00,6.85727,57.510635,689.75,440.24805,249.50195,0.0,45.0,3.9
2022-04-10 16:00:00,6.85727,58.468086,579.39,358.4257,220.96432,0.0,46.0,2.4
2022-04-10 17:00:00,6.4872694,58.468086,439.66,260.7752,178.88481,0.0,49.0,2.4
2022-04-10 18:00:00,5.56727,59.234043,274.12,154.47284,119.64715,0.0,53.0,1.2
2022-04-10 19:00:00,3.4372694,59.234043,97.01,51.592587,45.417416,0.0,60.0,1.2
2022-04-10 20:00:00,3.6872694,9.74539,0.0,0.0,0.0,0.0,49.0,3.0
2022-04-10 21:00:00,3.6472695,0.0,0.0,0.0,0.0,0.0,38.0,4.2000003
2022-04-10 22:00:00,4.1272697,0.0,0.0,0.0,0.0,0.0,32.0,4.5
2022-04-10 23:00:00,3.8672693,0.0,0.0,0.0,0.0,0.0,29.0,3.6000001
2022-04-11 00:00:00,3.8772695,0.0,0.0,0.0,0.0,0.0,27.0,5.4
2022-04-11 01:00:00,3.2472694,0.0,0.0,0.0,0.0,0.0,30.0,5.4
2022-04-11 02:00:00,3.1772695,0.0,0.0,0.0,0.0,0.0,34.0,15.0
2022-04-11 03:00:00,3.7072694,0.0,0.0,0.0,0.0,0.0,36.0,100.0
2022-04-11 04:00:00,3.6172693,0.0,0.0,0.0,0.0,0.0,37.0,100.0
2022-04-11 05:00:00,3.0072694,0.0,0.0,0.0,0.0,0.0,39.0,25.0
2022-04-11 06:00:00,2.6872694,14.217908,0.89,0.19368076,0.6963192,0.0,40.0,3.9
2022-04-11 07:00:00,4.7472696,59.234043,107.689995,57.552242,50.137753,0.0,42.0,1.2
2022-04-11 08:00:00,7.0372696,59.61702,285.69,161.72876,123.96124,0.0,43.0,0.6
2022-04-11 09:00:00,8.74727,59.04255,453.00998,269.784,183.22597,0.0,41.0,1.5
2022-04-11 10:00:00,10.59727,59.04255,596.3,370.14386,226.15611,0.0,36.0,1.5
2022-04-11 11:00:00,11.947269,55.97872,705.76996,451.67657,254.09338,0.0,35.0,6.3
2022-04-11 12:00:00,13.01727,54.255318,771.63,503.06863,268.56137,0.0,35.0,9.0
2022-04-11 13:00:00,13.50727,35.744682,754.72,494.98825,259.73172,0.0,39.0,38.0
2022-04-11 14:00:00,14.53727,56.93617,764.51,498.01508,266.49493,0.0,36.0,4.8
2022-04-11 15:00:00,14.87727,55.97872,700.43,447.5348,252.8952,0.0,37.0,6.3
2022-04-11 16:00:00,14.75727,55.02128,586.51,363.21808,223.29195,0.0,40.0,7.8
2022-04-11 17:00:00,14.29727,54.82979,443.22,263.18073,180.03926,0.0,45.0,8.1
2022-04-11 18:00:00,13.277269,41.42553,275.01,155.1607,119.84931,0.0,56.0,29.1
2022-04-11 19:00:00,11.857269,36.38298,97.01,51.660744,45.34926,0.0,57.0,37.0
2022-04-11 20:00:00,11.34727,5.3595743,0.0,0.0,0.0,0.0,59.0,50.0
2022-04-11 21:00:00,10.70727,0.0,0.0,0.0,0.0,0.0,57.0,93.0
2022-04-11 22:00:00,9.9072695,0.0,0.0,0.0,0.0,0.0,54.0,16.5
2022-04-11 23:00:00,9.57727,0.0,0.0,0.0,0.0,0.0,54.0,8.1
2022-04-12 00:00:00,9.4072695,0.0,0.0,0.0,0.0,0.0,56.0,8.1
2022-04-12 01:00:00,9.32727,0.0,0.0,0.0,0.0,0.0,55.0,3.9
2022-04-12 02:00:00,9.28727,0.0,0.0,0.0,0.0,0.0,53.0,6.0
2022-04-12 03:00:00,8.9072695,0.0,0.0,0.0,0.0,0.0,52.0,8.700001
2022-04-12 04:00:00,7.5572696,0.0,0.0,0.0,0.0,0.0,54.0,10.200001
2022-04-12 05:00:00,7.7472696,0.0,0.0,0.0,0.0,0.0,53.0,9.900001
2022-04-12 06:00:00,7.7872696,15.1312065,1.78,1.0370497,0.7429503,0.0,53.0,9.0
2022-04-12 07:00:00,9.66727,55.02128,110.36,59.08634,51.27366,0.0,53.0,7.8
2022-04-12 08:00:00,11.977269,54.44681,285.69,161.99619,123.69382,0.0,52.0,8.700001
2022-04-12 09:00:00,13.91727,44.87234,445.0,265.41162,179.58836,0.0,49.0,23.7
2022-04-12 10:00:00,14.937269,52.531914,578.5,359.58545,218.91455,0.0,48.0,11.700001
2022-04-12 11:00:00,16.37727,55.78723,687.97,440.83618,247.13377,0.0,45.0,6.6000004
2022-04-12 12:00:00,17.657269,55.78723,756.5,493.77698,262.72302,0.0,45.0,6.6000004
2022-04-12 13:00:00,16.86727,54.255318,773.41,507.80127,265.6087,0.0,50.0,9.0
2022-04-12 14:00:00,17.967268,39.57447,748.49,488.09332,260.39667,0.0,47.0,32.0
2022-04-12 15:00:00,18.647268,24.893618,663.05,424.0927,238.95726,0.0,45.0,55.0
2022-04-12 16:00:00,18.487268,0.0,530.44,328.84314,201.59688,0.0,44.0,100.0
2022-04-12 17:00:00,18.087269,0.0,372.91,221.6774,151.2326,0.0,48.0,100.0
2022-04-12 18:00:00,17.007269,0.0,206.48,116.635574,89.84442,0.0,57.0,100.0
2022-04-12 19:00:00,16.09727,0.0,77.43,41.288166,36.141834,0.0,56.0,100.0
2022-04-12 20:00:00,15.87727,0.0,0.0,0.0,0.0,0.0,55.0,100.0
2022-04-12 21:00:00,15.55727,0.0,0.0,0.0,0.0,0.0,56.0,100.0
2022-04-12 22:00:00,14.817269,0.0,0.0,0.0,0.0,0.0,57.0,100.0
2022-04-12 23:00:00,14.42727,0.0,0.0,0.0,0.0,0.0,56.0,100.0
2022-04-13 00:00:00,14.55727,0.0,0.0,0.0,0.0,0.0,56.0,79.0
2022-04-13 01:00:00,14.03727,0.0,0.0,0.0,0.0,0.0,63.0,47.0
2022-04-13 02:00:00,14.26727,0.0,0.0,0.0,0.0,0.0,57.0,100.0
2022-04-13 03:00:00,14.62727,0.0,0.0,0.0,0.0,0.0,50.0,100.0
2022-04-13 04:00:00,12.947269,0.0,0.0,0.0,0.0,0.0,55.0,100.0
2022-04-13 05:00:00,12.30727,0.0,0.0,0.0,0.0,0.0,53.0,35.0
2022-04-13 06:00:00,12.32727,11.684928,1.78,0.7264513,1.0535487,0.0,51.0,35.0
2022-04-13 07:00:00,14.04727,8.93617,112.14,60.148132,51.991867,0.0,54.0,80.0
2022-04-13 08:00:00,15.08727,0.0,262.55,149.12012,113.42986,0.0,50.0,100.0
2022-04-13 09:00:00,15.567269,45.31915,404.06,241.35356,162.70644,0.0,47.0,23.0
2022-04-13 10:00:00,16.907269,57.510635,580.27997,361.18127,219.09871,0.0,44.0,3.9
2022-04-13 11:00:00,17.887268,49.787235,683.52,438.52875,244.99129,0.0,43.0,16.0
2022-04-13 12:00:00,18.35727,52.340427,749.38,489.6924,259.6876,0.0,44.0,12.0
2022-04-13 13:00:00,17.897268,2.5531912,758.27997,498.40698,259.873,0.0,52.0,90.0
2022-04-13 14:00:00,18.317268,10.212765,689.75,465.9109,223.83913,0.0,49.0,78.0
2022-04-13 15:00:00,18.28727,33.82979,663.05,424.53094,238.51906,0.0,48.0,41.0
2022-04-13 16:00:00,18.137268,41.48936,565.14996,350.7303,214.41968,0.0,51.0,29.0
2022-04-13 17:00:00,18.217268,0.0,420.08,249.9938,170.08618,0.0,53.0,100.0
2022-04-13 18:00:00,17.76727,0.0,221.61,125.33147,96.278534,0.0,59.0,100.0
2022-04-13 19:00:00,16.20727,0.0,91.67,48.94571,42.72429,0.0,60.0,100.0
2022-04-13 20:00:00,15.857269,0.0,0.89,0.2513438,0.6386562,0.0,58.0,100.0
2022-04-13 21:00:00,15.84727,0.0,0.0,0.0,0.0,0.0,56.0,100.0
2022-04-13 22:00:00,15.32727,0.0,0.0,0.0,0.0,0.0,55.0,100.0
2022-04-13 23:00:00,14.937269,0.0,0.0,0.0,0.0,0.0,56.0,91.0
2022-04-14 00:00:00,14.1172695,0.0,0.0,0.0,0.0,0.0,59.0,31.0
2022-04-14 01:00:00,14.50727,0.0,0.0,0.0,0.0,0.0,59.0,40.0
2022-04-14 02:00:00,14.187269,0.0,0.0,0.0,0.0,0.0,63.0,41.0
2022-04-14 03:00:00,13.477269,0.0,0.0,0.0,0.0,0.0,63.0,45.0
2022-04-14 04:00:00,12.99727,0.0,0.0,0.0,0.0,0.0,63.0,35.0
2022-04-14 05:00:00,12.857269,0.0,0.0,0.0,0.0,0.0,63.0,26.0
2022-04-14 06:00:00,13.57727,13.53227,1.78,0.500244,1.279756,0.0,63.0,32.0
2022-04-14 07:00:00,14.357269,23.617023,97.9,52.605133,45.29487,0.0,65.0,57.0
2022-04-14 08:00:00,15.647269,24.893618,267.0,151.89621,115.10378,0.0,64.0,55.0
2022-04-14 09:00:00,16.707268,56.361702,437.88,261.94327,175.93674,0.0,64.0,5.7000003
2022-04-14 10:00:00,17.577269,43.404255,574.94,358.33975,216.60025,0.0,64.0,26.0
2022-04-14 11:00:00,18.337269,37.02128,676.39996,434.49536,241.90462,0.0,63.0,36.0
2022-04-14 12:00:00,18.977268,57.44681,739.58997,483.846,255.74394,0.0,60.0,4.0
2022-04-14 13:00:00,17.807268,57.44681,776.08,510.65448,265.42554,0.0,65.0,4.0
2022-04-14 14:00:00,17.647268,52.340427,720.89996,474.1609,246.73907,0.0,67.0,12.0
2022-04-14 15:00:00,18.007269,42.127663,563.37,397.6451,165.72488,0.0,67.0,28.0
2022-04-14 16:00:00,17.53727,60.0,565.14996,351.09683,214.05313,0.0,70.0,0.0
2022-04-14 17:00:00,16.60727,60.0,426.31,253.9802,172.3298,0.0,73.0,0.0
2022-04-14 18:00:00,15.1172695,5.7446804,268.78,152.18906,116.590935,0.0,78.0,85.0
2022-04-14 19:00:00,14.05727,0.0,89.89,48.058327,41.831673,0.0,80.0,100.0
2022-04-14 20:00:00,13.53727,0.0,0.89,0.14849788,0.7415021,0.0,81.0,100.0
2022-04-14 21:00:00,12.01727,0.0,0.0,0.0,0.0,0.0,85.0,21.0
2022-04-14 22:00:00,11.6572695,0.0,0.0,0.0,0.0,0.0,83.0,6.0
2022-04-14 23:00:00,11.527269,0.0,0.0,0.0,0.0,0.0,82.0,8.1
2022-04-15 00:00:00,11.33727,0.0,0.0,0.0,0.0,0.0,85.0,5.4
2022-04-15 01:00:00,11.17727,0.0,0.0,0.0,0.0,0.0,83.0,4.8
2022-04-15 02:00:00,11.08727,0.0,0.0,0.0,0.0,0.0,83.0,28.0
2022-04-15 03:00:00,11.857269,0.0,0.0,0.0,0.0,0.0,79.0,100.0
2022-04-15 04:00:00,11.567269,0.0,0.0,0.0,0.0,0.0,80.0,100.0
2022-04-15 05:00:00,11.33727,0.0,0.0,0.0,0.0,0.0,79.0,100.0
2022-04-15 06:00:00,11.477269,0.0,3.56,2.7510762,0.8089238,0.0,80.0,100.0
2022-04-15 07:00:00,12.447269,31.276594,113.92,61.323486,52.59651,0.0,78.0,45.0
2022-04-15 08:00:00,13.33727,58.723404,289.25,164.82285,124.42716,0.0,76.0,2.0
2022-04-15 09:00:00,14.317269,57.31915,446.78,267.66187,179.11815,0.0,73.0,4.2000003
2022-04-15 10:00:00,14.977269,55.97872,581.17,362.70743,218.46255,0.0,71.0,6.3
2022-04-15 11:00:00,15.6172695,53.872337,680.85,437.88837,242.96162,0.0,71.0,9.6
2022-04-15 12:00:00,15.57727,30.0,655.04,464.0738,190.9662,0.0,74.0,47.0
2022-04-15 13:00:00,15.697269,53.61702,505.52,315.37033,190.14966,0.0,78.0,10.0
2022-04-15 14:00:00,15.977269,53.61702,461.02,261.2785,199.74147,0.0,78.0,10.0
2022-04-15 15:00:00,16.29727,57.12766,607.87,410.75592,197.11406,0.0,75.0,4.5
2022-04-15 16:00:00,15.80727,57.70213,568.70996,353.6734,215.03658,0.0,75.0,3.6000001
2022-04-15 17:00:00,15.1572695,59.04255,435.21,259.56433,175.64566,0.0,77.0,1.5
2022-04-15 18:00:00,14.32727,57.89362,278.57,157.91791,120.65209,0.0,79.0,3.3000002
2022-04-15 19:00:00,12.13727,57.89362,110.36,59.07905,51.280952,0.0,87.0,3.3000002
2022-04-15 20:00:00,11.37727,13.021276,1.78,1.0113871,0.76861286,0.0,84.0,22.0
2022-04-15 21:00:00,12.42727,0.0,0.0,0.0,0.0,0.0,77.0,100.0
2022-04-15 22:00:00,12.197269,0.0,0.0,0.0,0.0,0.0,76.0,100.0
2022-04-15 23:00:00,11.58727,0.0,0.0,0.0,0.0,0.0,77.0,100.0
2022-04-16 00:00:00,10.34727,0.0,0.0,0.0,0.0,0.0,80.0,18.0
2022-04-16 01:00:00,9.67727,0.0,0.0,0.0,0.0,0.0,82.0,48.0
2022-04-16 02:00:00,9.91727,0.0,0.0,0.0,0.0,0.0,82.0,78.0
2022-04-16 03:00:00,10.04727,0.0,0.0,0.0,0.0,0.0,79.0,100.0
2022-04-16 04:00:00,9.147269,0.0,0.0,0.0,0.0,0.0,82.0,100.0
2022-04-16 05:00:00,8.527269,0.0,0.0,0.0,0.0,0.0,86.0,55.0
2022-04-16 06:00:00,7.1772695,18.329077,5.34,3.0700266,2.2699735,0.0,92.0,23.0
2022-04-16 07:00:00,8.467269,60.0,129.05,69.58765,59.462357,0.0,86.0,0.0
2022-04-16 08:00:00,10.05727,60.0,291.03,166.09506,124.93493,0.0,79.0,0.0
2022-04-16 09:00:00,11.42727,60.0,456.57,273.91046,182.65953,0.0,75.0,0.0
2022-04-16 10:00:00,12.70727,44.68085,598.08,373.73425,224.34575,0.0,74.0,24.0
2022-04-16 11:00:00,13.477269,34.468082,701.32,451.5752,249.74481,0.0,72.0,40.0
2022-04-16 12:00:00,14.16727,38.93617,754.72,494.83054,259.88943,0.0,68.0,33.0
2022-04-16 13:00:00,12.29727,0.0,789.43,520.5151,268.91492,0.0,79.0,100.0
2022-04-16 14:00:00,12.947269,9.574467,746.70996,488.92084,257.78912,0.0,72.0,79.0
2022-04-16 15:00:00,11.397269,0.0,461.02,323.68408,137.3359,0.0,74.0,100.0
2022-04-16 16:00:00,12.607269,54.893616,425.41998,307.92648,117.49349,0.0,67.0,8.0
2022-04-16 17:00:00,12.24727,60.0,450.34,268.87094,181.46906,0.0,65.0,0.0
2022-04-16 18:00:00,11.13727,29.361702,283.91,161.12924,122.780754,0.0,68.0,48.0
2022-04-16 19:00:00,7.9272695,53.61702,112.14,60.1081,52.0319,0.0,80.0,10.0
2022-04-16 20:00:00,6.7672696,18.366667,2.67,2.3091302,0.36086997,0.0,81.0,0.0
2022-04-16 21:00:00,5.9072695,0.0,0.0,0.0,0.0,0.0,84.0,0.0
2022-04-16 22:00:00,6.1672697,0.0,0.0,0.0,0.0,0.0,80.0,0.0
2022-04-16 23:00:00,4.52727,0.0,0.0,0.0,0.0,0.0,86.0,0.0
2022-04-17 00:00:00,2.5772693,0.0,0.0,0.0,0.0,0.0,83.0,0.0
2022-04-17 01:00:00,1.7072694,0.0,0.0,0.0,0.0,0.0,85.0,0.0
2022-04-17 02:00:00,0.9072695,0.0,0.0,0.0,0.0,0.0,85.0,0.0
2022-04-17 03:00:00,0.74726945,0.0,0.0,0.0,0.0,0.0,79.0,0.0
2022-04-17 04:00:00,0.62726945,0.0,0.0,0.0,0.0,0.0,75.0,0.0
2022-04-17 05:00:00,0.35726947,0.0,0.0,0.0,0.0,0.0,71.0,0.0
2022-04-17 06:00:00,0.63726944,26.083334,6.23,3.4916294,2.7383707,0.0,66.0,0.0
2022-04-17 07:00:00,3.0172694,60.0,130.83,70.66689,60.16311,0.0,56.0,0.0
2022-04-17 08:00:00,5.7472696,60.0,310.61,177.54094,133.06905,0.0,46.0,0.0
2022-04-17 09:00:00,7.7872696,60.0,480.6,288.72504,191.87495,0.0,43.0,0.0
2022-04-17 10:00:00,9.54727,60.0,625.67,391.464,234.20601,0.0,44.0,0.0
2022-04-17 11:00:00,11.00727,60.0,734.25,473.3186,260.9314,0.0,45.0,0.0
2022-04-17 12:00:00,12.12727,60.0,801.0,525.7293,275.2707,0.0,47.0,0.0
2022-04-17 13:00:00,13.357269,60.0,817.01996,539.24445,277.7755,0.0,47.0,0.0
2022-04-17 14:00:00,13.79727,60.0,790.32,517.9751,272.34494,0.0,46.0,0.0
2022-04-17 15:00:00,13.4072695,49.787235,713.77997,458.82837,254.95158,0.0,47.0,16.0
2022-04-17 16:00:00,12.737269,40.851067,598.08,372.67667,225.40335,0.0,51.0,30.0
2022-04-17 17:00:00,12.3672695,54.893616,459.24,274.47174,184.76825,0.0,49.0,8.0
2022-04-17 18:00:00,10.937269,55.531918,297.26,168.89815,128.36186,0.0,54.0,7.0
2022-04-17 19:00:00,7.81727,42.765953,116.59,62.57247,54.017525,0.0,61.0,27.0
2022-04-17 20:00:00,6.56727,19.733334,3.56,2.097042,1.462958,0.0,61.0,0.0
2022-04-17 21:00:00,6.3072696,0.0,0.0,0.0,0.0,0.0,58.0,57.0
2022-04-17 22:00:00,6.1772695,0.0,0.0,0.0,0.0,0.0,56.0,0.0
2022-04-17 23:00:00,4.4472694,0.0,0.0,0.0,0.0,0.0,61.0,0.0
2022-04-18 00:00:00,3.0172694,0.0,0.0,0.0,0.0,0.0,64.0,0.0
2022-04-18 01:00:00,3.3172693,0.0,0.0,0.0,0.0,0.0,62.0,0.0
2022-04-18 02:00:00,2.8472693,0.0,0.0,0.0,0.0,0.0,64.0,0.0
2022-04-18 03:00:00,2.7872694,0.0,0.0,0.0,0.0,0.0,63.0,0.0
2022-04-18 04:00:00,2.0972695,0.0,0.0,0.0,0.0,0.0,65.0,0.0
2022-04-18 05:00:00,1.3472695,0.0,0.0,0.0,0.0,0.0,69.0,0.0
2022-04-18 06:00:00,1.5572693,27.9,7.12,3.924127,3.1958728,0.0,68.0,0.0
2022-04-18 07:00:00,4.3072696,60.0,133.5,72.23076,61.269238,0.0,61.0,0.0
2022-04-18 08:00:00,6.75727,60.0,310.61,177.81146,132.79852,0.0,57.0,0.0
2022-04-18 09:00:00,8.51727,60.0,477.93,287.51538,190.41463,0.0,54.0,0.0
2022-04-18 10:00:00,9.99727,60.0,622.11,389.72006,232.38992,0.0,49.0,0.0
2022-04-18 11:00:00,11.1572695,60.0,735.14,474.42926,260.71075,0.0,46.0,0.0
2022-04-18 12:00:00,11.947269,60.0,804.56,528.6193,275.94067,0.0,45.0,0.0
2022-04-18 13:00:00,12.437269,60.0,820.58,542.1297,278.45032,0.0,50.0,0.0
2022-04-18 14:00:00,13.027269,60.0,793.88,520.80615,273.07382,0.0,49.0,0.0
2022-04-18 15:00:00,13.1572695,60.0,720.89996,463.84717,257.0528,0.0,47.0,0.0
2022-04-18 16:00:00,12.947269,60.0,605.2,377.48334,227.71666,0.0,46.0,0.0
2022-04-18 17:00:00,12.66727,60.0,460.13,275.29004,184.83997,0.0,48.0,0.0
2022-04-18 18:00:00,11.487269,60.0,291.03,165.5461,125.4839,0.0,54.0,0.0
2022-04-18 19:00:00,9.53727,60.0,115.7,62.173283,53.526714,0.0,51.0,0.0
2022-04-18 20:00:00,8.88727,21.116667,3.56,3.2954223,0.26457754,0.0,45.0,0.0
2022-04-18 21:00:00,8.647269,0.0,0.0,0.0,0.0,0.0,43.0,0.0
2022-04-18 22:00:00,8.057269,0.0,0.0,0.0,0.0,0.0,45.0,0.0
2022-04-18 23:00:00,7.5172696,0.0,0.0,0.0,0.0,0.0,51.0,0.0
2022-04-19 00:00:00,7.0972695,0.0,0.0,0.0,0.0,0.0,54.0,0.0
2022-04-19 01:00:00,6.9772696,0.0,0.0,0.0,0.0,0.0,57.0,0.0
2022-04-19 02:00:00,7.1272697,0.0,0.0,0.0,0.0,0.0,55.0,0.0
2022-04-19 03:00:00,6.4072695,0.0,0.0,0.0,0.0,0.0,55.0,0.0
2022-04-19 04:00:00,5.9772696,0.0,0.0,0.0,0.0,0.0,53.0,0.0
2022-04-19 05:00:00,5.9072695,0.0,0.0,0.0,0.0,0.0,50.0,0.0
2022-04-19 06:00:00,6.4772696,29.733334,8.01,4.370965,3.6390355,0.0,46.0,0.0
2022-04-19 07:00:00,7.8772697,60.0,135.28,73.31697,61.963028,0.0,51.0,0.0
2022-04-19 08:00:00,9.88727,60.0,309.72,177.57098,132.14902,0.0,50.0,0.0
2022-04-19 09:00:00,10.947269,59.234043,475.25998,286.29962,188.96034,0.0,48.0,1.2
2022-04-19 10:00:00,11.857269,59.04255,616.77,386.8515,229.91853,0.0,47.0,1.5
2022-04-19 11:00:00,12.62727,58.468086,720.01,465.18716,254.82285,0.0,48.0,2.4
2022-04-19 12:00:00,13.30727,56.55319,783.2,515.1196,268.08035,0.0,48.0,5.4
2022-04-19 13:00:00,14.12727,57.510635,801.89,530.3008,271.5892,0.0,51.0,3.9
2022-04-19 14:00:00,14.34727,58.085106,774.3,508.44272,265.85727,0.0,50.0,3.0
2022-04-19 15:00:00,14.54727,57.89362,703.1,452.82193,250.27805,0.0,51.0,3.3000002
2022-04-19 16:00:00,14.29727,53.61702,593.63,370.62738,223.00262,0.0,53.0,10.0
2022-04-19 17:00:00,13.50727,52.97872,457.46,273.97595,183.48402,0.0,57.0,11.0
2022-04-19 18:00:00,12.28727,44.68085,297.26,169.28116,127.97886,0.0,61.0,24.0
2022-04-19 19:00:00,9.66727,54.82979,127.27,68.47684,58.793156,0.0,70.0,8.1
2022-04-19 20:00:00,9.16727,17.952126,5.34,2.7666469,2.5733533,0.0,65.0,19.0
2022-04-19 21:00:00,8.4072695,0.0,0.0,0.0,0.0,0.0,67.0,47.0
2022-04-19 22:00:00,9.01727,0.0,0.0,0.0,0.0,0.0,64.0,100.0
2022-04-19 23:00:00,8.67727,0.0,0.0,0.0,0.0,0.0,64.0,20.0
2022-04-20 00:00:00,8.027269,0.0,0.0,0.0,0.0,0.0,68.0,33.0
2022-04-20 01:00:00,7.8272696,0.0,0.0,0.0,0.0,0.0,69.0,59.0
2022-04-20 02:00:00,7.1872697,0.0,0.0,0.0,0.0,0.0,72.0,60.0
2022-04-20 03:00:00,6.3772697,0.0,0.0,0.0,0.0,0.0,76.0,27.0
2022-04-20 04:00:00,4.9272695,0.0,0.0,0.0,0.0,0.0,84.0,11.0
2022-04-20 05:00:00,3.9072695,0.0,0.0,0.0,0.0,0.0,86.0,19.0
2022-04-20 06:00:00,3.9772694,27.536879,11.57,6.0217338,5.548266,0.0,82.0,12.0
2022-04-20 07:00:00,6.3072696,38.93617,148.63,80.687294,67.94271,0.0,72.0,33.0
2022-04-20 08:00:00,8.397269,38.297874,319.51,183.46057,136.04944,0.0,67.0,34.0
2022-04-20 09:00:00,10.08727,54.255318,479.71,289.3728,190.33719,0.0,63.0,9.0
2022-04-20 10:00:00,11.54727,57.510635,615.88,386.76642,229.11357,0.0,62.0,3.9
2022-04-20 11:00:00,12.99727,49.148937,718.23,464.55438,253.67558,0.0,61.0,17.0
2022-04-20 12:00:00,14.42727,59.808514,781.42,514.4779,266.94205,0.0,56.0,0.3
2022-04-20 13:00:00,14.817269,59.61702,800.11,529.6371,270.47293,0.0,58.0,0.6
2022-04-20 14:00:00,15.12727,59.61702,774.3,508.91946,265.38052,0.0,57.0,0.6
2022-04-20 15:00:00,15.24727,58.276596,705.76996,454.9665,250.80348,0.0,58.0,2.7
2022-04-20 16:00:00,14.75727,60.0,597.19,373.20935,223.98064,0.0,58.0,0.0
2022-04-20 17:00:00,13.84727,59.61702,460.13,275.85773,184.27228,0.0,62.0,0.6
2022-04-20 18:00:00,12.34727,56.170216,301.71,172.00804,129.70195,0.0,69.0,6.0
2022-04-20 19:00:00,10.1572695,55.02128,130.83,70.48038,60.34962,0.0,78.0,7.8
2022-04-20 20:00:00,9.697269,22.130194,6.23,3.229903,3.000097,0.0,75.0,6.9
2022-04-20 21:00:00,9.03727,0.0,0.0,0.0,0.0,0.0,75.0,8.1
2022-04-20 22:00:00,8.267269,0.0,0.0,0.0,0.0,0.0,75.0,3.0
2022-04-20 23:00:00,5.9772696,0.0,0.0,0.0,0.0,0.0,73.0,0.0
2022-04-21 00:00:00,5.31727,0.0,0.0,0.0,0.0,0.0,72.0,0.0
2022-04-21 01:00:00,4.8672695,0.0,0.0,0.0,0.0,0.0,74.0,4.8
2022-04-21 02:00:00,4.8672695,0.0,0.0,0.0,0.0,0.0,75.0,5.7000003
2022-04-21 03:00:00,3.9572694,0.0,0.0,0.0,0.0,0.0,78.0,6.3
2022-04-21 04:00:00,3.4072695,0.0,0.0,0.0,0.0,0.0,79.0,7.0
2022-04-21 05:00:00,3.0172694,0.0,0.0,0.0,0.0,0.0,79.0,38.0
2022-04-21 06:00:00,3.3072693,17.021276,13.349999,6.954061,6.3959384,0.0,78.0,46.0
2022-04-21 07:00:00,5.8072696,23.617023,153.08,83.236305,69.8437,0.0,66.0,57.0
2022-04-21 08:00:00,8.29727,31.276594,323.07,185.77155,137.29846,0.0,59.0,45.0
2022-04-21 09:00:00,10.397269,58.723404,483.27,291.89612,191.37386,0.0,56.0,2.0
2022-04-21 10:00:00,12.067269,59.61702,622.11,391.13235,230.97763,0.0,54.0,0.6
2022-04-21 11:00:00,13.437269,59.61702,723.57,468.50244,255.06755,0.0,54.0,0.6
2022-04-21 12:00:00,14.647269,59.808514,785.87,517.91284,267.95718,0.0,54.0,0.3
2022-04-21 13:00:00,14.63727,57.510635,801.0,530.71545,270.28455,0.0,58.0,3.9
2022-04-21 14:00:00,15.227269,57.89362,772.51996,508.20563,264.31433,0.0,58.0,3.3000002
2022-04-21 15:00:00,15.187269,57.31915,703.1,453.6543,249.4457,0.0,61.0,4.2000003
2022-04-21 16:00:00,14.49727,56.744682,594.52,371.88867,222.63135,0.0,63.0,5.1000004
2022-04-21 17:00:00,13.80727,56.93617,460.13,276.13403,183.99597,0.0,62.0,4.8
2022-04-21 18:00:00,12.95727,56.744682,301.71,172.19714,129.51285,0.0,64.0,5.1000004
2022-04-21 19:00:00,11.197269,57.12766,133.5,72.00719,61.492817,0.0,69.0,4.5
2022-04-21 20:00:00,10.3672695,24.041224,7.12,3.6937342,3.4262657,0.0,66.0,4.5
2022-04-21 21:00:00,10.28727,0.0,0.0,0.0,0.0,0.0,64.0,3.6000001
2022-04-21 22:00:00,9.82727,0.0,0.0,0.0,0.0,0.0,65.0,0.3
2022-04-21 23:00:00,8.607269,0.0,0.0,0.0,0.0,0.0,70.0,0.0
2022-04-22 00:00:00,7.2272696,0.0,0.0,0.0,0.0,0.0,79.0,0.0
2022-04-22 01:00:00,6.2272696,0.0,0.0,0.0,0.0,0.0,83.0,0.0
2022-04-22 02:00:00,6.1772695,0.0,0.0,0.0,0.0,0.0,81.0,0.0
2022-04-22 03:00:00,5.4472694,0.0,0.0,0.0,0.0,0.0,85.0,0.0
2022-04-22 04:00:00,4.8972697,0.0,0.0,0.0,0.0,0.0,90.0,0.0
2022-04-22 05:00:00,3.7972693,0.0,0.0,0.0,0.0,0.0,97.0,0.0
2022-04-22 06:00:00,3.9172695,34.33688,13.349999,6.9598618,6.3901377,0.0,92.0,2.0
2022-04-22 07:00:00,6.3772697,60.0,146.84999,79.97456,66.87543,0.0,80.0,0.0
2022-04-22 08:00:00,8.54727,60.0,317.72998,182.95947,134.77051,0.0,73.0,0.0
2022-04-22 09:00:00,10.33727,60.0,480.6,290.65216,189.94786,0.0,67.0,0.0
2022-04-22 10:00:00,11.937269,60.0,620.33,390.45978,229.87024,0.0,63.0,0.0
2022-04-22 11:00:00,13.197269,60.0,728.01996,471.87537,256.1446,0.0,59.0,0.0
2022-04-22 12:00:00,14.12727,60.0,794.76996,524.2838,270.4861,0.0,57.0,0.0
2022-04-22 13:00:00,13.80727,59.425533,801.89,531.7909,270.09915,0.0,60.0,0.90000004
2022-04-22 14:00:00,14.67727,56.93617,775.19,510.4161,264.7739,0.0,57.0,4.8
2022-04-22 15:00:00,14.937269,57.31915,706.66,456.35922,250.30075,0.0,56.0,4.2000003
2022-04-22 16:00:00,14.91727,57.31915,599.86,375.57776,224.28224,0.0,56.0,4.2000003
2022-04-22 17:00:00,14.54727,39.57447,464.58,279.08228,185.4977,0.0,57.0,32.0
2022-04-22 18:00:00,13.70727,35.106384,304.38,173.91132,130.46869,0.0,62.0,39.0
2022-04-22 19:00:00,11.91727,49.148937,136.17,73.53743,62.632565,0.0,68.0,17.0
2022-04-22 20:00:00,10.95727,15.290425,8.01,4.1581664,3.8518338,0.0,66.0,40.0
2022-04-22 21:00:00,10.937269,0.0,0.0,0.0,0.0,0.0,66.0,81.0
2022-04-22 22:00:00,10.70727,0.0,0.0,0.0,0.0,0.0,66.0,80.0
2022-04-22 23:00:00,10.197269,0.0,0.0,0.0,0.0,0.0,69.0,0.0
2022-04-23 00:00:00,10.17727,0.0,0.0,0.0,0.0,0.0,68.0,0.0
2022-04-23 01:00:00,10.04727,0.0,0.0,0.0,0.0,0.0,63.0,0.0
2022-04-23 02:00:00,9.75727,0.0,0.0,0.0,0.0,0.0,61.0,7.2000003
2022-04-23 03:00:00,9.84727,0.0,0.0,0.0,0.0,0.0,59.0,100.0
2022-04-23 04:00:00,10.05727,0.0,0.0,0.0,0.0,0.0,59.0,100.0
2022-04-23 05:00:00,9.29727,0.0,0.0,0.0,0.0,0.0,63.0,100.0
2022-04-23 06:00:00,9.477269,0.0,9.79,5.999381,3.790619,0.0,65.0,100.0
2022-04-23 07:00:00,10.6172695,0.0,79.21,73.669235,5.5407624,0.0,66.0,100.0
2022-04-23 08:00:00,12.04727,0.0,218.05,145.1349,72.9151,0.0,66.0,100.0
2022-04-23 09:00:00,13.46727,33.82979,356.0,246.72113,109.27888,0.0,63.0,41.0
2022-04-23 10:00:00,14.62727,0.0,602.52997,379.68698,222.84299,0.0,59.0,100.0
2022-04-23 11:00:00,16.77727,28.723406,694.2,451.00165,243.19836,0.0,48.0,49.0
2022-04-23 12:00:00,20.397268,37.659573,768.95996,507.74323,261.21674,0.0,36.0,35.0
2022-04-23 13:00:00,18.057268,0.0,679.07,496.08658,182.98343,0.0,42.0,100.0
2022-04-23 14:00:00,17.427269,0.0,349.77,93.07794,256.69205,0.0,39.0,100.0
2022-04-23 15:00:00,17.917269,0.0,509.08,397.15457,111.92541,0.0,41.0,100.0
2022-04-23 16:00:00,14.187269,0.0,419.19,334.59952,84.59049,0.0,52.0,100.0
2022-04-23 17:00:00,14.08727,0.0,338.19998,231.88382,106.316154,0.0,53.0,100.0
2022-04-23 18:00:00,14.107269,0.0,236.73999,137.34854,99.39144,0.0,54.0,100.0
2022-04-23 19:00:00,12.55727,0.0,36.489998,13.687147,22.80285,0.0,52.0,100.0
2022-04-23 20:00:00,12.03727,0.0,2.67,0.59055734,2.0794427,0.0,48.0,100.0
2022-04-23 21:00:00,14.07727,0.0,0.0,0.0,0.0,0.0,38.0,100.0
2022-04-23 22:00:00,10.95727,0.0,0.0,0.0,0.0,0.0,53.0,100.0
2022-04-23 23:00:00,11.87727,0.0,0.0,0.0,0.0,0.0,50.0,100.0
2022-04-24 00:00:00,12.62727,0.0,0.0,0.0,0.0,0.0,42.0,100.0
2022-04-24 01:00:00,9.8672695,0.0,0.0,0.0,0.0,0.0,42.0,100.0
2022-04-24 02:00:00,11.697269,0.0,0.0,0.0,0.0,0.0,34.0,100.0
2022-04-24 03:00:00,9.50727,0.0,0.0,0.0,0.0,0.0,41.0,100.0
2022-04-24 04:00:00,6.1872697,0.0,0.0,0.0,0.0,0.0,64.0,11.0
2022-04-24 05:00:00,4.8272696,0.0,0.0,0.0,0.0,0.0,78.0,35.0
2022-04-24 06:00:00,5.2072697,35.330143,19.58,10.2247715,9.355228,0.0,77.0,8.0
2022-04-24 07:00:00,8.25727,52.340427,167.31999,91.40854,75.91145,0.0,72.0,12.0
2022-04-24 08:00:00,10.24727,55.531918,336.41998,194.26694,142.15305,0.0,65.0,7.0
2022-04-24 09:00:00,11.07727,59.361702,493.06,298.9391,194.1209,0.0,62.0,1.0
2022-04-24 10:00:00,11.947269,56.170216,625.67,394.71396,230.95602,0.0,60.0,6.0
2022-04-24 11:00:00,12.83727,42.765953,723.57,469.9579,253.61214,0.0,57.0,27.0
2022-04-24 12:00:00,13.027269,28.723406,723.57,499.1139,224.4561,0.0,57.0,49.0
2022-04-24 13:00:00,9.74727,0.0,231.4,10.226273,221.17372,0.0,66.0,100.0
2022-04-24 14:00:00,10.82727,0.0,197.58,7.133087,190.44691,0.0,64.0,100.0
2022-04-24 15:00:00,13.477269,0.0,411.18,215.07382,196.10617,0.0,57.0,99.0
2022-04-24 16:00:00,14.027269,0.0,530.44,347.96753,182.47246,0.0,56.0,100.0
2022-04-24 17:00:00,13.37727,0.0,301.71,239.51413,62.195858,0.0,57.0,100.0
2022-04-24 18:00:00,11.227269,0.0,86.33,13.943459,72.38654,0.0,66.0,100.0
2022-04-24 19:00:00,8.80727,0.0,47.17,26.978046,20.191952,0.0,83.0,100.0
2022-04-24 20:00:00,8.51727,0.0,2.67,0.46391034,2.2060897,0.0,86.0,100.0
2022-04-24 21:00:00,10.16727,0.0,0.0,0.0,0.0,0.0,75.0,100.0
2022-04-24 22:00:00,9.977269,0.0,0.0,0.0,0.0,0.0,80.0,100.0
2022-04-24 23:00:00,10.57727,0.0,0.0,0.0,0.0,0.0,77.0,100.0
2022-04-25 00:00:00,10.54727,0.0,0.0,0.0,0.0,0.0,74.0,84.0
2022-04-25 01:00:00,10.737269,0.0,0.0,0.0,0.0,0.0,74.0,100.0
2022-04-25 02:00:00,10.42727,0.0,0.0,0.0,0.0,0.0,79.0,100.0
2022-04-25 03:00:00,9.63727,0.0,0.0,0.0,0.0,0.0,77.0,38.0
2022-04-25 04:00:00,8.987269,0.0,0.0,0.0,0.0,0.0,87.0,100.0
2022-04-25 05:00:00,8.03727,0.0,0.0,0.0,0.0,0.0,94.0,100.0
2022-04-25 06:00:00,8.017269,0.0,2.67,0.07428789,2.5957122,0.0,95.0,100.0
2022-04-25 07:00:00,7.81727,0.0,16.02,0.23663902,15.783361,0.0,95.0,100.0
2022-04-25 08:00:00,7.0572696,0.0,17.8,-0.14142609,17.941425,0.0,97.0,100.0
2022-04-25 09:00:00,7.29727,0.0,37.38,-0.18096161,37.560963,0.0,95.0,100.0
2022-04-25 10:00:00,7.6472697,0.0,78.32,0.4537506,77.86625,0.0,93.0,100.0
2022-04-25 11:00:00,8.55727,0.0,298.15,62.48668,235.66331,0.0,92.0,100.0
2022-04-25 12:00:00,9.45727,0.0,539.33997,365.31012,174.02986,0.0,90.0,100.0
2022-04-25 13:00:00,10.96727,0.0,259.88,6.722412,253.1576,0.0,86.0,100.0
2022-04-25 14:00:00,11.01727,0.0,319.51,60.433502,259.0765,0.0,86.0,100.0
2022-04-25 15:00:00,11.79727,0.0,443.22,265.68274,177.53725,0.0,81.0,100.0
2022-04-25 16:00:00,11.76727,0.0,507.3,344.42007,162.87991,0.0,81.0,100.0
2022-04-25 17:00:00,11.197269,0.0,385.37,245.849,139.521,0.0,80.0,100.0
2022-04-25 18:00:00,10.937269,0.0,246.53,141.7479,104.782104,0.0,80.0,100.0
2022-04-25 19:00:00,9.987269,0.0,111.25,60.299473,50.950527,0.0,85.0,100.0
2022-04-25 20:00:00,8.84727,0.0,9.79,5.0921164,4.6978836,0.0,90.0,100.0
2022-04-25 21:00:00,8.59727,0.0,0.0,0.0,0.0,0.0,90.0,100.0
2022-04-25 22:00:00,8.137269,0.0,0.0,0.0,0.0,0.0,88.0,91.0
2022-04-25 23:00:00,7.5772696,0.0,0.0,0.0,0.0,0.0,85.0,69.0
2022-04-26 00:00:00,7.4672694,0.0,0.0,0.0,0.0,0.0,88.0,63.0
2022-04-26 01:00:00,7.04727,0.0,0.0,0.0,0.0,0.0,89.0,49.0
2022-04-26 02:00:00,6.7872696,0.0,0.0,0.0,0.0,0.0,82.0,35.0
2022-04-26 03:00:00,6.60727,0.0,0.0,0.0,0.0,0.0,76.0,0.0
2022-04-26 04:00:00,6.5172696,0.0,0.0,0.0,0.0,0.0,75.0,0.0
2022-04-26 05:00:00,7.10727,0.0,0.0,0.0,0.0,0.0,68.0,100.0
2022-04-26 06:00:00,7.9972696,0.0,17.8,9.310235,8.489764,0.0,67.0,100.0
2022-04-26 07:00:00,9.447269,0.0,83.659996,71.33423,12.325768,0.0,69.0,100.0
2022-04-26 08:00:00,11.38727,0.0,192.23999,141.90807,50.331924,0.0,66.0,100.0
2022-04-26 09:00:00,9.70727,0.0,183.34,41.57042,141.76958,0.0,85.0,100.0
2022-04-26 10:00:00,9.75727,0.0,184.23,5.1780396,179.05196,0.0,83.0,100.0
2022-04-26 11:00:00,8.54727,0.0,355.11,123.035965,232.07402,0.0,89.0,100.0
2022-04-26 12:00:00,8.1172695,0.0,169.98999,4.358734,165.63126,0.0,91.0,100.0
2022-04-26 13:00:00,8.147269,0.0,420.08,157.4733,262.6067,0.0,85.0,100.0
2022-04-26 14:00:00,9.26727,59.361702,753.83,504.38608,249.44394,0.0,78.0,1.0
2022-04-26 15:00:00,9.99727,60.0,729.8,472.9385,256.86148,0.0,73.0,0.0
2022-04-26 16:00:00,10.607269,59.361702,615.88,387.00436,228.87564,0.0,67.0,1.0
2022-04-26 17:00:00,10.28727,60.0,475.25998,286.6112,188.64877,0.0,67.0,0.0
2022-04-26 18:00:00,9.28727,60.0,313.28,179.76752,133.51248,0.0,70.0,0.0
2022-04-26 19:00:00,6.8672695,60.0,140.62,76.30842,64.31158,0.0,79.0,0.0
2022-04-26 20:00:00,5.5172696,32.133335,11.57,6.0217443,5.5482554,0.0,77.0,0.0
2022-04-26 21:00:00,5.8672695,0.0,0.0,0.0,0.0,0.0,72.0,0.0
2022-04-26 22:00:00,5.81727,0.0,0.0,0.0,0.0,0.0,71.0,0.0
2022-04-26 23:00:00,5.4872694,0.0,0.0,0.0,0.0,0.0,74.0,0.0
2022-04-27 00:00:00,5.58727,0.0,0.0,0.0,0.0,0.0,71.0,0.0
2022-04-27 01:00:00,5.4472694,0.0,0.0,0.0,0.0,0.0,69.0,0.0
2022-04-27 02:00:00,5.0572696,0.0,0.0,0.0,0.0,0.0,68.0,0.0
2022-04-27 03:00:00,5.02727,0.0,0.0,0.0,0.0,0.0,67.0,0.0
2022-04-27 04:00:00,4.9272695,0.0,0.0,0.0,0.0,0.0,67.0,0.0
2022-04-27 05:00:00,4.8072696,0.0,0.0,0.0,0.0,0.0,66.0,0.0
2022-04-27 06:00:00,5.4172697,43.733334,23.14,12.11256,11.027439,0.0,66.0,0.0
2022-04-27 07:00:00,7.1872697,60.0,169.98999,93.28301,76.70698,0.0,62.0,0.0
2022-04-27 08:00:00,8.237269,60.0,341.76,198.1394,143.6206,0.0,59.0,0.0
2022-04-27 09:00:00,9.227269,60.0,505.52,307.5866,197.9334,0.0,57.0,0.0
2022-04-27 10:00:00,10.20727,60.0,647.02997,409.49536,237.53459,0.0,55.0,0.0
2022-04-27 11:00:00,11.3672695,60.0,755.61,492.19357,263.4164,0.0,53.0,0.0
2022-04-27 12:00:00,12.59727,60.0,820.58,543.79895,276.78107,0.0,54.0,0.0
2022-04-27 13:00:00,14.09727,60.0,837.49,557.81964,279.67035,0.0,63.0,0.0
2022-04-27 14:00:00,14.447269,60.0,808.12,534.3623,273.75772,0.0,63.0,0.0
2022-04-27 15:00:00,14.4072695,60.0,733.36,475.63687,257.7231,0.0,64.0,0.0
2022-04-27 16:00:00,13.76727,60.0,620.33,390.13818,230.19183,0.0,67.0,0.0
2022-04-27 17:00:00,12.83727,60.0,478.82,289.02924,189.79077,0.0,69.0,0.0
2022-04-27 18:00:00,11.947269,60.0,315.06,180.97746,134.08253,0.0,71.0,0.0
2022-04-27 19:00:00,10.37727,60.0,144.18,78.332344,65.84765,0.0,74.0,0.0
2022-04-27 20:00:00,9.34727,33.5,12.46,6.4890304,5.9709697,0.0,72.0,0.0
2022-04-27 21:00:00,10.147269,0.0,0.0,0.0,0.0,0.0,69.0,0.0
2022-04-27 22:00:00,9.437269,0.0,0.0,0.0,0.0,0.0,72.0,0.0
2022-04-27 23:00:00,7.9972696,0.0,0.0,0.0,0.0,0.0,79.0,0.0
2022-04-28 00:00:00,6.5972695,0.0,0.0,0.0,0.0,0.0,87.0,0.0
2022-04-28 01:00:00,6.58727,0.0,0.0,0.0,0.0,0.0,86.0,0.0
2022-04-28 02:00:00,6.35727,0.0,0.0,0.0,0.0,0.0,86.0,0.0
2022-04-28 03:00:00,5.6672697,0.0,0.0,0.0,0.0,0.0,89.0,0.0
2022-04-28 04:00:00,5.1972694,0.0,0.0,0.0,0.0,0.0,91.0,0.0
2022-04-28 05:00:00,4.6272697,0.0,0.0,0.0,0.0,0.0,93.0,0.0
2022-04-28 06:00:00,4.8972697,33.808514,26.699999,13.986689,12.71331,0.0,90.0,24.0
2022-04-28 07:00:00,6.77727,60.0,177.11,97.32959,79.78041,0.0,81.0,0.0
2022-04-28 08:00:00,9.237269,60.0,349.77,203.0426,146.72739,0.0,73.0,0.0
2022-04-28 09:00:00,11.34727,60.0,514.42,313.3586,201.06137,0.0,66.0,0.0
2022-04-28 10:00:00,12.78727,60.0,655.93,415.55237,240.37764,0.0,59.0,0.0
2022-04-28 11:00:00,14.20727,60.0,763.62,497.87296,265.74704,0.0,59.0,0.0
2022-04-28 12:00:00,15.3672695,60.0,826.81,548.3987,278.4113,0.0,61.0,0.0
2022-04-28 13:00:00,15.54727,60.0,844.61,563.022,281.58798,0.0,61.0,0.0
2022-04-28 14:00:00,15.84727,60.0,816.13,540.09216,276.03787,0.0,61.0,0.0
2022-04-28 15:00:00,15.937269,60.0,741.37,481.22455,260.14545,0.0,61.0,0.0
2022-04-28 16:00:00,15.37727,60.0,626.56,394.39514,232.16484,0.0,62.0,0.0
2022-04-28 17:00:00,14.66727,60.0,485.05,293.0633,191.98671,0.0,62.0,0.0
2022-04-28 18:00:00,13.6572695,60.0,320.4,184.2361,136.1639,0.0,65.0,0.0
2022-04-28 19:00:00,11.95727,60.0,148.63,80.844826,67.78518,0.0,66.0,0.0
2022-04-28 20:00:00,10.817269,34.866665,14.24,7.4206877,6.819312,0.0,63.0,0.0
2022-04-28 21:00:00,10.55727,0.0,0.0,0.0,0.0,0.0,64.0,0.0
2022-04-28 22:00:00,10.82727,0.0,0.0,0.0,0.0,0.0,59.0,0.0
2022-04-28 23:00:00,10.447269,0.0,0.0,0.0,0.0,0.0,59.0,0.0
2022-04-29 00:00:00,8.71727,0.0,0.0,0.0,0.0,0.0,66.0,0.0
2022-04-29 01:00:00,7.2172694,0.0,0.0,0.0,0.0,0.0,74.0,0.0
2022-04-29 02:00:00,6.8472695,0.0,0.0,0.0,0.0,0.0,74.0,0.0
2022-04-29 03:00:00,6.8672695,0.0,0.0,0.0,0.0,0.0,72.0,0.0
2022-04-29 04:00:00,6.6372695,0.0,0.0,0.0,0.0,0.0,75.0,0.0
2022-04-29 05:00:00,6.4572697,0.0,0.0,0.0,0.0,0.0,76.0,0.0
2022-04-29 06:00:00,6.9372697,47.083332,29.369999,15.397061,13.972938,0.0,74.0,0.0
2022-04-29 07:00:00,8.9072695,60.0,184.23,101.38712,82.84287,0.0,69.0,0.0
2022-04-29 08:00:00,10.817269,60.0,360.44998,209.50879,150.9412,0.0,63.0,0.0
2022-04-29 09:00:00,12.50727,60.0,526.88,321.31238,205.56763,0.0,57.0,0.0
2022-04-29 10:00:00,13.91727,60.0,669.27997,424.4404,244.83957,0.0,50.0,0.0
2022-04-29 11:00:00,14.897269,60.0,776.97,507.04343,269.92654,0.0,49.0,0.0
2022-04-29 12:00:00,15.567269,58.659573,835.70996,554.7741,280.93585,0.0,49.0,2.1000001
2022-04-29 13:00:00,15.697269,58.085106,836.6,558.1343,278.46573,0.0,53.0,3.0
2022-04-29 14:00:00,16.327269,56.744682,807.23,534.6273,272.6027,0.0,52.0,5.1000004
2022-04-29 15:00:00,16.087269,56.744682,736.02997,478.14514,257.88483,0.0,53.0,5.1000004
2022-04-29 16:00:00,16.27727,57.510635,627.45,395.29257,232.15744,0.0,51.0,3.9
2022-04-29 17:00:00,16.05727,57.89362,490.38998,296.56482,193.82518,0.0,54.0,3.3000002
2022-04-29 18:00:00,15.1572695,57.510635,331.08,190.57434,140.50565,0.0,60.0,3.9
2022-04-29 19:00:00,13.34727,0.0,161.09,87.72488,73.36512,0.0,72.0,100.0
2022-04-29 20:00:00,12.237269,8.098403,16.91,8.817585,8.092415,0.0,66.0,73.0
2022-04-29 21:00:00,11.91727,0.0,0.0,0.0,0.0,0.0,65.0,100.0
2022-04-29 22:00:00,11.62727,0.0,0.0,0.0,0.0,0.0,64.0,100.0
2022-04-29 23:00:00,11.987269,0.0,0.0,0.0,0.0,0.0,60.0,100.0
2022-04-30 00:00:00,11.6572695,0.0,0.0,0.0,0.0,0.0,58.0,33.0
2022-04-30 01:00:00,11.57727,0.0,0.0,0.0,0.0,0.0,59.0,100.0
2022-04-30 02:00:00,11.49727,0.0,0.0,0.0,0.0,0.0,62.0,100.0
2022-04-30 03:00:00,11.187269,0.0,0.0,0.0,0.0,0.0,74.0,100.0
2022-04-30 04:00:00,10.38727,0.0,0.0,0.0,0.0,0.0,81.0,100.0
2022-04-30 05:00:00,8.54727,0.0,0.0,0.0,0.0,0.0,92.0,100.0
2022-04-30 06:00:00,8.437269,0.0,21.36,11.206357,10.153644,0.0,94.0,100.0
2022-04-30 07:00:00,10.067269,0.0,156.64,86.32645,70.31355,0.0,90.0,100.0
2022-04-30 08:00:00,11.45727,16.595745,318.62,185.4302,133.18979,0.0,84.0,68.0
2022-04-30 09:00:00,12.947269,0.0,502.85,307.00354,195.84645,0.0,75.0,100.0
2022-04-30 10:00:00,13.50727,0.0,539.33997,371.85846,167.4815,0.0,69.0,100.0
2022-04-30 11:00:00,13.277269,53.61702,606.08997,442.3088,163.78116,0.0,65.0,10.0
2022-04-30 12:00:00,12.697269,47.872337,286.58,25.6904,260.8896,0.0,66.0,19.0
2022-04-30 13:00:00,13.42727,40.851067,687.08,508.86548,178.21455,0.0,68.0,30.0
2022-04-30 14:00:00,13.37727,56.170216,706.66,500.07233,206.58766,0.0,68.0,6.0
2022-04-30 15:00:00,13.46727,0.0,704.88,458.2753,246.6047,0.0,66.0,100.0
2022-04-30 16:00:00,12.687269,0.0,432.53998,340.47256,92.06741,0.0,68.0,100.0
2022-04-30 17:00:00,12.187269,0.0,339.97998,240.7438,99.23617,0.0,70.0,100.0
2022-04-30 18:00:00,11.487269,0.0,298.15,171.79483,126.35517,0.0,72.0,100.0
2022-04-30 19:00:00,9.55727,58.723404,157.53,85.885414,71.644585,0.0,80.0,2.0
2022-04-30 20:00:00,7.7672696,18.007978,18.69,9.751769,8.938231,0.0,83.0,49.0
2022-04-30 21:00:00,7.7872696,0.0,0.0,0.0,0.0,0.0,84.0,73.0
2022-04-30 22:00:00,7.2872696,0.0,0.0,0.0,0.0,0.0,85.0,8.0
2022-04-30 23:00:00,7.31727,0.0,0.0,0.0,0.0,0.0,83.0,0.0
2022-05-01 00:00:00,6.9672694,0.0,0.0,0.0,0.0,0.0,84.0,36.0
2022-05-01 01:00:00,6.4472694,0.0,0.0,0.0,0.0,0.0,88.0,84.0
2022-05-01 02:00:00,5.8272696,0.0,0.0,0.0,0.0,0.0,91.0,32.0
2022-05-01 03:00:00,5.6172695,0.0,0.0,0.0,0.0,0.0,91.0,16.0
2022-05-01 04:00:00,5.58727,0.0,0.0,0.0,0.0,0.0,89.0,11.0
2022-05-01 05:00:00,5.2672696,0.0,0.0,0.0,0.0,0.0,87.0,11.0
2022-05-01 06:00:00,6.2372694,45.529255,34.71,18.223213,16.486786,0.0,82.0,9.0
2022-05-01 07:00:00,7.83727,59.361702,189.56999,104.61286,84.95713,0.0,75.0,1.0
2022-05-01 08:00:00,9.09727,60.0,355.11,206.9084,148.20158,0.0,73.0,0.0
2022-05-01 09:00:00,10.24727,60.0,515.31,314.93643,200.37357,0.0,69.0,0.0
2022-05-01 10:00:00,10.977269,60.0,653.26,415.0815,238.1785,0.0,65.0,0.0
2022-05-01 11:00:00,11.75727,60.0,758.27997,495.71274,262.56723,0.0,63.0,0.0
2022-05-01 12:00:00,12.29727,60.0,824.14,547.98,276.16006,0.0,62.0,0.0
2022-05-01 13:00:00,13.357269,58.723404,837.49,559.5902,277.8998,0.0,65.0,2.0
2022-05-01 14:00:00,14.01727,60.0,808.12,536.03064,272.08936,0.0,65.0,0.0
2022-05-01 15:00:00,13.74727,60.0,739.58997,481.20477,258.3852,0.0,66.0,0.0
2022-05-01 16:00:00,13.25727,60.0,627.45,395.94348,231.50655,0.0,64.0,0.0
2022-05-01 17:00:00,12.777269,60.0,487.72,295.48044,192.23956,0.0,63.0,0.0
2022-05-01 18:00:00,12.107269,60.0,325.74,187.87715,137.86284,0.0,66.0,0.0
2022-05-01 19:00:00,10.30727,60.0,156.64,85.49559,71.14441,0.0,75.0,0.0
2022-05-01 20:00:00,9.29727,38.95,18.69,9.757591,8.932409,0.0,67.0,0.0
2022-05-01 21:00:00,9.29727,0.0,0.0,0.0,0.0,0.0,66.0,0.0
2022-05-01 22:00:00,8.87727,0.0,0.0,0.0,0.0,0.0,65.0,0.0
2022-05-01 23:00:00,8.41727,0.0,0.0,0.0,0.0,0.0,65.0,0.0
2022-05-02 00:00:00,8.217269,0.0,0.0,0.0,0.0,0.0,64.0,0.0
2022-05-02 01:00:00,7.4172697,0.0,0.0,0.0,0.0,0.0,68.0,0.6
2022-05-02 02:00:00,6.9672694,0.0,0.0,0.0,0.0,0.0,69.0,1.8000001
2022-05-02 03:00:00,5.3072696,0.0,0.0,0.0,0.0,0.0,76.0,1.8000001
2022-05-02 04:00:00,5.1372695,0.0,0.0,0.0,0.0,0.0,77.0,1.2
2022-05-02 05:00:00,5.04727,0.0,0.0,0.0,0.0,0.0,78.0,0.0
2022-05-02 06:00:00,7.08727,51.9,35.6,18.703289,16.89671,0.0,72.0,0.0
2022-05-02 07:00:00,8.727269,60.0,190.45999,105.23925,85.22074,0.0,67.0,0.0
2022-05-02 08:00:00,10.42727,60.0,362.22998,211.29771,150.93227,0.0,62.0,0.0
2022-05-02 09:00:00,11.6572695,60.0,524.21,320.70026,203.50978,0.0,59.0,0.0
2022-05-02 10:00:00,12.737269,60.0,663.94,422.24994,241.69008,0.0,56.0,0.0
2022-05-02 11:00:00,13.6172695,60.0,768.95996,503.1086,265.85135,0.0,56.0,0.0
2022-05-02 12:00:00,14.50727,60.0,833.04,554.3218,278.71817,0.0,56.0,0.0
2022-05-02 13:00:00,15.04727,59.425533,846.39,565.9518,280.4382,0.0,57.0,0.90000004
2022-05-02 14:00:00,15.397269,56.361702,808.12,536.42065,271.69934,0.0,58.0,5.7000003
2022-05-02 15:00:00,15.487269,56.170216,736.02997,479.24707,256.7829,0.0,57.0,6.0
2022-05-02 16:00:00,15.277269,53.872337,627.45,396.25937,231.19064,0.0,55.0,9.6
2022-05-02 17:00:00,14.777269,54.255318,493.06,298.9771,194.08287,0.0,57.0,9.0
2022-05-02 18:00:00,13.897269,56.170216,337.31,194.74136,142.56863,0.0,60.0,6.0
2022-05-02 19:00:00,12.04727,55.404255,169.98999,92.885544,77.10445,0.0,71.0,7.2000003
2022-05-02 20:00:00,11.00727,36.683544,23.14,12.088027,11.051972,0.0,60.0,8.400001
2022-05-02 21:00:00,10.58727,0.0,0.0,0.0,0.0,0.0,60.0,10.200001
2022-05-02 22:00:00,10.477269,0.0,0.0,0.0,0.0,0.0,59.0,9.0
2022-05-02 23:00:00,10.26727,0.0,0.0,0.0,0.0,0.0,58.0,7.2000003
2022-05-03 00:00:00,9.67727,0.0,0.0,0.0,0.0,0.0,61.0,6.6000004
2022-05-03 01:00:00,9.107269,0.0,0.0,0.0,0.0,0.0,64.0,6.9
2022-05-03 02:00:00,8.87727,0.0,0.0,0.0,0.0,0.0,64.0,16.0
2022-05-03 03:00:00,8.397269,0.0,0.0,0.0,0.0,0.0,63.0,14.0
2022-05-03 04:00:00,6.8672695,0.0,0.0,0.0,0.0,0.0,69.0,6.0
2022-05-03 05:00:00,7.4972696,0.0,0.0,0.0,0.0,0.0,66.0,6.0
2022-05-03 06:00:00,9.05727,49.867714,43.61,22.927197,20.682804,0.0,68.0,6.3
2022-05-03 07:00:00,10.8672695,56.170216,202.92,112.26791,90.65209,0.0,62.0,6.0
2022-05-03 08:00:00,12.26727,56.361702,369.35,215.69582,153.65419,0.0,58.0,5.7000003
2022-05-03 09:00:00,13.21727,56.55319,522.43,319.93323,202.49678,0.0,58.0,5.4
2022-05-03 10:00:00,14.147269,56.93617,652.37,415.26517,237.10483,0.0,56.0,4.8
2022-05-03 11:00:00,15.027269,56.744682,750.26996,491.28143,258.98853,0.0,55.0,5.1000004
2022-05-03 12:00:00,15.88727,50.425533,809.01,538.7405,270.26956,0.0,55.0,15.0
2022-05-03 13:00:00,15.447269,0.0,768.07,535.98535,232.08467,0.0,58.0,100.0
2022-05-03 14:00:00,15.147269,0.0,566.04,403.63278,162.4072,0.0,56.0,100.0
2022-05-03 15:00:00,14.8672695,0.0,518.87,387.43927,131.43071,0.0,57.0,100.0
2022-05-03 16:00:00,14.32727,0.0,386.25998,243.46965,142.79033,0.0,59.0,100.0
2022-05-03 17:00:00,13.937269,0.0,290.13998,192.41348,97.7265,0.0,62.0,100.0
2022-05-03 18:00:00,13.817269,0.0,300.82,173.84422,126.975784,0.0,65.0,98.0
2022-05-03 19:00:00,12.727269,0.0,161.98,88.60716,73.37283,0.0,71.0,100.0
2022-05-03 20:00:00,10.80727,15.944682,24.029999,12.560417,11.469582,0.0,74.0,58.0
2022-05-03 21:00:00,10.07727,0.0,0.0,0.0,0.0,0.0,74.0,0.0
2022-05-03 22:00:00,9.87727,0.0,0.0,0.0,0.0,0.0,73.0,0.0
2022-05-03 23:00:00,9.777269,0.0,0.0,0.0,0.0,0.0,75.0,0.0
2022-05-04 00:00:00,9.71727,0.0,0.0,0.0,0.0,0.0,73.0,0.0
2022-05-04 01:00:00,9.67727,0.0,0.0,0.0,0.0,0.0,70.0,0.0
2022-05-04 02:00:00,9.59727,0.0,0.0,0.0,0.0,0.0,67.0,0.0
2022-05-04 03:00:00,9.34727,0.0,0.0,0.0,0.0,0.0,65.0,0.0
2022-05-04 04:00:00,9.07727,0.0,0.0,0.0,0.0,0.0,64.0,0.0
2022-05-04 05:00:00,9.067269,0.0,0.0,0.0,0.0,0.0,62.0,0.0
2022-05-04 06:00:00,10.147269,55.016666,40.05,21.069944,18.980055,0.0,64.0,0.0
2022-05-04 07:00:00,11.74727,53.61702,193.12999,106.98816,86.14183,0.0,65.0,10.0
2022-05-04 08:00:00,12.79727,60.0,358.66998,209.69579,148.9742,0.0,62.0,0.0
2022-05-04 09:00:00,14.03727,60.0,518.87,318.0714,200.7986,0.0,60.0,0.0
2022-05-04 10:00:00,15.13727,59.61702,654.14996,416.7705,237.37944,0.0,60.0,0.6
2022-05-04 11:00:00,15.91727,44.04255,747.6,489.92996,257.67,0.0,58.0,25.0
2022-05-04 12:00:00,16.667269,42.127663,805.45,536.7733,268.6767,0.0,57.0,28.0
2022-05-04 13:00:00,15.437269,0.0,484.16,233.76376,250.39624,0.0,61.0,100.0
2022-05-04 14:00:00,14.817269,0.0,694.2,501.90063,192.29936,0.0,63.0,100.0
2022-05-04 15:00:00,14.067269,0.0,528.66,404.77103,123.88895,0.0,66.0,100.0
2022-05-04 16:00:00,13.817269,0.0,260.77,66.30684,194.46315,0.0,68.0,100.0
2022-05-04 17:00:00,14.727269,11.489361,411.18,264.03183,147.14816,0.0,65.0,76.0
2022-05-04 18:00:00,13.527269,5.7446804,330.19,191.00311,139.18689,0.0,70.0,85.0
2022-05-04 19:00:00,11.947269,8.297872,170.88,93.57941,77.3006,0.0,76.0,81.0
2022-05-04 20:00:00,10.067269,16.925531,25.81,13.498827,12.3111725,0.0,80.0,57.0
2022-05-04 21:00:00,9.897269,0.0,0.0,0.0,0.0,0.0,77.0,3.9
2022-05-04 22:00:00,9.59727,0.0,0.0,0.0,0.0,0.0,80.0,5.1000004
2022-05-04 23:00:00,9.58727,0.0,0.0,0.0,0.0,0.0,78.0,6.6000004
2022-05-05 00:00:00,9.54727,0.0,0.0,0.0,0.0,0.0,75.0,20.0
2022-05-05 01:00:00,10.13727,0.0,0.0,0.0,0.0,0.0,71.0,100.0
2022-05-05 02:00:00,9.71727,0.0,0.0,0.0,0.0,0.0,70.0,100.0
2022-05-05 03:00:00,9.59727,0.0,0.0,0.0,0.0,0.0,69.0,100.0
2022-05-05 04:00:00,8.687269,0.0,0.0,0.0,0.0,0.0,72.0,27.0
2022-05-05 05:00:00,8.57727,0.0,0.0,0.0,0.0,0.0,74.0,2.0
2022-05-05 06:00:00,9.82727,46.350178,48.95,25.769665,23.180336,0.0,73.0,17.0
2022-05-05 07:00:00,11.33727,0.0,170.88,94.78307,76.09693,0.0,65.0,100.0
2022-05-05 08:00:00,10.92727,0.0,137.95,41.17504,96.774956,0.0,68.0,100.0
2022-05-05 09:00:00,11.977269,0.0,141.51,6.8294373,134.68056,0.0,67.0,100.0
2022-05-05 10:00:00,13.55727,0.0,469.91998,374.9326,94.98739,0.0,67.0,100.0
2022-05-05 11:00:00,12.46727,0.0,337.31,89.6375,247.6725,0.0,77.0,100.0
2022-05-05 12:00:00,12.30727,0.0,213.59999,7.9742737,205.62572,0.0,78.0,100.0
2022-05-05 13:00:00,13.4072695,0.0,576.72,390.01093,186.70903,0.0,68.0,100.0
2022-05-05 14:00:00,12.477269,0.0,492.16998,266.20026,225.96974,0.0,74.0,100.0
2022-05-05 15:00:00,11.84727,0.0,336.41998,97.403824,239.01616,0.0,78.0,100.0
2022-05-05 16:00:00,12.227269,0.0,240.3,45.70465,194.59535,0.0,79.0,100.0
2022-05-05 17:00:00,12.99727,0.0,328.41,261.90967,66.500336,0.0,80.0,100.0
2022-05-05 18:00:00,12.33727,0.0,304.38,176.24243,128.13757,0.0,84.0,100.0
2022-05-05 19:00:00,11.50727,0.0,147.73999,80.995804,66.74419,0.0,86.0,100.0
2022-05-05 20:00:00,10.51727,0.0,20.47,10.712228,9.7577715,0.0,90.0,100.0
2022-05-05 21:00:00,10.397269,0.0,0.0,0.0,0.0,0.0,90.0,100.0
2022-05-05 22:00:00,9.977269,0.0,0.0,0.0,0.0,0.0,91.0,100.0
2022-05-05 23:00:00,9.24727,0.0,0.0,0.0,0.0,0.0,95.0,100.0
2022-05-06 00:00:00,9.08727,0.0,0.0,0.0,0.0,0.0,95.0,100.0
2022-05-06 01:00:00,8.937269,0.0,0.0,0.0,0.0,0.0,95.0,100.0
2022-05-06 02:00:00,8.49727,0.0,0.0,0.0,0.0,0.0,97.0,100.0
2022-05-06 03:00:00,8.50727,0.0,0.0,0.0,0.0,0.0,96.0,100.0
2022-05-06 04:00:00,9.17727,0.0,0.0,0.0,0.0,0.0,90.0,100.0
2022-05-06 05:00:00,8.607269,0.0,0.0,0.0,0.0,0.0,91.0,100.0
2022-05-06 06:00:00,8.437269,0.0,10.68,3.5132065,7.166794,0.0,93.0,100.0
2022-05-06 07:00:00,9.067269,0.0,31.15,0.9316006,30.2184,0.0,93.0,100.0
2022-05-06 08:00:00,9.80727,0.0,89.0,4.1238937,84.87611,0.0,90.0,100.0
2022-05-06 09:00:00,11.80727,51.70213,397.83,278.2186,119.61139,0.0,84.0,13.0
2022-05-06 10:00:00,12.817269,56.170216,641.69,409.52487,232.16513,0.0,80.0,6.0
2022-05-06 11:00:00,13.477269,0.0,699.54,476.24915,223.29082,0.0,78.0,100.0
2022-05-06 12:00:00,14.357269,55.97872,745.82,524.04614,221.77388,0.0,74.0,6.3
2022-05-06 13:00:00,12.37727,0.0,286.58,16.13208,270.4479,0.0,77.0,100.0
2022-05-06 14:00:00,13.187269,0.0,354.22,82.61624,271.60376,0.0,78.0,100.0
2022-05-06 15:00:00,12.88727,0.0,346.21,107.41193,238.79807,0.0,82.0,100.0
2022-05-06 16:00:00,12.51727,0.0,277.68,82.21794,195.46205,0.0,85.0,100.0
2022-05-06 17:00:00,12.75727,0.0,234.06999,98.58548,135.48451,0.0,86.0,100.0
2022-05-06 18:00:00,12.477269,0.0,186.01,128.75113,57.258865,0.0,88.0,100.0
2022-05-06 19:00:00,11.6572695,0.0,105.02,62.994015,42.02598,0.0,91.0,100.0
2022-05-06 20:00:00,11.32727,0.0,19.58,10.252274,9.327726,0.0,90.0,100.0
2022-05-06 21:00:00,11.24727,0.0,0.0,0.0,0.0,0.0,91.0,100.0
2022-05-06 22:00:00,10.857269,0.0,0.0,0.0,0.0,0.0,91.0,100.0
2022-05-06 23:00:00,10.9072695,0.0,0.0,0.0,0.0,0.0,88.0,100.0
2022-05-07 00:00:00,10.78727,0.0,0.0,0.0,0.0,0.0,85.0,100.0
2022-05-07 01:00:00,10.83727,0.0,0.0,0.0,0.0,0.0,82.0,100.0
2022-05-07 02:00:00,10.78727,0.0,0.0,0.0,0.0,0.0,83.0,100.0
2022-05-07 03:00:00,10.76727,0.0,0.0,0.0,0.0,0.0,85.0,100.0
2022-05-07 04:00:00,10.45727,0.0,0.0,0.0,0.0,0.0,87.0,100.0
2022-05-07 05:00:00,10.21727,0.0,0.0,0.0,0.0,0.0,88.0,100.0
2022-05-07 06:00:00,11.20727,0.0,47.17,24.863298,22.3067,0.0,83.0,100.0
2022-05-07 07:00:00,11.87727,0.0,202.92,112.81519,90.104805,0.0,82.0,100.0
2022-05-07 08:00:00,12.897269,0.0,350.66,205.66103,144.99898,0.0,79.0,100.0
2022-05-07 09:00:00,13.8672695,0.0,477.03998,297.21573,179.82425,0.0,77.0,98.0
2022-05-07 10:00:00,14.24727,0.0,616.77,399.79544,216.97458,0.0,78.0,100.0
2022-05-07 11:00:00,14.6572695,23.617023,633.68,460.1526,173.52739,0.0,79.0,57.0
2022-05-07 12:00:00,14.95727,17.872341,538.45,332.78,205.67001,0.0,79.0,66.0
2022-05-07 13:00:00,14.42727,0.0,550.91,338.2167,212.69327,0.0,80.0,100.0
2022-05-07 14:00:00,13.75727,60.0,524.21,316.7041,207.5059,0.0,83.0,0.0
2022-05-07 15:00:00,14.9072695,57.44681,695.98,465.43536,230.54462,0.0,77.0,4.0
2022-05-07 16:00:00,14.62727,0.0,624.77997,396.08823,228.69174,0.0,75.0,100.0
2022-05-07 17:00:00,14.05727,3.191489,476.15,289.94745,186.20253,0.0,75.0,89.0
2022-05-07 18:00:00,13.477269,0.0,311.5,180.6994,130.8006,0.0,74.0,100.0
2022-05-07 19:00:00,12.777269,0.0,125.49,68.943085,56.54691,0.0,76.0,100.0
2022-05-07 20:00:00,12.027269,0.0,21.36,11.190609,10.169392,0.0,78.0,100.0
2022-05-07 21:00:00,12.067269,0.0,0.0,0.0,0.0,0.0,75.0,100.0
2022-05-07 22:00:00,11.8672695,0.0,0.0,0.0,0.0,0.0,77.0,100.0
2022-05-07 23:00:00,11.527269,0.0,0.0,0.0,0.0,0.0,80.0,100.0
2022-05-08 00:00:00,10.24727,0.0,0.0,0.0,0.0,0.0,83.0,18.0
2022-05-08 01:00:00,10.28727,0.0,0.0,0.0,0.0,0.0,83.0,19.0
2022-05-08 02:00:00,11.1172695,0.0,0.0,0.0,0.0,0.0,84.0,100.0
2022-05-08 03:00:00,10.71727,0.0,0.0,0.0,0.0,0.0,85.0,100.0
2022-05-08 04:00:00,10.75727,0.0,0.0,0.0,0.0,0.0,87.0,100.0
2022-05-08 05:00:00,10.63727,0.0,0.0,0.0,0.0,0.0,88.0,100.0
2022-05-08 06:00:00,11.25727,0.0,45.39,23.93955,21.450449,0.0,84.0,100.0
2022-05-08 07:00:00,11.8672695,60.0,204.7,113.933914,90.76608,0.0,81.0,0.0
2022-05-08 08:00:00,13.027269,45.31915,375.58,220.49635,155.08363,0.0,76.0,23.0
2022-05-08 09:00:00,14.147269,0.0,520.64996,320.33475,200.31522,0.0,75.0,100.0
2022-05-08 10:00:00,14.16727,0.0,454.78998,335.27252,119.51744,0.0,80.0,100.0
2022-05-08 11:00:00,15.197269,0.0,469.91998,267.30603,202.61397,0.0,79.0,100.0
2022-05-08 12:00:00,14.987269,0.0,510.86,283.29843,227.56155,0.0,82.0,100.0
2022-05-08 13:00:00,15.067269,0.0,475.25998,214.13025,261.12973,0.0,79.0,100.0
2022-05-08 14:00:00,15.857269,0.0,569.6,398.67972,170.92026,0.0,77.0,100.0
2022-05-08 15:00:00,15.4072695,35.106384,573.16,431.8894,141.27055,0.0,77.0,39.0
2022-05-08 16:00:00,15.21727,37.659573,493.94998,356.76495,137.18504,0.0,76.0,35.0
2022-05-08 17:00:00,14.87727,0.0,469.03,285.84418,183.18584,0.0,76.0,100.0
2022-05-08 18:00:00,14.45727,0.0,327.52,190.16756,137.35243,0.0,76.0,100.0
2022-05-08 19:00:00,13.80727,0.0,173.55,95.44722,78.10278,0.0,79.0,100.0
2022-05-08 20:00:00,11.96727,0.0,32.93,17.261902,15.6680975,0.0,86.0,100.0
2022-05-08 21:00:00,11.857269,0.0,0.0,0.0,0.0,0.0,80.0,25.0
2022-05-08 22:00:00,12.34727,0.0,0.0,0.0,0.0,0.0,81.0,100.0
2022-05-08 23:00:00,11.697269,0.0,0.0,0.0,0.0,0.0,84.0,20.0
2022-05-09 00:00:00,11.49727,0.0,0.0,0.0,0.0,0.0,85.0,20.0
2022-05-09 01:00:00,11.16727,0.0,0.0,0.0,0.0,0.0,86.0,0.0
2022-05-09 02:00:00,10.237269,0.0,0.0,0.0,0.0,0.0,89.0,0.0
2022-05-09 03:00:00,8.66727,0.0,0.0,0.0,0.0,0.0,97.0,0.0
2022-05-09 04:00:00,9.00727,0.0,0.0,0.0,0.0,0.0,95.0,0.0
2022-05-09 05:00:00,8.95727,2.3,0.0,0.0,0.0,0.0,96.0,0.0
2022-05-09 06:00:00,10.07727,45.95745,52.51,27.711502,24.798496,0.0,90.0,22.0
2022-05-09 07:00:00,11.687269,54.893616,209.15,116.54245,92.607544,0.0,85.0,8.0
2022-05-09 08:00:00,13.397269,60.0,373.8,219.6695,154.1305,0.0,78.0,0.0
2022-05-09 09:00:00,14.567269,60.0,529.55,326.09583,203.45415,0.0,72.0,0.0
2022-05-09 10:00:00,15.67727,60.0,663.94,424.72302,239.217,0.0,68.0,0.0
2022-05-09 11:00:00,16.567268,60.0,765.39996,503.43997,261.96,0.0,65.0,0.0
2022-05-09 12:00:00,17.35727,60.0,827.7,553.49194,274.20807,0.0,64.0,0.0
2022-05-09 13:00:00,17.52727,60.0,849.06,570.4375,278.62253,0.0,62.0,0.0
2022-05-09 14:00:00,17.987268,60.0,820.58,547.2792,273.30084,0.0,61.0,0.0
2022-05-09 15:00:00,17.957268,60.0,748.49,489.76376,258.72623,0.0,62.0,0.0
2022-05-09 16:00:00,17.807268,60.0,637.24,404.5768,232.66318,0.0,63.0,0.0
2022-05-09 17:00:00,17.417269,60.0,500.18,305.0749,195.1051,0.0,65.0,0.0
2022-05-09 18:00:00,16.59727,60.0,341.76,198.61792,143.14209,0.0,69.0,0.0
2022-05-09 19:00:00,14.79727,60.0,177.11,97.50743,79.60257,0.0,78.0,0.0
2022-05-09 20:00:00,13.447269,49.6,32.04,16.804802,15.235199,0.0,78.0,0.0
2022-05-09 21:00:00,13.26727,0.0,0.0,0.0,0.0,0.0,78.0,0.0
2022-05-09 22:00:00,12.99727,0.0,0.0,0.0,0.0,0.0,74.0,0.0
2022-05-09 23:00:00,12.987269,0.0,0.0,0.0,0.0,0.0,72.0,0.0
2022-05-10 00:00:00,12.91727,0.0,0.0,0.0,0.0,0.0,67.0,0.0
2022-05-10 01:00:00,12.727269,0.0,0.0,0.0,0.0,0.0,64.0,0.0
2022-05-10 02:00:00,12.50727,0.0,0.0,0.0,0.0,0.0,63.0,0.0
2022-05-10 03:00:00,12.147269,0.0,0.0,0.0,0.0,0.0,63.0,0.0
2022-05-10 04:00:00,11.91727,0.0,0.0,0.0,0.0,0.0,62.0,0.0
2022-05-10 05:00:00,11.91727,3.75,0.0,0.0,0.0,0.0,61.0,0.0
2022-05-10 06:00:00,13.1572695,59.61702,56.07,29.60807,26.46193,0.0,66.0,0.6
2022-05-10 07:00:00,14.49727,59.808514,222.5,124.1212,98.3788,0.0,66.0,0.3
2022-05-10 08:00:00,15.737269,57.31915,386.25998,227.2165,159.04347,0.0,62.0,4.2000003
2022-05-10 09:00:00,17.127268,55.97872,535.77997,330.2196,205.56035,0.0,62.0,6.3
2022-05-10 10:00:00,17.757269,58.085106,663.05,424.48212,238.56786,0.0,63.0,3.0
2022-05-10 11:00:00,18.397268,60.0,764.51,503.20758,261.30243,0.0,61.0,0.0
2022-05-10 12:00:00,19.01727,59.61702,820.58,549.08984,271.4902,0.0,61.0,0.6
2022-05-10 13:00:00,19.547268,59.61702,837.49,563.01996,274.47003,0.0,60.0,0.6
2022-05-10 14:00:00,19.837269,57.510635,806.33997,538.1228,268.21716,0.0,60.0,3.9
2022-05-10 15:00:00,19.877268,57.510635,739.58997,484.26068,255.32927,0.0,59.0,3.9
2022-05-10 16:00:00,19.757269,59.04255,635.45996,403.7362,231.72377,0.0,60.0,1.5
2022-05-10 17:00:00,19.19727,56.361702,505.52,308.5783,196.94168,0.0,62.0,5.7000003
2022-05-10 18:00:00,18.36727,56.744682,353.33,205.52802,147.80197,0.0,67.0,5.1000004
2022-05-10 19:00:00,17.077269,16.595745,189.56999,104.47531,85.09468,0.0,72.0,68.0
2022-05-10 20:00:00,15.487269,0.0,36.489998,19.149374,17.340624,0.0,71.0,100.0
2022-05-10 21:00:00,15.487269,0.0,0.0,0.0,0.0,0.0,67.0,100.0
2022-05-10 22:00:00,16.007269,0.0,0.0,0.0,0.0,0.0,64.0,100.0
2022-05-10 23:00:00,16.19727,0.0,0.0,0.0,0.0,0.0,60.0,92.0
2022-05-11 00:00:00,15.32727,0.0,0.0,0.0,0.0,0.0,58.0,56.0
2022-05-11 01:00:00,15.01727,0.0,0.0,0.0,0.0,0.0,54.0,52.0
2022-05-11 02:00:00,14.6572695,0.0,0.0,0.0,0.0,0.0,53.0,2.0
2022-05-11 03:00:00,14.777269,0.0,0.0,0.0,0.0,0.0,53.0,67.0
2022-05-11 04:00:00,14.397269,0.0,0.0,0.0,0.0,0.0,51.0,1.2
2022-05-11 05:00:00,14.237269,4.9751773,0.0,0.0,0.0,0.0,51.0,2.0
2022-05-11 06:00:00,15.30727,60.0,59.629997,31.505201,28.124796,0.0,60.0,0.0
2022-05-11 07:00:00,16.52727,60.0,225.17,125.738754,99.431244,0.0,62.0,0.0
2022-05-11 08:00:00,18.057268,60.0,381.81,224.79819,157.01181,0.0,58.0,0.0
2022-05-11 09:00:00,19.247269,57.70213,539.33997,332.67184,206.66812,0.0,56.0,3.6000001
2022-05-11 10:00:00,20.247269,57.70213,665.72,426.48486,239.23512,0.0,52.0,3.6000001
2022-05-11 11:00:00,20.957268,56.744682,760.06,500.59134,259.46866,0.0,51.0,5.1000004
2022-05-11 12:00:00,21.477268,58.085106,817.01996,547.0282,269.99173,0.0,49.0,3.0
2022-05-11 13:00:00,22.667269,60.0,838.38,563.9409,274.4391,0.0,52.0,0.0
2022-05-11 14:00:00,22.757269,60.0,816.13,544.97485,271.15515,0.0,53.0,0.0
2022-05-11 15:00:00,23.09727,60.0,744.93,488.05997,256.87003,0.0,52.0,0.0
2022-05-11 16:00:00,23.407269,60.0,634.57,403.44513,231.12486,0.0,53.0,0.0
2022-05-11 17:00:00,22.727268,60.0,501.06998,306.0956,194.97437,0.0,55.0,0.0
2022-05-11 18:00:00,21.207268,60.0,344.43,200.52522,143.90477,0.0,63.0,0.0
2022-05-11 19:00:00,19.137268,60.0,180.67,99.66945,81.00055,0.0,72.0,0.0
2022-05-11 20:00:00,18.18727,52.183334,34.71,18.22494,16.48506,0.0,66.0,0.0
2022-05-11 21:00:00,17.85727,0.0,0.0,0.0,0.0,0.0,64.0,0.0
2022-05-11 22:00:00,17.677269,0.0,0.0,0.0,0.0,0.0,61.0,0.0
2022-05-11 23:00:00,17.557268,0.0,0.0,0.0,0.0,0.0,55.0,0.0
2022-05-12 00:00:00,16.707268,0.0,0.0,0.0,0.0,0.0,58.0,0.0
2022-05-12 01:00:00,15.487269,0.0,0.0,0.0,0.0,0.0,60.0,11.0
2022-05-12 02:00:00,15.42727,0.0,0.0,0.0,0.0,0.0,59.0,66.0
2022-05-12 03:00:00,15.01727,0.0,0.0,0.0,0.0,0.0,59.0,61.0
2022-05-12 04:00:00,14.737269,0.0,0.0,0.0,0.0,0.0,60.0,50.0
2022-05-12 05:00:00,14.00727,4.6177306,0.0,0.0,0.0,0.0,63.0,26.0
2022-05-12 06:00:00,14.41727,29.361702,68.53,36.226475,32.303524,0.0,65.0,48.0
2022-05-12 07:00:00,16.397268,60.0,226.06,126.35972,99.70028,0.0,68.0,0.0
2022-05-12 08:00:00,17.877268,59.61702,384.47998,226.56454,157.91544,0.0,61.0,0.6
2022-05-12 09:00:00,18.817268,55.02128,540.23,333.47223,206.75775,0.0,58.0,7.8
2022-05-12 10:00:00,19.637268,0.0,651.48,417.64294,233.83702,0.0,57.0,100.0
2022-05-12 11:00:00,20.36727,21.702127,732.47,491.47186,240.99812,0.0,57.0,60.0
2022-05-12 12:00:00,21.237268,60.0,815.24,547.2949,267.94504,0.0,56.0,0.0
2022-05-12 13:00:00,21.657269,0.0,810.79,557.87115,252.91881,0.0,62.0,99.0
2022-05-12 14:00:00,22.397268,0.0,784.08997,534.5292,249.56079,0.0,58.0,100.0
2022-05-12 15:00:00,22.917269,0.0,708.44,474.5552,233.8848,0.0,55.0,100.0
2022-05-12 16:00:00,22.817268,0.0,574.05,382.74683,191.30318,0.0,55.0,100.0
2022-05-12 17:00:00,20.067268,8.93617,279.46,155.9735,123.486496,0.0,69.0,80.0
2022-05-12 18:00:00,19.53727,14.680849,329.3,191.88278,137.4172,0.0,71.0,71.0
2022-05-12 19:00:00,17.76727,48.51064,126.38,73.231346,53.14865,0.0,80.0,18.0
2022-05-12 20:00:00,16.76727,0.0,42.72,22.442587,20.277414,0.0,78.0,100.0
2022-05-12 21:00:00,15.527269,0.0,0.0,0.0,0.0,0.0,81.0,30.0
2022-05-12 22:00:00,16.337269,0.0,0.0,0.0,0.0,0.0,75.0,16.0
2022-05-12 23:00:00,17.057268,0.0,0.0,0.0,0.0,0.0,70.0,100.0
2022-05-13 00:00:00,17.897268,0.0,0.0,0.0,0.0,0.0,62.0,100.0
2022-05-13 01:00:00,18.067268,0.0,0.0,0.0,0.0,0.0,58.0,100.0
2022-05-13 02:00:00,16.977268,0.0,0.0,0.0,0.0,0.0,63.0,100.0
2022-05-13 03:00:00,15.567269,0.0,0.0,0.0,0.0,0.0,69.0,100.0
2022-05-13 04:00:00,15.197269,0.0,0.0,0.0,0.0,0.0,70.0,100.0
2022-05-13 05:00:00,15.92727,6.212057,0.0,0.0,0.0,0.0,66.0,18.0
2022-05-13 06:00:00,16.45727,35.744682,36.489998,19.303337,17.18666,0.0,68.0,38.0
2022-05-13 07:00:00,17.897268,55.404255,210.93,118.01807,92.91193,0.0,63.0,7.2000003
2022-05-13 08:00:00,18.507269,53.61702,385.37,227.28325,158.08675,0.0,63.0,10.0
2022-05-13 09:00:00,19.27727,12.127658,520.64996,321.62726,199.02272,0.0,62.0,75.0
2022-05-13 10:00:00,19.917269,54.893616,653.26,419.06406,234.19595,0.0,60.0,8.0
2022-05-13 11:00:00,20.817268,55.97872,749.38,495.94165,253.43837,0.0,59.0,6.3
2022-05-13 12:00:00,21.507269,55.212765,807.23,547.017,260.21295,0.0,58.0,7.5000005
2022-05-13 13:00:00,19.35727,8.93617,418.3,132.7554,285.5446,0.0,73.0,80.0
2022-05-13 14:00:00,19.34727,0.0,760.06,530.3057,229.75427,0.0,73.0,100.0
2022-05-13 15:00:00,19.207268,0.0,655.93,463.40906,192.52094,0.0,74.0,100.0
2022-05-13 16:00:00,18.77727,0.0,482.38,357.6101,124.76989,0.0,75.0,100.0
2022-05-13 17:00:00,18.18727,0.0,376.47,265.7305,110.7395,0.0,78.0,100.0
2022-05-13 18:00:00,17.587269,0.0,233.18,206.88322,26.296766,0.0,81.0,100.0
2022-05-13 19:00:00,17.01727,0.0,149.52,82.64874,66.87126,0.0,83.0,100.0
2022-05-13 20:00:00,14.51727,51.954258,43.61,22.92226,20.68774,0.0,90.0,4.8
2022-05-13 21:00:00,14.55727,0.0,0.0,0.0,0.0,0.0,92.0,4.2000003
2022-05-13 22:00:00,14.727269,0.0,0.0,0.0,0.0,0.0,89.0,100.0
2022-05-13 23:00:00,14.67727,0.0,0.0,0.0,0.0,0.0,86.0,100.0
2022-05-14 00:00:00,14.6572695,0.0,0.0,0.0,0.0,0.0,83.0,100.0
2022-05-14 01:00:00,14.82727,0.0,0.0,0.0,0.0,0.0,81.0,100.0
2022-05-14 02:00:00,14.63727,0.0,0.0,0.0,0.0,0.0,79.0,100.0
2022-05-14 03:00:00,14.397269,0.0,0.0,0.0,0.0,0.0,80.0,100.0
2022-05-14 04:00:00,14.16727,0.0,0.0,0.0,0.0,0.0,81.0,100.0
2022-05-14 05:00:00,13.74727,0.0,0.0,0.0,0.0,0.0,83.0,100.0
2022-05-14 06:00:00,14.30727,0.0,28.48,17.419775,11.060225,0.0,81.0,100.0
2022-05-14 07:00:00,15.277269,0.0,117.479996,86.34817,31.13183,0.0,80.0,100.0
2022-05-14 08:00:00,16.397268,60.0,350.66,206.98828,143.67172,0.0,77.0,0.0
2022-05-14 09:00:00,17.28727,60.0,535.77997,331.22095,204.55902,0.0,74.0,0.0
2022-05-14 10:00:00,18.167269,60.0,667.5,428.48343,239.01657,0.0,72.0,0.0
2022-05-14 11:00:00,18.69727,60.0,767.18,506.20526,260.97473,0.0,72.0,0.0
2022-05-14 12:00:00,19.247269,60.0,830.37,556.9252,273.44482,0.0,71.0,0.0
2022-05-14 13:00:00,19.44727,60.0,850.83997,573.2893,277.55066,0.0,72.0,0.0
2022-05-14 14:00:00,20.067268,60.0,824.14,551.2742,272.8658,0.0,67.0,0.0
2022-05-14 15:00:00,20.737268,60.0,754.72,495.3825,259.33746,0.0,64.0,0.0
2022-05-14 16:00:00,20.587269,60.0,646.14,411.63046,234.50955,0.0,65.0,0.0
2022-05-14 17:00:00,20.077269,60.0,511.75,313.33026,198.41975,0.0,65.0,0.0
2022-05-14 18:00:00,19.34727,60.0,354.22,206.75978,147.46022,0.0,68.0,0.0
2022-05-14 19:00:00,17.917269,60.0,191.34999,105.87523,85.47476,0.0,76.0,0.0
2022-05-14 20:00:00,16.37727,55.49684,41.829998,21.99826,19.831738,0.0,72.0,0.90000004
2022-05-14 21:00:00,16.02727,0.0,0.0,0.0,0.0,0.0,72.0,0.90000004
2022-05-14 22:00:00,15.737269,0.0,0.0,0.0,0.0,0.0,71.0,5.4
2022-05-14 23:00:00,15.87727,0.0,0.0,0.0,0.0,0.0,68.0,12.6
2022-05-15 00:00:00,16.29727,0.0,0.0,0.0,0.0,0.0,64.0,30.000002
2022-05-15 01:00:00,15.46727,0.0,0.0,0.0,0.0,0.0,66.0,30.000002
2022-05-15 02:00:00,14.79727,0.0,0.0,0.0,0.0,0.0,68.0,34.0
2022-05-15 03:00:00,14.09727,0.0,0.0,0.0,0.0,0.0,71.0,10.200001
2022-05-15 04:00:00,13.12727,0.0,0.0,0.0,0.0,0.0,78.0,18.0
2022-05-15 05:00:00,13.38727,9.313829,0.0,0.0,0.0,0.0,78.0,9.0
2022-05-15 06:00:00,15.66727,51.38298,77.43,41.052193,36.377808,0.0,72.0,13.500001
2022-05-15 07:00:00,17.137268,40.851063,229.62,128.72623,100.89376,0.0,68.0,30.000002
2022-05-15 08:00:00,18.557268,40.851063,361.34,213.4736,147.8664,0.0,62.0,30.000002
2022-05-15 09:00:00,19.457268,31.914892,472.59,307.95502,164.635,0.0,61.0,44.0
2022-05-15 10:00:00,20.247269,0.0,562.48,397.682,164.79799,0.0,59.0,100.0
2022-05-15 11:00:00,20.927269,0.0,607.87,459.61084,148.25914,0.0,58.0,100.0
2022-05-15 12:00:00,21.43727,0.0,621.22,476.18832,145.03165,0.0,57.0,100.0
2022-05-15 13:00:00,22.337269,57.510635,838.38,567.19104,271.189,0.0,58.0,3.9
2022-05-15 14:00:00,23.11727,58.276596,813.45996,544.43713,269.02286,0.0,55.0,2.7
2022-05-15 15:00:00,23.26727,60.0,748.49,491.5876,256.9024,0.0,55.0,0.0
2022-05-15 16:00:00,23.01727,60.0,647.02997,412.4688,234.56114,0.0,57.0,0.0
2022-05-15 17:00:00,22.44727,55.404255,513.52997,314.65314,198.87682,0.0,61.0,7.2000003
2022-05-15 18:00:00,21.627268,13.404254,361.34,211.09421,150.24579,0.0,65.0,73.0
2022-05-15 19:00:00,19.967268,0.0,178.0,98.58403,79.41597,0.0,74.0,100.0
2022-05-15 20:00:00,19.03727,0.0,34.71,18.263288,16.44671,0.0,71.0,100.0
2022-05-15 21:00:00,18.077269,0.0,0.0,0.0,0.0,0.0,72.0,100.0
2022-05-15 22:00:00,19.757269,0.0,0.0,0.0,0.0,0.0,64.0,71.0
2022-05-15 23:00:00,20.077269,0.0,0.0,0.0,0.0,0.0,59.0,100.0
2022-05-16 00:00:00,18.86727,0.0,0.0,0.0,0.0,0.0,65.0,83.0
2022-05-16 01:00:00,17.35727,0.0,0.0,0.0,0.0,0.0,75.0,100.0
2022-05-16 02:00:00,17.307268,0.0,0.0,0.0,0.0,0.0,75.0,75.0
2022-05-16 03:00:00,17.567268,0.0,0.0,0.0,0.0,0.0,72.0,100.0
2022-05-16 04:00:00,16.757269,0.0,0.0,0.0,0.0,0.0,76.0,100.0
2022-05-16 05:00:00,16.44727,0.0,0.0,0.0,0.0,0.0,76.0,100.0
2022-05-16 06:00:00,17.547268,51.06383,64.08,34.007965,30.072037,0.0,76.0,14.0
2022-05-16 07:00:00,18.397268,0.0,232.29,130.33475,101.95524,0.0,79.0,100.0
2022-05-16 08:00:00,19.217268,39.57447,378.25,223.62904,154.62096,0.0,75.0,32.0
2022-05-16 09:00:00,20.34727,0.0,536.67,332.23123,204.43875,0.0,69.0,100.0
2022-05-16 10:00:00,19.417269,0.0,308.83,94.14935,214.68063,0.0,73.0,100.0
2022-05-16 11:00:00,19.667269,0.0,215.37999,9.082275,206.29771,0.0,74.0,100.0
2022-05-16 12:00:00,23.03727,23.617023,765.39996,540.8634,224.53656,0.0,56.0,57.0
2022-05-16 13:00:00,19.807268,0.0,226.95,8.49736,218.45264,0.0,71.0,100.0
2022-05-16 14:00:00,18.86727,0.0,143.29,2.0314026,141.25859,0.0,79.0,100.0
2022-05-16 15:00:00,17.10727,0.0,125.49,1.6955566,123.79444,0.0,84.0,100.0
2022-05-16 16:00:00,17.52727,0.0,131.72,3.3536377,128.36636,0.0,81.0,100.0
2022-05-16 17:00:00,17.987268,41.48936,457.46,288.2994,169.16058,0.0,78.0,29.0
2022-05-16 18:00:00,18.427269,60.0,364.00998,212.82379,151.18619,0.0,75.0,0.0
2022-05-16 19:00:00,17.877268,60.0,194.02,107.55501,86.465,0.0,80.0,0.0
2022-05-16 20:00:00,15.63727,58.516666,45.39,23.894419,21.49558,0.0,82.0,0.0
2022-05-16 21:00:00,15.79727,0.0,0.0,0.0,0.0,0.0,84.0,0.0
2022-05-16 22:00:00,15.727269,0.0,0.0,0.0,0.0,0.0,81.0,0.0
2022-05-16 23:00:00,15.607269,0.0,0.0,0.0,0.0,0.0,75.0,0.0
2022-05-17 00:00:00,15.54727,0.0,0.0,0.0,0.0,0.0,68.0,0.90000004
2022-05-17 01:00:00,15.147269,0.0,0.0,0.0,0.0,0.0,65.0,24.300001
2022-05-17 02:00:00,15.01727,0.0,0.0,0.0,0.0,0.0,65.0,25.2
2022-05-17 03:00:00,14.897269,0.0,0.0,0.0,0.0,0.0,65.0,10.0
2022-05-17 04:00:00,14.647269,0.0,0.0,0.0,0.0,0.0,67.0,0.0
2022-05-17 05:00:00,14.63727,7.2478724,0.0,0.0,0.0,0.0,68.0,40.0
2022-05-17 06:00:00,16.05727,0.0,43.61,23.166115,20.443886,0.0,68.0,100.0
2022-05-17 07:00:00,17.03727,55.78723,230.51,129.4418,101.0682,0.0,66.0,6.6000004
2022-05-17 08:00:00,17.987268,54.638298,395.16,233.7923,161.3677,0.0,64.0,8.400001
2022-05-17 09:00:00,18.917269,54.44681,539.33997,334.09128,205.24869,0.0,64.0,8.700001
2022-05-17 10:00:00,19.737268,54.638298,663.05,426.38596,236.66403,0.0,61.0,8.400001
2022-05-17 11:00:00,20.467268,56.55319,757.39,502.1936,255.19643,0.0,59.0,5.4
2022-05-17 12:00:00,21.217268,55.78723,814.35,553.0249,261.32507,0.0,58.0,6.6000004
2022-05-17 13:00:00,21.707268,40.851063,791.20996,558.7451,232.46481,0.0,55.0,30.000002
2022-05-17 14:00:00,22.087269,56.93617,802.77997,544.1807,258.59924,0.0,55.0,4.8
2022-05-17 15:00:00,22.02727,58.085106,742.26,488.031,254.22899,0.0,55.0,3.0
2022-05-17 16:00:00,21.887268,59.61702,641.69,409.5653,232.1247,0.0,55.0,0.6
2022-05-17 17:00:00,21.297268,60.0,513.52997,315.0907,198.43929,0.0,60.0,0.0
2022-05-17 18:00:00,20.507269,60.0,358.66998,209.86858,148.8014,0.0,62.0,0.0
2022-05-17 19:00:00,19.11727,60.0,196.69,109.134766,87.55524,0.0,70.0,0.0
2022-05-17 20:00:00,17.60727,59.716667,47.17,24.843548,22.32645,0.0,64.0,0.0
2022-05-17 21:00:00,17.477268,0.0,0.0,0.0,0.0,0.0,64.0,3.3000002
2022-05-17 22:00:00,17.387268,0.0,0.0,0.0,0.0,0.0,64.0,0.0
2022-05-17 23:00:00,17.217268,0.0,0.0,0.0,0.0,0.0,64.0,0.0
2022-05-18 00:00:00,16.877268,0.0,0.0,0.0,0.0,0.0,64.0,0.0
2022-05-18 01:00:00,16.817268,0.0,0.0,0.0,0.0,0.0,64.0,0.0
2022-05-18 02:00:00,16.477268,0.0,0.0,0.0,0.0,0.0,64.0,0.0
2022-05-18 03:00:00,15.92727,0.0,0.0,0.0,0.0,0.0,62.0,0.0
2022-05-18 04:00:00,15.70727,0.0,0.0,0.0,0.0,0.0,62.0,0.0
2022-05-18 05:00:00,15.63727,13.75,0.0,0.0,0.0,0.0,63.0,0.0
2022-05-18 06:00:00,17.217268,60.0,74.76,39.750706,35.009296,0.0,66.0,0.0
2022-05-18 07:00:00,18.237268,60.0,229.62,129.04724,100.57275,0.0,68.0,0.0
2022-05-18 08:00:00,19.417269,60.0,391.6,231.84987,159.75014,0.0,65.0,0.0
2022-05-18 09:00:00,20.51727,60.0,543.79,337.0559,206.73409,0.0,61.0,0.0
2022-05-18 10:00:00,21.397268,60.0,675.51,434.6376,240.8724,0.0,60.0,0.0
2022-05-18 11:00:00,22.227268,60.0,776.08,513.17053,262.90945,0.0,58.0,0.0
2022-05-18 12:00:00,22.93727,60.0,839.26996,564.0345,275.23547,0.0,56.0,0.0
2022-05-18 13:00:00,22.94727,57.70213,838.38,570.38885,267.99115,0.0,60.0,3.6000001
2022-05-18 14:00:00,23.047268,58.851063,817.01996,548.0173,269.0027,0.0,62.0,1.8000001
2022-05-18 15:00:00,22.997269,60.0,748.49,492.3946,256.0954,0.0,61.0,0.0
2022-05-18 16:00:00,22.94727,60.0,648.81,414.361,234.449,0.0,60.0,0.0
2022-05-18 17:00:00,22.657269,60.0,514.42,315.85477,198.56522,0.0,61.0,0.0
2022-05-18 18:00:00,21.977268,60.0,359.56,210.55626,149.00374,0.0,63.0,0.0
2022-05-18 19:00:00,20.897268,60.0,198.47,110.22282,88.247185,0.0,71.0,0.0
2022-05-18 20:00:00,19.77727,57.70213,52.51,27.669462,24.840536,0.0,64.0,3.6000001
2022-05-18 21:00:00,19.28727,0.9739184,0.0,0.0,0.0,0.0,61.0,0.90000004
2022-05-18 22:00:00,18.76727,0.0,0.0,0.0,0.0,0.0,53.0,1.5
2022-05-18 23:00:00,18.477268,0.0,0.0,0.0,0.0,0.0,51.0,3.3000002
2022-05-19 00:00:00,18.317268,0.0,0.0,0.0,0.0,0.0,49.0,10.0
2022-05-19 01:00:00,17.93727,0.0,0.0,0.0,0.0,0.0,51.0,10.0
2022-05-19 02:00:00,17.967268,0.0,0.0,0.0,0.0,0.0,52.0,4.2000003
2022-05-19 03:00:00,17.877268,0.0,0.0,0.0,0.0,0.0,56.0,10.0
2022-05-19 04:00:00,17.727268,0.0,0.0,0.0,0.0,0.0,58.0,5.1000004
2022-05-19 05:00:00,18.177269,0.0,0.0,0.0,0.0,0.0,58.0,100.0
2022-05-19 06:00:00,19.057268,53.489365,61.41,32.68304,28.72696,0.0,63.0,10.200001
2022-05-19 07:00:00,19.747269,53.61702,229.62,129.15231,100.46768,0.0,65.0,10.0
2022-05-19 08:00:00,21.127268,53.61702,376.47,223.04909,153.42091,0.0,61.0,10.0
2022-05-19 09:00:00,22.36727,56.744682,539.33997,334.5032,204.83676,0.0,57.0,5.1000004
2022-05-19 10:00:00,23.167269,0.0,655.93,422.47922,233.45078,0.0,55.0,100.0
2022-05-19 11:00:00,23.907269,56.744682,633.68,471.8221,161.85788,0.0,54.0,5.1000004
2022-05-19 12:00:00,24.327269,55.404255,811.68,554.5398,257.1402,0.0,53.0,7.2000003
2022-05-19 13:00:00,22.337269,0.0,206.48,6.371002,200.109,0.0,70.0,100.0
2022-05-19 14:00:00,24.43727,40.851063,731.58,528.7646,202.81544,0.0,58.0,30.000002
2022-05-19 15:00:00,24.217268,54.063828,729.8,486.99524,242.80476,0.0,55.0,9.3
2022-05-19 16:00:00,24.59727,38.297874,628.33997,401.52997,226.81,0.0,53.0,34.0
2022-05-19 17:00:00,23.69727,0.0,314.16998,202.52612,111.64387,0.0,60.0,100.0
2022-05-19 18:00:00,21.09727,36.38298,93.45,4.6842346,88.76576,0.0,72.0,37.0
2022-05-19 19:00:00,20.977268,0.0,208.26,115.765045,92.49495,0.0,73.0,100.0
2022-05-19 20:00:00,19.057268,58.723404,48.95,25.806072,23.143929,0.0,73.0,2.0
2022-05-19 21:00:00,19.647268,2.1508512,0.0,0.0,0.0,0.0,73.0,2.1000001
2022-05-19 22:00:00,19.78727,0.0,0.0,0.0,0.0,0.0,63.0,5.4
2022-05-19 23:00:00,19.93727,0.0,0.0,0.0,0.0,0.0,57.0,74.0
2022-05-20 00:00:00,18.927269,0.0,0.0,0.0,0.0,0.0,60.0,100.0
2022-05-20 01:00:00,17.887268,0.0,0.0,0.0,0.0,0.0,61.0,5.1000004
2022-05-20 02:00:00,18.507269,0.0,0.0,0.0,0.0,0.0,56.0,5.1000004
2022-05-20 03:00:00,19.467268,0.0,0.0,0.0,0.0,0.0,50.0,5.4
2022-05-20 04:00:00,19.387268,0.0,0.0,0.0,0.0,0.0,50.0,4.5
2022-05-20 05:00:00,18.417269,15.196277,0.89,0.25628507,0.6337149,0.0,54.0,5.0
2022-05-20 06:00:00,20.587269,57.89362,89.89,47.88528,42.00472,0.0,64.0,3.3000002
2022-05-20 07:00:00,20.717268,58.468086,246.53,138.77617,107.75383,0.0,61.0,2.4
2022-05-20 08:00:00,21.807268,59.04255,403.16998,239.0359,164.13408,0.0,58.0,1.5
2022-05-20 09:00:00,22.997269,58.276596,549.13,340.7835,208.3465,0.0,55.0,2.7
2022-05-20 10:00:00,24.247269,57.31915,673.73,433.9652,239.76479,0.0,55.0,4.2000003
2022-05-20 11:00:00,25.227268,56.170216,766.29,507.20334,259.08664,0.0,51.0,6.0
2022-05-20 12:00:00,26.227268,59.425533,819.69,557.19934,262.49066,0.0,49.0,0.90000004
2022-05-20 13:00:00,26.11727,59.61702,837.49,572.2902,265.19977,0.0,47.0,0.6
2022-05-20 14:00:00,26.94727,60.0,825.92,554.1618,271.75818,0.0,46.0,0.0
2022-05-20 15:00:00,27.10727,59.04255,755.61,497.61145,257.99854,0.0,47.0,1.5
2022-05-20 16:00:00,27.837269,59.04255,642.58,410.87372,231.70628,0.0,48.0,1.5
2022-05-20 17:00:00,28.10727,59.425533,516.2,317.38,198.81999,0.0,53.0,0.90000004
2022-05-20 18:00:00,27.397268,0.0,357.78,209.84221,147.93779,0.0,58.0,95.0
2022-05-20 19:00:00,25.26727,0.0,152.19,85.779526,66.41048,0.0,64.0,100.0
2022-05-20 20:00:00,22.507269,30.638298,55.18,29.10421,26.07579,0.0,58.0,46.0
2022-05-20 21:00:00,21.577269,2.3510637,0.0,0.0,0.0,0.0,57.0,29.0
2022-05-20 22:00:00,21.53727,0.0,0.0,0.0,0.0,0.0,57.0,19.0
2022-05-20 23:00:00,20.09727,0.0,0.0,0.0,0.0,0.0,63.0,4.8
2022-05-21 00:00:00,19.207268,0.0,0.0,0.0,0.0,0.0,61.0,9.0
2022-05-21 01:00:00,18.667269,0.0,0.0,0.0,0.0,0.0,57.0,10.0
2022-05-21 02:00:00,18.057268,0.0,0.0,0.0,0.0,0.0,55.0,17.0
2022-05-21 03:00:00,17.737268,0.0,0.0,0.0,0.0,0.0,54.0,17.0
2022-05-21 04:00:00,16.45727,0.0,0.0,0.0,0.0,0.0,60.0,100.0
2022-05-21 05:00:00,16.20727,0.0,0.0,0.0,0.0,0.0,64.0,100.0
2022-05-21 06:00:00,16.257269,0.0,53.399998,28.470081,24.929916,0.0,68.0,100.0
2022-05-21 07:00:00,17.127268,57.12766,203.81,114.80881,89.00119,0.0,67.0,4.5
2022-05-21 08:00:00,17.36727,0.0,323.96,206.90108,117.058914,0.0,66.0,100.0
2022-05-21 09:00:00,17.377268,0.0,294.59,143.94666,150.64334,0.0,68.0,100.0
2022-05-21 10:00:00,19.557268,52.97872,552.69,399.74927,152.94072,0.0,63.0,11.0
2022-05-21 11:00:00,20.477268,57.70213,762.73,507.27588,255.4541,0.0,63.0,3.6000001
2022-05-21 12:00:00,20.247269,57.31915,819.69,558.0593,261.6307,0.0,65.0,4.2000003
2022-05-21 13:00:00,20.457268,56.744682,837.49,573.16907,264.32095,0.0,74.0,5.1000004
2022-05-21 14:00:00,20.567268,56.93617,815.24,550.81506,264.42493,0.0,73.0,4.8
2022-05-21 15:00:00,20.78727,56.55319,752.05,495.5067,256.54327,0.0,69.0,5.4
2022-05-21 16:00:00,20.987268,56.170216,651.48,416.7928,234.6872,0.0,66.0,6.0
2022-05-21 17:00:00,20.797268,57.89362,525.99,323.6027,202.3873,0.0,66.0,3.3000002
2022-05-21 18:00:00,20.26727,59.04255,377.36,221.48665,155.87334,0.0,68.0,1.5
2022-05-21 19:00:00,18.84727,59.425533,219.83,122.40706,97.42294,0.0,75.0,0.90000004
2022-05-21 20:00:00,16.84727,60.0,63.19,33.343773,29.846226,0.0,79.0,0.0
2022-05-21 21:00:00,16.917269,4.516667,0.0,0.0,0.0,0.0,79.0,0.0
2022-05-21 22:00:00,16.94727,0.0,0.0,0.0,0.0,0.0,78.0,0.0
2022-05-21 23:00:00,16.77727,0.0,0.0,0.0,0.0,0.0,74.0,0.0
2022-05-22 00:00:00,16.237268,0.0,0.0,0.0,0.0,0.0,73.0,50.0
2022-05-22 01:00:00,16.44727,0.0,0.0,0.0,0.0,0.0,70.0,74.0
2022-05-22 02:00:00,15.21727,0.0,0.0,0.0,0.0,0.0,72.0,0.0
2022-05-22 03:00:00,14.75727,0.0,0.0,0.0,0.0,0.0,73.0,0.0
2022-05-22 04:00:00,14.21727,0.0,0.0,0.0,0.0,0.0,74.0,0.6
2022-05-22 05:00:00,14.277269,17.515354,0.89,0.13329536,0.7567046,0.0,74.0,2.7
2022-05-22 06:00:00,15.42727,59.425533,95.229996,50.810913,44.419083,0.0,74.0,0.90000004
2022-05-22 07:00:00,16.957268,55.531918,246.53,138.96574,107.564255,0.0,71.0,7.0
2022-05-22 08:00:00,18.467268,60.0,400.5,237.73077,162.76923,0.0,66.0,0.0
2022-05-22 09:00:00,19.957268,0.0,539.33997,335.04767,204.29228,0.0,62.0,100.0
2022-05-22 10:00:00,20.637268,0.0,524.21,390.7506,133.45943,0.0,62.0,100.0
2022-05-22 11:00:00,22.01727,0.0,651.48,479.8485,171.63148,0.0,62.0,100.0
2022-05-22 12:00:00,21.43727,0.0,434.32,154.37268,279.94733,0.0,66.0,100.0
2022-05-22 13:00:00,23.337269,0.0,738.7,547.88416,190.81586,0.0,68.0,100.0
2022-05-22 14:00:00,24.307268,11.489361,712.89,525.51294,187.37709,0.0,67.0,76.0
2022-05-22 15:00:00,24.167269,0.0,632.79,464.79492,167.99507,0.0,67.0,100.0
2022-05-22 16:00:00,24.377268,7.6595736,580.27997,395.1399,185.14006,0.0,65.0,82.0
2022-05-22 17:00:00,24.477268,56.55319,512.64,315.5871,197.05293,0.0,66.0,5.4
2022-05-22 18:00:00,23.087269,0.0,116.59,18.526642,98.063354,0.0,76.0,100.0
2022-05-22 19:00:00,20.09727,57.12766,132.61,84.652084,47.95792,0.0,85.0,4.5
2022-05-22 20:00:00,17.797268,54.638298,66.75,35.23786,31.512138,0.0,87.0,8.400001
2022-05-22 21:00:00,18.417269,5.18117,0.0,0.0,0.0,0.0,85.0,7.8
2022-05-22 22:00:00,20.11727,0.0,0.0,0.0,0.0,0.0,67.0,100.0
2022-05-22 23:00:00,20.487268,0.0,0.0,0.0,0.0,0.0,62.0,100.0
2022-05-23 00:00:00,20.077269,0.0,0.0,0.0,0.0,0.0,55.0,100.0
2022-05-23 01:00:00,17.427269,0.0,0.0,0.0,0.0,0.0,69.0,100.0
2022-05-23 02:00:00,19.167269,0.0,0.0,0.0,0.0,0.0,59.0,100.0
2022-05-23 03:00:00,20.207268,0.0,0.0,0.0,0.0,0.0,51.0,100.0
2022-05-23 04:00:00,19.27727,0.0,0.0,0.0,0.0,0.0,65.0,100.0
2022-05-23 05:00:00,17.207268,0.0,0.0,0.0,0.0,0.0,83.0,100.0
2022-05-23 06:00:00,15.75727,0.0,24.029999,10.000184,14.029815,0.0,89.0,100.0
2022-05-23 07:00:00,15.55727,0.0,45.39,1.6266441,43.763355,0.0,92.0,100.0
2022-05-23 08:00:00,17.03727,0.0,269.66998,223.5259,46.144093,0.0,86.0,100.0
2022-05-23 09:00:00,21.02727,56.170216,500.18,321.1891,178.9909,0.0,72.0,6.0
2022-05-23 10:00:00,24.807268,11.489361,673.73,434.54877,239.18123,0.0,59.0,76.0
2022-05-23 11:00:00,26.237268,60.0,768.07,509.976,258.094,0.0,57.0,0.0
2022-05-23 12:00:00,26.307268,59.808514,840.16,565.85034,274.3096,0.0,55.0,0.3
2022-05-23 13:00:00,23.987268,0.0,517.98,259.85333,258.12665,0.0,53.0,100.0
2022-05-23 14:00:00,23.737268,56.808514,432.53998,156.9226,275.61737,0.0,58.0,5.0
2022-05-23 15:00:00,23.19727,0.0,388.93,141.911,247.019,0.0,71.0,98.0
2022-05-23 16:00:00,23.677269,0.0,176.22,7.383789,168.83621,0.0,74.0,100.0
2022-05-23 17:00:00,20.797268,0.0,56.96,0.1514473,56.80855,0.0,74.0,100.0
2022-05-23 18:00:00,20.227268,0.0,52.51,0.8373604,51.672638,0.0,76.0,100.0
2022-05-23 19:00:00,17.09727,0.0,42.72,1.8897591,40.830242,0.0,89.0,100.0
2022-05-23 20:00:00,16.577269,0.0,17.8,11.5590515,6.2409472,0.0,90.0,100.0
2022-05-23 21:00:00,16.567268,0.0,0.0,0.0,0.0,0.0,86.0,100.0
2022-05-23 22:00:00,16.68727,0.0,0.0,0.0,0.0,0.0,82.0,100.0
2022-05-23 23:00:00,16.18727,0.0,0.0,0.0,0.0,0.0,84.0,100.0
2022-05-24 00:00:00,15.83727,0.0,0.0,0.0,0.0,0.0,83.0,100.0
2022-05-24 01:00:00,14.697269,0.0,0.0,0.0,0.0,0.0,88.0,100.0
2022-05-24 02:00:00,13.777269,0.0,0.0,0.0,0.0,0.0,94.0,100.0
2022-05-24 03:00:00,13.317269,0.0,0.0,0.0,0.0,0.0,95.0,100.0
2022-05-24 04:00:00,13.26727,0.0,0.0,0.0,0.0,0.0,95.0,100.0
2022-05-24 05:00:00,13.13727,0.0,0.0,0.0,0.0,0.0,94.0,100.0
2022-05-24 06:00:00,12.99727,0.0,19.58,4.6982603,14.88174,0.0,95.0,100.0
2022-05-24 07:00:00,14.107269,0.0,40.05,1.1348,38.9152,0.0,91.0,100.0
2022-05-24 08:00:00,14.75727,0.0,106.799995,5.2707825,101.52921,0.0,83.0,100.0
2022-05-24 09:00:00,15.17727,0.0,185.12,20.928558,164.19144,0.0,78.0,100.0
2022-05-24 10:00:00,14.33727,0.0,269.66998,49.208893,220.46109,0.0,82.0,100.0
2022-05-24 11:00:00,13.687269,0.0,301.71,41.98581,259.72418,0.0,84.0,100.0
2022-05-24 12:00:00,12.87727,0.0,296.37,18.914185,277.4558,0.0,88.0,100.0
2022-05-24 13:00:00,12.447269,0.0,242.97,9.979584,232.99042,0.0,92.0,100.0
2022-05-24 14:00:00,12.897269,0.0,254.54,-3.95018,258.49017,0.0,90.0,100.0
2022-05-24 15:00:00,12.91727,0.0,295.47998,42.930756,252.54922,0.0,89.0,100.0
2022-05-24 16:00:00,12.357269,0.0,203.81,7.354492,196.4555,0.0,90.0,100.0
2022-05-24 17:00:00,12.88727,0.0,251.87,99.84723,152.02277,0.0,88.0,100.0
2022-05-24 18:00:00,11.447269,0.0,98.79,5.3754807,93.41452,0.0,93.0,100.0
2022-05-24 19:00:00,11.357269,0.0,52.51,6.175503,46.334496,0.0,94.0,100.0
2022-05-24 20:00:00,10.937269,0.0,28.48,15.85887,12.62113,0.0,95.0,100.0
2022-05-24 21:00:00,10.8672695,0.0,0.0,0.0,0.0,0.0,94.0,100.0
2022-05-24 22:00:00,10.79727,0.0,0.0,0.0,0.0,0.0,94.0,100.0
2022-05-24 23:00:00,10.82727,0.0,0.0,0.0,0.0,0.0,94.0,100.0
2022-05-25 00:00:00,10.6572695,0.0,0.0,0.0,0.0,0.0,94.0,100.0
2022-05-25 01:00:00,10.50727,0.0,0.0,0.0,0.0,0.0,93.0,100.0
2022-05-25 02:00:00,10.49727,0.0,0.0,0.0,0.0,0.0,92.0,100.0
2022-05-25 03:00:00,9.91727,0.0,0.0,0.0,0.0,0.0,90.0,100.0
2022-05-25 04:00:00,10.397269,0.0,0.0,0.0,0.0,0.0,89.0,100.0
2022-05-25 05:00:00,10.947269,0.0,0.89,0.036736906,0.8532631,0.0,89.0,100.0
2022-05-25 06:00:00,10.987269,0.0,23.14,7.77269,15.36731,0.0,90.0,100.0
2022-05-25 07:00:00,11.45727,0.0,71.2,12.664604,58.535393,0.0,90.0,100.0
2022-05-25 08:00:00,12.04727,0.0,160.2,46.480194,113.7198,0.0,89.0,100.0
2022-05-25 09:00:00,12.54727,0.0,243.86,74.697266,169.16273,0.0,89.0,100.0
2022-05-25 10:00:00,13.3672695,0.0,388.04,190.78708,197.25293,0.0,82.0,100.0
2022-05-25 11:00:00,13.84727,0.0,511.75,313.74152,198.00847,0.0,79.0,100.0
2022-05-25 12:00:00,15.66727,59.361702,727.13,537.02734,190.10263,0.0,71.0,1.0
2022-05-25 13:00:00,17.51727,60.0,873.98,591.8208,282.15918,0.0,63.0,0.0
2022-05-25 14:00:00,17.827269,60.0,848.17,570.3204,277.8496,0.0,61.0,0.0
2022-05-25 15:00:00,17.77727,58.723404,776.97,512.901,264.06894,0.0,62.0,2.0
2022-05-25 16:00:00,17.797268,58.723404,667.5,427.96454,239.53548,0.0,63.0,2.0
2022-05-25 17:00:00,17.567268,60.0,536.67,330.99377,205.67621,0.0,63.0,0.0
2022-05-25 18:00:00,16.747269,60.0,381.81,224.74153,157.06847,0.0,68.0,0.0
2022-05-25 19:00:00,15.727269,58.659573,221.61,123.805336,97.804665,0.0,73.0,2.1000001
2022-05-25 20:00:00,13.55727,51.06383,72.979996,38.600765,34.37923,0.0,75.0,14.0
2022-05-25 21:00:00,13.67727,0.0,0.0,0.0,0.0,0.0,74.0,100.0
2022-05-25 22:00:00,12.87727,0.0,0.0,0.0,0.0,0.0,74.0,48.0
2022-05-25 23:00:00,13.99727,0.0,0.0,0.0,0.0,0.0,73.0,100.0
2022-05-26 00:00:00,13.357269,0.0,0.0,0.0,0.0,0.0,75.0,100.0
2022-05-26 01:00:00,13.01727,0.0,0.0,0.0,0.0,0.0,76.0,100.0
2022-05-26 02:00:00,12.79727,0.0,0.0,0.0,0.0,0.0,76.0,100.0
2022-05-26 03:00:00,12.55727,0.0,0.0,0.0,0.0,0.0,79.0,100.0
2022-05-26 04:00:00,12.20727,0.0,0.0,0.0,0.0,0.0,80.0,100.0
2022-05-26 05:00:00,12.3672695,0.0,1.78,0.6922147,1.0877852,0.0,79.0,100.0
2022-05-26 06:00:00,13.13727,0.0,53.399998,29.285982,24.114016,0.0,79.0,100.0
2022-05-26 07:00:00,14.54727,0.0,203.81,115.17594,88.634056,0.0,76.0,100.0
2022-05-26 08:00:00,15.447269,56.170216,372.91,221.8327,151.0773,0.0,73.0,6.0
2022-05-26 09:00:00,16.30727,55.78723,564.26,351.18552,213.0745,0.0,71.0,6.6000004
2022-05-26 10:00:00,17.26727,58.085106,687.97,444.27765,243.69234,0.0,68.0,3.0
2022-05-26 11:00:00,17.93727,60.0,784.98,520.8113,264.16867,0.0,66.0,0.0
2022-05-26 12:00:00,18.51727,60.0,855.29,576.67865,278.61133,0.0,65.0,0.0
2022-05-26 13:00:00,17.987268,60.0,868.64,588.4022,280.23776,0.0,68.0,0.0
2022-05-26 14:00:00,18.427269,60.0,842.82996,566.9389,275.89105,0.0,66.0,0.0
2022-05-26 15:00:00,18.737268,60.0,775.19,511.94012,263.24988,0.0,66.0,0.0
2022-05-26 16:00:00,18.667269,59.61702,666.61,427.60013,239.00986,0.0,67.0,0.6
2022-05-26 17:00:00,18.43727,60.0,535.77997,330.62988,205.15009,0.0,68.0,0.0
2022-05-26 18:00:00,18.047268,58.085106,382.69998,225.41145,157.28853,0.0,71.0,3.0
2022-05-26 19:00:00,16.86727,28.085108,225.17,125.88786,99.282135,0.0,77.0,50.0
2022-05-26 20:00:00,14.897269,0.0,71.2,37.69104,33.508957,0.0,83.0,100.0
2022-05-26 21:00:00,15.277269,0.0,0.0,0.0,0.0,0.0,81.0,100.0
2022-05-26 22:00:00,14.79727,0.0,0.0,0.0,0.0,0.0,82.0,100.0
2022-05-26 23:00:00,14.66727,0.0,0.0,0.0,0.0,0.0,80.0,100.0
2022-05-27 00:00:00,14.45727,0.0,0.0,0.0,0.0,0.0,80.0,100.0
2022-05-27 01:00:00,14.16727,0.0,0.0,0.0,0.0,0.0,81.0,100.0
2022-05-27 02:00:00,14.29727,0.0,0.0,0.0,0.0,0.0,80.0,100.0
2022-05-27 03:00:00,13.08727,0.0,0.0,0.0,0.0,0.0,85.0,1.0
2022-05-27 04:00:00,12.477269,0.0,0.0,0.0,0.0,0.0,88.0,0.0
2022-05-27 05:00:00,12.57727,20.661348,2.67,1.9153249,0.7546752,0.0,86.0,8.0
2022-05-27 06:00:00,14.067269,57.31915,101.46,54.328262,47.131737,0.0,79.0,4.2000003
2022-05-27 07:00:00,15.397269,40.851063,254.54,143.91708,110.62291,0.0,77.0,30.000002
2022-05-27 08:00:00,16.327269,46.97872,397.83,236.75874,161.07124,0.0,76.0,20.400002
2022-05-27 09:00:00,17.237268,57.89362,560.7,349.10022,211.5998,0.0,75.0,3.3000002
2022-05-27 10:00:00,18.067268,59.808514,683.52,441.55222,241.9678,0.0,73.0,0.3
2022-05-27 11:00:00,18.94727,60.0,784.98,520.97644,264.0035,0.0,71.0,0.0
2022-05-27 12:00:00,19.51727,60.0,848.17,572.0591,276.11087,0.0,69.0,0.0
2022-05-27 13:00:00,19.18727,60.0,861.51996,583.7739,277.74606,0.0,72.0,0.0
2022-05-27 14:00:00,19.707268,40.212765,832.14996,559.9604,272.18958,0.0,71.0,31.0
2022-05-27 15:00:00,19.467268,0.0,682.63,483.42725,199.20276,0.0,72.0,100.0
2022-05-27 16:00:00,19.737268,0.0,569.6,396.88727,172.7127,0.0,72.0,100.0
2022-05-27 17:00:00,19.227268,0.0,440.55,296.50082,144.04916,0.0,73.0,100.0
2022-05-27 18:00:00,17.907269,0.0,250.98,210.59088,40.389122,0.0,78.0,100.0
2022-05-27 19:00:00,16.907269,0.0,108.58,72.832664,35.747337,0.0,81.0,100.0
2022-05-27 20:00:00,15.04727,59.361702,56.07,29.70669,26.36331,0.0,83.0,1.0
2022-05-27 21:00:00,15.817269,8.005674,0.0,0.0,0.0,0.0,76.0,26.0
2022-05-27 22:00:00,14.66727,0.0,0.0,0.0,0.0,0.0,80.0,100.0
2022-05-27 23:00:00,14.277269,0.0,0.0,0.0,0.0,0.0,82.0,100.0
2022-05-28 00:00:00,13.647269,0.0,0.0,0.0,0.0,0.0,87.0,100.0
2022-05-28 01:00:00,12.95727,0.0,0.0,0.0,0.0,0.0,92.0,100.0
2022-05-28 02:00:00,12.33727,0.0,0.0,0.0,0.0,0.0,97.0,100.0
2022-05-28 03:00:00,11.727269,0.0,0.0,0.0,0.0,0.0,97.0,100.0
2022-05-28 04:00:00,11.4072695,0.0,0.0,0.0,0.0,0.0,97.0,100.0
2022-05-28 05:00:00,11.12727,0.0,1.78,0.539245,1.240755,0.0,97.0,100.0
2022-05-28 06:00:00,10.977269,0.0,77.43,41.48588,35.94412,0.0,96.0,100.0
2022-05-28 07:00:00,10.96727,0.0,220.72,124.85837,95.86163,0.0,93.0,100.0
2022-05-28 08:00:00,11.09727,0.0,263.44,202.96642,60.473583,0.0,92.0,100.0
2022-05-28 09:00:00,11.79727,0.0,302.6,149.51454,153.08546,0.0,91.0,100.0
2022-05-28 10:00:00,11.49727,0.0,283.02,59.834763,223.18523,0.0,89.0,100.0
2022-05-28 11:00:00,12.82727,0.0,411.18,156.7167,254.46329,0.0,80.0,100.0
2022-05-28 12:00:00,13.937269,0.0,670.17,518.4686,151.70135,0.0,72.0,100.0
2022-05-28 13:00:00,14.84727,22.978725,829.48,576.9209,252.55908,0.0,73.0,58.0
2022-05-28 14:00:00,14.99727,0.0,760.06,543.6665,216.39351,0.0,70.0,100.0
2022-05-28 15:00:00,14.977269,0.0,605.2,459.29868,145.90134,0.0,67.0,100.0
2022-05-28 16:00:00,13.897269,0.0,421.86,262.0761,159.78386,0.0,71.0,100.0
2022-05-28 17:00:00,13.447269,0.0,254.54,99.44615,155.09384,0.0,73.0,100.0
2022-05-28 18:00:00,13.197269,0.0,181.56,85.31539,96.244606,0.0,74.0,100.0
2022-05-28 19:00:00,12.66727,0.0,168.20999,96.18194,72.02805,0.0,77.0,100.0
2022-05-28 20:00:00,11.91727,0.0,33.82,19.093166,14.726832,0.0,79.0,100.0
2022-05-28 21:00:00,11.567269,0.0,0.0,0.0,0.0,0.0,78.0,100.0
2022-05-28 22:00:00,11.49727,0.0,0.0,0.0,0.0,0.0,76.0,100.0
2022-05-28 23:00:00,10.96727,0.0,0.0,0.0,0.0,0.0,80.0,100.0
2022-05-29 00:00:00,10.3672695,0.0,0.0,0.0,0.0,0.0,81.0,100.0
2022-05-29 01:00:00,9.857269,0.0,0.0,0.0,0.0,0.0,79.0,100.0
2022-05-29 02:00:00,9.317269,0.0,0.0,0.0,0.0,0.0,81.0,100.0
2022-05-29 03:00:00,9.03727,0.0,0.0,0.0,0.0,0.0,81.0,100.0
2022-05-29 04:00:00,8.857269,0.0,0.0,0.0,0.0,0.0,81.0,100.0
2022-05-29 05:00:00,8.6172695,0.0,0.89,0.02523458,0.8647654,0.0,82.0,100.0
2022-05-29 06:00:00,9.027269,0.0,48.95,30.21346,18.73654,0.0,76.0,100.0
2022-05-29 07:00:00,9.57727,38.297874,146.84999,118.279434,28.570555,0.0,73.0,34.0
2022-05-29 08:00:00,10.70727,60.0,396.05,235.90175,160.14824,0.0,70.0,0.0
2022-05-29 09:00:00,11.57727,60.0,577.61,359.89594,217.71404,0.0,68.0,0.0
2022-05-29 10:00:00,12.46727,58.085106,708.44,457.95575,250.48427,0.0,65.0,3.0
2022-05-29 11:00:00,12.947269,60.0,803.67,533.7161,269.95386,0.0,66.0,0.0
2022-05-29 12:00:00,13.24727,60.0,870.42,587.43427,282.98572,0.0,66.0,0.0
2022-05-29 13:00:00,12.01727,0.0,557.14,318.13947,239.00053,0.0,70.0,100.0
2022-05-29 14:00:00,12.30727,0.0,564.26,354.97055,209.28946,0.0,68.0,100.0
2022-05-29 15:00:00,11.62727,0.0,539.33997,376.9888,162.35117,0.0,70.0,100.0
2022-05-29 16:00:00,11.567269,60.0,554.47,394.20984,160.26015,0.0,70.0,0.0
2022-05-29 17:00:00,10.607269,60.0,550.91,340.53418,210.37581,0.0,72.0,0.0
2022-05-29 18:00:00,10.447269,54.893616,396.94,234.25166,162.68834,0.0,69.0,8.0
2022-05-29 19:00:00,9.777269,31.914892,243.86,136.64072,107.21928,0.0,70.0,44.0
2022-05-29 20:00:00,7.9072695,0.0,83.659996,44.398792,39.261204,0.0,78.0,100.0
2022-05-29 21:00:00,7.2372694,0.0,0.0,0.0,0.0,0.0,74.0,100.0
2022-05-29 22:00:00,7.1172695,0.0,0.0,0.0,0.0,0.0,70.0,89.0
2022-05-29 23:00:00,7.3672695,0.0,0.0,0.0,0.0,0.0,67.0,100.0
2022-05-30 00:00:00,7.4272695,0.0,0.0,0.0,0.0,0.0,66.0,100.0
2022-05-30 01:00:00,7.56727,0.0,0.0,0.0,0.0,0.0,64.0,100.0
2022-05-30 02:00:00,7.1572695,0.0,0.0,0.0,0.0,0.0,67.0,100.0
2022-05-30 03:00:00,5.35727,0.0,0.0,0.0,0.0,0.0,76.0,0.0
2022-05-30 04:00:00,4.7672696,0.0,0.0,0.0,0.0,0.0,80.0,0.0
2022-05-30 05:00:00,4.5572696,24.95,3.56,3.0876584,0.47234163,0.0,80.0,0.0
2022-05-30 06:00:00,6.33727,60.0,103.24,55.380733,47.859264,0.0,78.0,0.0
2022-05-30 07:00:00,8.477269,60.0,264.33,149.67896,114.651024,0.0,68.0,0.0
2022-05-30 08:00:00,9.71727,60.0,428.97998,255.62529,173.35469,0.0,63.0,0.0
2022-05-30 09:00:00,10.84727,60.0,584.73,364.46686,220.2631,0.0,60.0,0.0
2022-05-30 10:00:00,11.99727,60.0,718.23,464.43793,253.79204,0.0,58.0,0.0
2022-05-30 11:00:00,13.04727,60.0,819.69,544.52466,275.16537,0.0,58.0,0.0
2022-05-30 12:00:00,13.88727,60.0,881.99,595.4276,286.5624,0.0,57.0,0.0
2022-05-30 13:00:00,14.277269,60.0,875.76,594.00964,281.75034,0.0,63.0,0.0
2022-05-30 14:00:00,15.1172695,60.0,857.95996,577.9554,280.00458,0.0,59.0,0.0
2022-05-30 15:00:00,15.647269,60.0,790.32,522.7929,267.5271,0.0,58.0,0.0
2022-05-30 16:00:00,15.4072695,60.0,684.41,439.85394,244.55603,0.0,60.0,0.0
2022-05-30 17:00:00,14.96727,60.0,552.69,341.81958,210.87042,0.0,60.0,0.0
2022-05-30 18:00:00,14.397269,56.361702,402.28,237.55176,164.72824,0.0,62.0,5.7000003
2022-05-30 19:00:00,13.58727,51.765957,245.64,137.73679,107.90321,0.0,66.0,12.900001
2022-05-30 20:00:00,11.67727,0.0,88.11,46.798203,41.3118,0.0,66.0,100.0
2022-05-30 21:00:00,11.567269,1.0524821,0.0,0.0,0.0,0.0,63.0,87.0
2022-05-30 22:00:00,11.777269,0.0,0.0,0.0,0.0,0.0,62.0,78.0
2022-05-30 23:00:00,11.357269,0.0,0.0,0.0,0.0,0.0,61.0,44.0
2022-05-31 00:00:00,10.41727,0.0,0.0,0.0,0.0,0.0,54.0,40.0
2022-05-31 01:00:00,10.29727,0.0,0.0,0.0,0.0,0.0,54.0,10.0
2022-05-31 02:00:00,10.67727,0.0,0.0,0.0,0.0,0.0,48.0,28.0
2022-05-31 03:00:00,11.03727,0.0,0.0,0.0,0.0,0.0,45.0,75.0
2022-05-31 04:00:00,12.067269,0.0,0.0,0.0,0.0,0.0,45.0,32.0
2022-05-31 05:00:00,11.83727,22.891489,4.45,2.58323,1.8667697,0.0,48.0,10.0
2022-05-31 06:00:00,12.66727,60.0,105.909996,56.840515,49.06948,0.0,57.0,0.0
2022-05-31 07:00:00,14.477269,60.0,260.77,147.72179,113.0482,0.0,63.0,0.0
2022-05-31 08:00:00,16.247269,60.0,421.86,251.46529,170.3947,0.0,55.0,0.0
2022-05-31 09:00:00,17.577269,60.0,572.27,356.80045,215.46957,0.0,54.0,0.0
2022-05-31 10:00:00,18.34727,60.0,699.54,452.46555,247.07443,0.0,53.0,0.0
2022-05-31 11:00:00,19.417269,0.0,776.97,517.07007,259.89993,0.0,53.0,100.0
2022-05-31 12:00:00,18.797268,11.489361,631.89996,475.2822,156.61777,0.0,57.0,76.0
2022-05-31 13:00:00,17.917269,0.0,393.38,93.04956,300.33044,0.0,65.0,100.0
2022-05-31 14:00:00,17.907269,0.0,574.94,372.49194,202.44807,0.0,71.0,100.0
2022-05-31 15:00:00,16.567268,0.0,350.66,91.59369,259.0663,0.0,77.0,100.0
2022-05-31 16:00:00,15.96727,0.0,215.37999,11.930008,203.44998,0.0,82.0,100.0
2022-05-31 17:00:00,13.83727,0.0,125.49,4.528427,120.96157,0.0,93.0,100.0
2022-05-31 18:00:00,13.027269,0.0,76.54,2.4176025,74.1224,0.0,95.0,100.0
2022-05-31 19:00:00,12.42727,0.0,40.94,1.4366379,39.50336,0.0,97.0,100.0
2022-05-31 20:00:00,12.04727,0.0,29.369999,24.658224,4.7117753,0.0,96.0,100.0
2022-05-31 21:00:00,12.04727,9.755673,0.0,0.0,0.0,0.0,94.0,33.0
2022-05-31 22:00:00,11.857269,0.0,0.0,0.0,0.0,0.0,87.0,6.0
2022-05-31 23:00:00,12.317269,0.0,0.0,0.0,0.0,0.0,85.0,7.5000005
2022-06-01 00:00:00,12.62727,0.0,0.0,0.0,0.0,0.0,79.0,8.400001
2022-06-01 01:00:00,12.17727,0.0,0.0,0.0,0.0,0.0,77.0,73.0
2022-06-01 02:00:00,12.737269,0.0,0.0,0.0,0.0,0.0,73.0,100.0
2022-06-01 03:00:00,12.3672695,0.0,0.0,0.0,0.0,0.0,71.0,93.0
2022-06-01 04:00:00,11.6572695,0.0,0.0,0.0,0.0,0.0,72.0,0.0
2022-06-01 05:00:00,11.817269,26.2,3.56,2.7488313,0.8111686,0.0,69.0,0.0
2022-06-01 06:00:00,12.96727,60.0,107.689995,57.82109,49.868904,0.0,78.0,0.0
2022-06-01 07:00:00,13.9072695,60.0,258.1,146.26218,111.83782,0.0,84.0,0.0
2022-06-01 08:00:00,15.42727,60.0,419.19,249.9494,169.2406,0.0,76.0,0.0
2022-06-01 09:00:00,16.957268,60.0,569.6,355.22867,214.3713,0.0,68.0,0.0
2022-06-01 10:00:00,18.427269,59.808514,697.76,451.42178,246.33823,0.0,63.0,0.3
2022-06-01 11:00:00,18.877268,40.851063,766.29,515.52057,250.76941,0.0,61.0,30.000002
2022-06-01 12:00:00,19.627268,0.0,812.57,564.0124,248.55763,0.0,59.0,100.0
2022-06-01 13:00:00,19.077269,0.0,466.36,178.71222,287.64777,0.0,64.0,100.0
2022-06-01 14:00:00,18.477268,0.0,543.79,316.01233,227.77763,0.0,68.0,100.0
2022-06-01 15:00:00,17.59727,0.0,425.41998,183.37715,242.04283,0.0,71.0,100.0
2022-06-01 16:00:00,16.827269,0.0,220.72,15.061935,205.65807,0.0,81.0,100.0
2022-06-01 17:00:00,17.137268,0.0,224.28,61.156982,163.12302,0.0,83.0,100.0
2022-06-01 18:00:00,16.627268,0.0,123.71,18.995659,104.71434,0.0,90.0,100.0
2022-06-01 19:00:00,17.09727,0.0,210.93,118.4276,92.502396,0.0,85.0,100.0
2022-06-01 20:00:00,14.59727,31.276594,81.88,43.552864,38.327133,0.0,89.0,45.0
2022-06-01 21:00:00,14.75727,0.0,0.89,0.31775302,0.57224697,0.0,85.0,100.0
2022-06-01 22:00:00,14.54727,0.0,0.0,0.0,0.0,0.0,79.0,100.0
2022-06-01 23:00:00,15.17727,0.0,0.0,0.0,0.0,0.0,80.0,77.0
2022-06-02 00:00:00,15.447269,0.0,0.0,0.0,0.0,0.0,76.0,100.0
2022-06-02 01:00:00,14.777269,0.0,0.0,0.0,0.0,0.0,83.0,100.0
2022-06-02 02:00:00,14.88727,0.0,0.0,0.0,0.0,0.0,86.0,100.0
2022-06-02 03:00:00,14.67727,0.0,0.0,0.0,0.0,0.0,84.0,75.0
2022-06-02 04:00:00,14.45727,0.0,0.0,0.0,0.0,0.0,80.0,0.0
2022-06-02 05:00:00,14.687269,23.948936,5.34,2.8358657,2.5041344,0.0,78.0,10.0
2022-06-02 06:00:00,15.41727,30.638298,53.399998,32.652626,20.747372,0.0,86.0,46.0
2022-06-02 07:00:00,16.667269,0.0,186.9,115.628334,71.27166,0.0,84.0,100.0
2022-06-02 08:00:00,15.92727,17.234043,131.72,17.824158,113.89584,0.0,90.0,67.0
2022-06-02 09:00:00,18.047268,35.744682,453.00998,316.0398,136.9702,0.0,79.0,38.0
2022-06-02 10:00:00,20.327269,24.25532,671.06,435.3443,235.71568,0.0,72.0,56.0
2022-06-02 11:00:00,21.52727,12.765956,735.14,509.26312,225.8769,0.0,67.0,74.0
2022-06-02 12:00:00,21.067268,55.531918,813.45996,564.6805,248.7795,0.0,67.0,7.0
2022-06-02 13:00:00,19.757269,47.234047,658.6,507.5066,151.0934,0.0,76.0,20.0
2022-06-02 14:00:00,20.007269,53.61702,811.68,559.5051,252.1749,0.0,73.0,10.0
2022-06-02 15:00:00,21.077269,60.0,757.39,504.90204,252.48799,0.0,67.0,0.0
2022-06-02 16:00:00,22.067268,60.0,670.17,431.2379,238.93208,0.0,64.0,0.0
2022-06-02 17:00:00,21.717268,28.723406,539.33997,334.04974,205.29022,0.0,69.0,49.0
2022-06-02 18:00:00,20.547268,34.468082,388.04,229.53174,158.50827,0.0,72.0,40.0
2022-06-02 19:00:00,19.737268,59.61702,233.18,131.00473,102.17527,0.0,75.0,0.6
2022-06-02 20:00:00,18.397268,56.170216,90.78,48.322113,42.457886,0.0,77.0,6.0
2022-06-02 21:00:00,19.11727,7.7079787,0.89,0.24594378,0.6440562,0.0,73.0,51.0
2022-06-02 22:00:00,18.77727,0.0,0.0,0.0,0.0,0.0,75.0,66.0
2022-06-02 23:00:00,18.087269,0.0,0.0,0.0,0.0,0.0,66.0,5.1000004
2022-06-03 00:00:00,19.127268,0.0,0.0,0.0,0.0,0.0,51.0,100.0
2022-06-03 01:00:00,17.587269,0.0,0.0,0.0,0.0,0.0,63.0,100.0
2022-06-03 02:00:00,17.127268,0.0,0.0,0.0,0.0,0.0,78.0,59.0
2022-06-03 03:00:00,16.577269,0.0,0.0,0.0,0.0,0.0,64.0,10.200001
2022-06-03 04:00:00,17.78727,0.0,0.0,0.0,0.0,0.0,51.0,100.0
2022-06-03 05:00:00,16.38727,0.0,3.56,2.4658668,1.0941331,0.0,68.0,100.0
2022-06-03 06:00:00,17.507269,0.0,89.89,48.306103,41.583897,0.0,76.0,100.0
2022-06-03 07:00:00,18.93727,38.297874,258.1,146.36786,111.73214,0.0,75.0,34.0
2022-06-03 08:00:00,20.51727,33.19149,412.07,245.85237,166.21764,0.0,70.0,42.0
2022-06-03 09:00:00,21.257269,54.638298,558.92,348.74973,210.17026,0.0,64.0,8.400001
2022-06-03 10:00:00,22.967268,0.0,645.25,431.0465,214.2035,0.0,61.0,100.0
2022-06-03 11:00:00,22.887268,0.0,475.25998,246.1309,229.12907,0.0,65.0,100.0
2022-06-03 12:00:00,21.587269,0.0,315.06,29.49582,285.56418,0.0,73.0,100.0
2022-06-03 13:00:00,20.667269,0.0,143.29,1.5559998,141.734,0.0,78.0,100.0
2022-06-03 14:00:00,20.567268,0.0,61.41,-0.7519417,62.16194,0.0,83.0,100.0
2022-06-03 15:00:00,20.577269,0.0,92.56,0.062820435,92.49718,0.0,78.0,100.0
2022-06-03 16:00:00,19.797268,0.0,199.36,1.5813904,197.77861,0.0,82.0,100.0
2022-06-03 17:00:00,20.397268,0.0,178.89,19.916626,158.97337,0.0,79.0,100.0
2022-06-03 18:00:00,19.557268,0.0,252.76,201.02515,51.73484,0.0,84.0,100.0
2022-06-03 19:00:00,18.257269,60.0,230.51,129.58838,100.92161,0.0,86.0,0.0
2022-06-03 20:00:00,16.487268,19.787235,85.44,45.512787,39.927216,0.0,92.0,63.0
2022-06-03 21:00:00,17.577269,17.02954,0.89,0.18692529,0.7030747,0.0,86.0,3.9
2022-06-03 22:00:00,17.44727,0.0,0.0,0.0,0.0,0.0,83.0,1.8000001
2022-06-03 23:00:00,17.247269,0.0,0.0,0.0,0.0,0.0,80.0,0.0
2022-06-04 00:00:00,17.557268,0.0,0.0,0.0,0.0,0.0,68.0,0.0
2022-06-04 01:00:00,17.177269,0.0,0.0,0.0,0.0,0.0,63.0,100.0
2022-06-04 02:00:00,17.147268,0.0,0.0,0.0,0.0,0.0,64.0,100.0
2022-06-04 03:00:00,16.85727,0.0,0.0,0.0,0.0,0.0,64.0,29.0
2022-06-04 04:00:00,16.837269,0.0,0.0,0.0,0.0,0.0,66.0,0.0
2022-06-04 05:00:00,16.407269,28.016666,4.45,4.0998006,0.35019907,0.0,69.0,0.0
2022-06-04 06:00:00,18.377268,60.0,101.46,54.54755,46.91245,0.0,70.0,0.0
2022-06-04 07:00:00,19.51727,60.0,254.54,144.40105,110.13895,0.0,72.0,0.0
2022-06-04 08:00:00,20.667269,60.0,412.07,245.92636,166.14365,0.0,66.0,0.0
2022-06-04 09:00:00,21.77727,60.0,560.7,349.9511,210.74892,0.0,63.0,0.0
2022-06-04 10:00:00,22.327269,60.0,689.75,446.55585,243.19415,0.0,63.0,0.0
2022-06-04 11:00:00,22.907269,60.0,786.76,523.25476,263.50528,0.0,62.0,0.0
2022-06-04 12:00:00,23.60727,60.0,848.17,573.2832,274.88675,0.0,61.0,0.0
2022-06-04 13:00:00,23.957268,60.0,864.19,588.3957,275.7943,0.0,63.0,0.0
2022-06-04 14:00:00,24.44727,60.0,839.26996,566.39246,272.87753,0.0,64.0,0.0
2022-06-04 15:00:00,24.587269,59.808514,770.74,510.73364,260.00635,0.0,64.0,0.3
2022-06-04 16:00:00,24.677269,58.085106,647.92,420.28412,227.63588,0.0,62.0,3.0
2022-06-04 17:00:00,24.36727,53.61702,533.11,330.5055,202.60449,0.0,64.0,10.0
2022-06-04 18:00:00,23.417269,55.595745,389.82,230.83948,158.98053,0.0,66.0,6.9
2022-06-04 19:00:00,22.667269,57.12766,244.75,137.67879,107.07121,0.0,69.0,4.5
2022-06-04 20:00:00,21.547268,53.68085,94.34,50.28832,44.051678,0.0,68.0,9.900001
2022-06-04 21:00:00,21.35727,12.675177,1.78,1.2779737,0.50202626,0.0,64.0,30.000002
2022-06-04 22:00:00,20.957268,0.0,0.0,0.0,0.0,0.0,58.0,5.4
2022-06-04 23:00:00,20.137268,0.0,0.0,0.0,0.0,0.0,57.0,0.0
2022-06-05 00:00:00,19.707268,0.0,0.0,0.0,0.0,0.0,55.0,0.0
2022-06-05 01:00:00,19.247269,0.0,0.0,0.0,0.0,0.0,51.0,6.3
2022-06-05 02:00:00,19.247269,0.0,0.0,0.0,0.0,0.0,53.0,23.400002
2022-06-05 03:00:00,19.84727,0.0,0.0,0.0,0.0,0.0,53.0,10.0
2022-06-05 04:00:00,20.507269,0.0,0.0,0.0,0.0,0.0,47.0,0.0
2022-06-05 05:00:00,18.957268,28.466667,4.45,3.9590883,0.49091148,0.0,57.0,0.0
2022-06-05 06:00:00,19.18727,60.0,103.24,55.521538,47.71846,0.0,64.0,0.0
2022-06-05 07:00:00,21.327269,53.61702,243.86,138.37537,105.484634,0.0,67.0,10.0
2022-06-05 08:00:00,22.59727,60.0,388.93,232.16031,156.76968,0.0,67.0,0.0
2022-06-05 09:00:00,23.737268,60.0,558.02997,348.3399,209.69005,0.0,64.0,0.0
2022-06-05 10:00:00,23.207268,45.95745,441.44,270.90466,170.53532,0.0,67.0,22.0
2022-06-05 11:00:00,25.28727,60.0,445.0,199.56313,245.43687,0.0,61.0,0.0
2022-06-05 12:00:00,22.11727,8.297872,583.83997,377.7224,206.11757,0.0,74.0,81.0
2022-06-05 13:00:00,22.297268,0.0,258.1,11.453323,246.64668,0.0,68.0,100.0
2022-06-05 14:00:00,19.727268,0.0,142.4,1.7333679,140.66663,0.0,85.0,100.0
2022-06-05 15:00:00,18.427269,0.0,145.95999,2.6616516,143.29834,0.0,89.0,100.0
2022-06-05 16:00:00,18.85727,58.723404,561.58997,400.8297,160.76025,0.0,89.0,2.0
2022-06-05 17:00:00,18.43727,60.0,542.01,336.15768,205.85233,0.0,86.0,0.0
2022-06-05 18:00:00,18.567268,60.0,393.38,233.05626,160.32375,0.0,82.0,0.0
2022-06-05 19:00:00,18.36727,60.0,236.73999,133.2438,103.49618,0.0,82.0,0.0
2022-06-05 20:00:00,16.717268,60.0,85.44,45.57117,39.86883,0.0,86.0,0.0
2022-06-05 21:00:00,15.46727,19.35,1.78,1.1395426,0.6404574,0.0,86.0,0.0
2022-06-05 22:00:00,15.26727,0.0,0.0,0.0,0.0,0.0,81.0,0.0
2022-06-05 23:00:00,15.30727,0.0,0.0,0.0,0.0,0.0,76.0,0.0
2022-06-06 00:00:00,15.027269,0.0,0.0,0.0,0.0,0.0,74.0,10.0
2022-06-06 01:00:00,14.59727,0.0,0.0,0.0,0.0,0.0,75.0,48.0
2022-06-06 02:00:00,14.357269,0.0,0.0,0.0,0.0,0.0,76.0,0.6
2022-06-06 03:00:00,14.21727,0.0,0.0,0.0,0.0,0.0,74.0,0.0
2022-06-06 04:00:00,14.55727,0.0,0.0,0.0,0.0,0.0,71.0,62.0
2022-06-06 05:00:00,14.67727,0.0,2.67,0.9533361,1.716664,0.0,74.0,100.0
2022-06-06 06:00:00,15.17727,0.0,53.399998,33.748917,19.65108,0.0,73.0,100.0
2022-06-06 07:00:00,15.74727,53.61702,148.63,114.6328,33.99721,0.0,77.0,10.0
2022-06-06 08:00:00,17.247269,45.31915,386.25998,230.60353,155.65645,0.0,73.0,23.0
2022-06-06 09:00:00,18.19727,0.0,556.25,347.27682,208.97318,0.0,73.0,100.0
2022-06-06 10:00:00,18.737268,0.0,599.86,421.11752,178.74246,0.0,72.0,100.0
2022-06-06 11:00:00,19.19727,53.872337,734.25,510.34778,223.90222,0.0,72.0,9.6
2022-06-06 12:00:00,19.327269,55.595745,824.14,568.5751,255.56493,0.0,72.0,6.9
2022-06-06 13:00:00,20.047268,0.0,774.3,566.8342,207.46574,0.0,72.0,100.0
2022-06-06 14:00:00,20.337269,0.0,701.32,530.0082,171.31186,0.0,71.0,100.0
2022-06-06 15:00:00,20.507269,0.0,684.41,490.2132,194.19676,0.0,71.0,100.0
2022-06-06 16:00:00,20.247269,0.0,595.41,410.6203,184.78967,0.0,71.0,100.0
2022-06-06 17:00:00,20.157269,0.0,481.49,313.4308,168.05922,0.0,72.0,100.0
2022-06-06 18:00:00,19.317268,0.0,360.44998,213.64644,146.80354,0.0,76.0,100.0
2022-06-06 19:00:00,18.207268,5.1063824,229.62,129.30519,100.314804,0.0,81.0,86.0
2022-06-06 20:00:00,16.30727,0.0,94.34,50.347992,43.992004,0.0,87.0,100.0
2022-06-06 21:00:00,15.66727,5.131915,1.78,1.0171671,0.7628328,0.0,86.0,70.0
2022-06-06 22:00:00,15.46727,0.0,0.0,0.0,0.0,0.0,83.0,58.0
2022-06-06 23:00:00,15.29727,0.0,0.0,0.0,0.0,0.0,82.0,7.2000003
2022-06-07 00:00:00,15.277269,0.0,0.0,0.0,0.0,0.0,80.0,10.0
2022-06-07 01:00:00,14.687269,0.0,0.0,0.0,0.0,0.0,79.0,40.0
2022-06-07 02:00:00,15.63727,0.0,0.0,0.0,0.0,0.0,72.0,100.0
2022-06-07 03:00:00,15.977269,0.0,0.0,0.0,0.0,0.0,74.0,100.0
2022-06-07 04:00:00,14.397269,0.0,0.0,0.0,0.0,0.0,91.0,100.0
2022-06-07 05:00:00,13.737269,0.0,1.78,0.092602015,1.687398,0.0,93.0,100.0
2022-06-07 06:00:00,13.20727,0.0,40.94,26.563608,14.37639,0.0,94.0,100.0
2022-06-07 07:00:00,14.107269,0.0,194.02,118.56032,75.45969,0.0,94.0,100.0
2022-06-07 08:00:00,15.13727,0.0,268.78,205.36172,63.418278,0.0,90.0,100.0
2022-06-07 09:00:00,17.317268,0.0,457.46,318.56824,138.89175,0.0,79.0,100.0
2022-06-07 10:00:00,17.127268,0.0,482.38,346.4926,135.8874,0.0,77.0,100.0
2022-06-07 11:00:00,16.877268,0.0,398.72,137.1264,261.5936,0.0,78.0,100.0
2022-06-07 12:00:00,17.68727,0.0,566.93,346.19714,220.73283,0.0,74.0,100.0
2022-06-07 13:00:00,17.707268,4.468085,698.64996,541.3035,157.34642,0.0,73.0,87.0
2022-06-07 14:00:00,17.907269,58.723404,827.7,565.5503,262.14975,0.0,71.0,2.0
2022-06-07 15:00:00,17.94727,58.723404,778.75,516.4741,262.27585,0.0,69.0,2.0
2022-06-07 16:00:00,17.59727,0.0,661.27,426.2871,234.98291,0.0,70.0,100.0
2022-06-07 17:00:00,16.477268,60.0,517.08997,320.95813,196.13182,0.0,74.0,0.0
2022-06-07 18:00:00,16.09727,60.0,401.38998,238.02304,163.36694,0.0,74.0,0.0
2022-06-07 19:00:00,15.317269,60.0,242.08,136.39412,105.68588,0.0,78.0,0.0
2022-06-07 20:00:00,13.1172695,50.425533,96.119995,51.328327,44.791668,0.0,85.0,15.0
2022-06-07 21:00:00,12.4072695,20.833334,2.67,1.661475,1.0085251,0.0,82.0,0.0
2022-06-07 22:00:00,11.91727,0.0,0.0,0.0,0.0,0.0,83.0,0.0
2022-06-07 23:00:00,11.9072695,0.0,0.0,0.0,0.0,0.0,78.0,0.0
2022-06-08 00:00:00,12.46727,0.0,0.0,0.0,0.0,0.0,67.0,100.0
2022-06-08 01:00:00,12.027269,0.0,0.0,0.0,0.0,0.0,68.0,4.0
2022-06-08 02:00:00,12.05727,0.0,0.0,0.0,0.0,0.0,64.0,2.4
2022-06-08 03:00:00,11.21727,0.0,0.0,0.0,0.0,0.0,66.0,5.1000004
2022-06-08 04:00:00,10.87727,0.0,0.0,0.0,0.0,0.0,64.0,6.9
2022-06-08 05:00:00,11.12727,28.355938,7.12,3.6945598,3.42544,0.0,62.0,3.9
2022-06-08 06:00:00,12.91727,56.55319,121.04,65.14365,55.896355,0.0,63.0,5.4
2022-06-08 07:00:00,14.33727,55.78723,277.68,157.66,120.02,0.0,62.0,6.6000004
2022-06-08 08:00:00,15.20727,58.468086,433.43,258.8477,174.5823,0.0,62.0,2.4
2022-06-08 09:00:00,16.397268,53.106384,577.61,360.7116,216.89838,0.0,59.0,10.8
2022-06-08 10:00:00,17.43727,42.765953,698.64996,452.5609,246.08907,0.0,57.0,27.0
2022-06-08 11:00:00,18.19727,22.340425,783.2,521.17847,262.0215,0.0,55.0,59.0
2022-06-08 12:00:00,18.237268,0.0,686.19,528.0707,158.11934,0.0,55.0,100.0
2022-06-08 13:00:00,20.11727,0.0,517.08997,247.69531,269.39465,0.0,57.0,100.0
2022-06-08 14:00:00,19.01727,0.0,233.18,9.185913,223.99408,0.0,56.0,100.0
2022-06-08 15:00:00,17.09727,0.0,112.14,0.77072144,111.36928,0.0,66.0,100.0
2022-06-08 16:00:00,12.527269,0.0,56.96,-0.3920021,57.352,0.0,92.0,100.0
2022-06-08 17:00:00,13.147269,0.0,142.4,6.0964813,136.30351,0.0,91.0,100.0
2022-06-08 18:00:00,13.937269,0.0,297.26,200.02463,97.23538,0.0,88.0,100.0
2022-06-08 19:00:00,15.777269,0.0,219.83,123.923546,95.906456,0.0,81.0,100.0
2022-06-08 20:00:00,14.80727,0.0,56.96,30.43478,26.525219,0.0,83.0,100.0
2022-06-08 21:00:00,13.67727,0.0,0.89,0.03751242,0.85248756,0.0,84.0,100.0
2022-06-08 22:00:00,13.42727,0.0,0.0,0.0,0.0,0.0,81.0,100.0
2022-06-08 23:00:00,13.4072695,0.0,0.0,0.0,0.0,0.0,79.0,100.0
2022-06-09 00:00:00,13.07727,0.0,0.0,0.0,0.0,0.0,80.0,100.0
2022-06-09 01:00:00,12.437269,0.0,0.0,0.0,0.0,0.0,83.0,100.0
2022-06-09 02:00:00,12.32727,0.0,0.0,0.0,0.0,0.0,84.0,100.0
2022-06-09 03:00:00,12.05727,0.0,0.0,0.0,0.0,0.0,86.0,100.0
2022-06-09 04:00:00,11.87727,0.0,0.0,0.0,0.0,0.0,91.0,100.0
2022-06-09 05:00:00,11.20727,0.0,0.0,0.0,0.0,0.0,96.0,100.0
2022-06-09 06:00:00,11.53727,0.0,9.79,0.14658356,9.643416,0.0,95.0,100.0
2022-06-09 07:00:00,12.42727,8.297872,89.0,24.423378,64.57662,0.0,91.0,81.0
2022-06-09 08:00:00,11.88727,15.957448,139.73,22.996368,116.73363,0.0,89.0,69.0
2022-06-09 09:00:00,13.4072695,7.021276,477.93,324.34714,153.58286,0.0,82.0,83.0
2022-06-09 10:00:00,13.977269,7.6595736,597.19,420.9403,176.24971,0.0,76.0,82.0
2022-06-09 11:00:00,13.50727,30.638298,517.08997,313.96997,203.12001,0.0,75.0,46.0
2022-06-09 12:00:00,15.05727,58.085106,510.86,252.24896,258.61102,0.0,68.0,3.0
2022-06-09 13:00:00,15.25727,7.6595736,768.95996,566.17206,202.7879,0.0,69.0,82.0
2022-06-09 14:00:00,13.227269,42.765953,313.28,29.053223,284.22678,0.0,74.0,27.0
2022-06-09 15:00:00,14.92727,56.170216,509.97,311.49323,198.47678,0.0,70.0,6.0
2022-06-09 16:00:00,14.78727,60.0,678.18,437.4772,240.70279,0.0,70.0,0.0
2022-06-09 17:00:00,14.227269,53.61702,560.7,348.2996,212.40042,0.0,70.0,10.0
2022-06-09 18:00:00,13.32727,53.61702,378.25,224.50536,153.74464,0.0,72.0,10.0
2022-06-09 19:00:00,12.567269,54.255318,211.81999,119.468475,92.35152,0.0,74.0,9.0
2022-06-09 20:00:00,10.46727,55.531918,98.79,52.814766,45.975235,0.0,81.0,7.0
2022-06-09 21:00:00,11.07727,0.0,2.67,2.1793332,0.4906668,0.0,76.0,100.0
2022-06-09 22:00:00,9.79727,0.0,0.0,0.0,0.0,0.0,83.0,100.0
2022-06-09 23:00:00,10.83727,0.0,0.0,0.0,0.0,0.0,76.0,100.0
2022-06-10 00:00:00,10.58727,0.0,0.0,0.0,0.0,0.0,75.0,100.0
2022-06-10 01:00:00,10.277269,0.0,0.0,0.0,0.0,0.0,76.0,100.0
2022-06-10 02:00:00,10.067269,0.0,0.0,0.0,0.0,0.0,74.0,100.0
2022-06-10 03:00:00,9.96727,0.0,0.0,0.0,0.0,0.0,72.0,100.0
2022-06-10 04:00:00,9.737269,0.0,0.0,0.0,0.0,0.0,70.0,100.0
2022-06-10 05:00:00,8.3672695,24.738298,6.23,3.3873518,2.8426483,0.0,75.0,17.0
2022-06-10 06:00:00,10.6572695,60.0,115.7,62.294563,53.405434,0.0,69.0,0.0
2022-06-10 07:00:00,11.74727,60.0,267.88998,152.14682,115.74316,0.0,67.0,0.0
2022-06-10 08:00:00,12.817269,60.0,430.75998,257.3122,173.4478,0.0,66.0,0.0
2022-06-10 09:00:00,13.987269,60.0,582.95,364.11673,218.83328,0.0,61.0,0.0
2022-06-10 10:00:00,15.07727,60.0,713.77997,462.44788,251.3321,0.0,59.0,0.0
2022-06-10 11:00:00,16.19727,60.0,813.45996,541.4269,272.0331,0.0,60.0,0.0
2022-06-10 12:00:00,17.09727,60.0,874.87,591.85266,283.01733,0.0,59.0,0.0
2022-06-10 13:00:00,17.627268,60.0,888.22,603.8988,284.3212,0.0,66.0,0.0
2022-06-10 14:00:00,17.93727,60.0,863.3,583.19135,280.10864,0.0,66.0,0.0
2022-06-10 15:00:00,18.34727,60.0,795.66,528.09534,267.56464,0.0,65.0,0.0
2022-06-10 16:00:00,18.35727,60.0,691.52997,446.21072,245.31924,0.0,66.0,0.0
2022-06-10 17:00:00,18.28727,60.0,561.58997,348.9668,212.62317,0.0,67.0,0.0
2022-06-10 18:00:00,17.93727,60.0,410.29,243.61543,166.67458,0.0,69.0,0.0
2022-06-10 19:00:00,16.94727,60.0,250.09,141.11426,108.975746,0.0,74.0,0.0
2022-06-10 20:00:00,14.99727,60.0,105.02,56.17219,48.847805,0.0,75.0,0.0
2022-06-10 21:00:00,14.49727,22.866667,2.67,2.0348897,0.6351105,0.0,69.0,0.0
2022-06-10 22:00:00,14.607269,0.0,0.0,0.0,0.0,0.0,65.0,0.0
2022-06-10 23:00:00,14.08727,0.0,0.0,0.0,0.0,0.0,63.0,0.0
2022-06-11 00:00:00,13.477269,0.0,0.0,0.0,0.0,0.0,61.0,0.0
2022-06-11 01:00:00,13.05727,0.0,0.0,0.0,0.0,0.0,62.0,0.0
2022-06-11 02:00:00,13.17727,0.0,0.0,0.0,0.0,0.0,58.0,0.0
2022-06-11 03:00:00,13.067269,0.0,0.0,0.0,0.0,0.0,54.0,0.0
2022-06-11 04:00:00,12.487269,0.0,0.0,0.0,0.0,0.0,52.0,0.0
2022-06-11 05:00:00,12.607269,30.383333,6.23,3.4104955,2.8195045,0.0,50.0,0.0
2022-06-11 06:00:00,13.647269,60.0,113.03,60.86327,52.16673,0.0,52.0,0.0
2022-06-11 07:00:00,15.357269,60.0,271.44998,154.17902,117.270966,0.0,62.0,0.0
2022-06-11 08:00:00,16.957268,60.0,435.21,259.98233,175.22766,0.0,50.0,0.0
2022-06-11 09:00:00,18.077269,60.0,589.18,368.02264,221.15736,0.0,50.0,0.0
2022-06-11 10:00:00,19.03727,60.0,720.01,466.5058,253.50423,0.0,48.0,0.0
2022-06-11 11:00:00,19.907269,60.0,818.8,545.0161,273.78387,0.0,48.0,0.0
2022-06-11 12:00:00,20.557268,60.0,881.1,596.1221,284.97794,0.0,50.0,0.0
2022-06-11 13:00:00,21.047268,60.0,897.12,610.02795,287.092,0.0,54.0,0.0
2022-06-11 14:00:00,21.507269,60.0,872.2,589.30444,282.89557,0.0,53.0,0.0
2022-06-11 15:00:00,21.897268,60.0,803.67,533.52905,270.14096,0.0,52.0,0.0
2022-06-11 16:00:00,21.887268,60.0,697.76,450.35333,247.40666,0.0,53.0,0.0
2022-06-11 17:00:00,21.69727,60.0,566.04,351.84717,214.19283,0.0,57.0,0.0
2022-06-11 18:00:00,21.02727,60.0,412.96,245.29443,167.66556,0.0,60.0,0.0
2022-06-11 19:00:00,19.667269,60.0,252.76,142.68256,110.07744,0.0,68.0,0.0
2022-06-11 20:00:00,18.11727,60.0,97.9,52.388855,45.511147,0.0,64.0,0.0
2022-06-11 21:00:00,17.507269,23.466667,3.56,2.10118,1.45882,0.0,61.0,0.0
2022-06-11 22:00:00,17.087269,0.0,0.0,0.0,0.0,0.0,65.0,0.0
2022-06-11 23:00:00,16.957268,0.0,0.0,0.0,0.0,0.0,64.0,0.0
2022-06-12 00:00:00,17.28727,0.0,0.0,0.0,0.0,0.0,55.0,0.0
2022-06-12 01:00:00,16.897268,0.0,0.0,0.0,0.0,0.0,49.0,0.0
2022-06-12 02:00:00,16.337269,0.0,0.0,0.0,0.0,0.0,48.0,0.0
2022-06-12 03:00:00,14.71727,0.0,0.0,0.0,0.0,0.0,56.0,0.0
2022-06-12 04:00:00,15.277269,0.0,0.0,0.0,0.0,0.0,60.0,0.0
2022-06-12 05:00:00,15.6172695,30.566668,6.23,3.4333692,2.7966309,0.0,59.0,0.0
2022-06-12 06:00:00,17.547268,60.0,112.14,60.390263,51.749737,0.0,60.0,0.0
2022-06-12 07:00:00,18.297268,60.0,268.78,152.67273,116.10728,0.0,64.0,0.0
2022-06-12 08:00:00,19.78727,60.0,430.75998,257.33585,173.42413,0.0,60.0,0.0
2022-06-12 09:00:00,20.757269,60.0,582.06,363.5896,218.47041,0.0,53.0,0.0
2022-06-12 10:00:00,21.747269,60.0,713.77997,462.49054,251.28943,0.0,50.0,0.0
2022-06-12 11:00:00,22.677269,60.0,813.45996,541.4962,271.96375,0.0,45.0,0.0
2022-06-12 12:00:00,23.427269,60.0,877.54,593.7678,283.7722,0.0,44.0,0.0
2022-06-12 13:00:00,24.147268,0.0,886.44,602.84265,283.59738,0.0,47.0,100.0
2022-06-12 14:00:00,23.10727,24.25532,518.87,268.12573,250.74426,0.0,53.0,56.0
2022-06-12 15:00:00,24.397268,60.0,589.18,463.21942,125.96057,0.0,50.0,0.0
2022-06-12 16:00:00,24.457268,60.0,689.75,445.30457,244.44545,0.0,47.0,0.0
2022-06-12 17:00:00,24.28727,60.0,560.7,348.64178,212.05824,0.0,49.0,0.0
2022-06-12 18:00:00,23.557268,60.0,407.62,242.21486,165.40514,0.0,56.0,0.0
2022-06-12 19:00:00,22.227268,60.0,248.31,140.23117,108.07883,0.0,64.0,0.0
2022-06-12 20:00:00,20.957268,60.0,96.119995,51.460815,44.65918,0.0,60.0,0.0
2022-06-12 21:00:00,20.34727,24.05,3.56,2.1628413,1.3971587,0.0,62.0,0.0
2022-06-12 22:00:00,20.577269,0.0,0.0,0.0,0.0,0.0,62.0,59.0
2022-06-12 23:00:00,20.907269,0.0,0.0,0.0,0.0,0.0,58.0,100.0
2022-06-13 00:00:00,20.737268,0.0,0.0,0.0,0.0,0.0,56.0,100.0
2022-06-13 01:00:00,18.637268,0.0,0.0,0.0,0.0,0.0,60.0,3.0
2022-06-13 02:00:00,18.327269,0.0,0.0,0.0,0.0,0.0,64.0,0.0
2022-06-13 03:00:00,18.51727,0.0,0.0,0.0,0.0,0.0,68.0,10.0
2022-06-13 04:00:00,18.237268,0.0,0.0,0.0,0.0,0.0,67.0,10.0
2022-06-13 05:00:00,17.997269,14.066489,3.56,1.8554446,1.7045554,0.0,69.0,51.0
2022-06-13 06:00:00,17.747269,57.44681,100.57,54.165115,46.404884,0.0,82.0,4.0
2022-06-13 07:00:00,17.85727,53.61702,122.82,67.178185,55.641815,0.0,83.0,10.0
2022-06-13 08:00:00,18.84727,53.61702,268.78,204.10098,64.67902,0.0,81.0,10.0
2022-06-13 09:00:00,20.09727,53.61702,527.77,334.5572,193.21281,0.0,78.0,10.0
2022-06-13 10:00:00,21.03727,60.0,678.18,439.4438,238.7362,0.0,74.0,0.0
2022-06-13 11:00:00,21.207268,53.61702,787.64996,524.3485,263.30145,0.0,71.0,10.0
2022-06-13 12:00:00,21.177269,58.723404,845.5,574.498,271.002,0.0,71.0,2.0
2022-06-13 13:00:00,19.007269,60.0,788.54,572.8076,215.73235,0.0,79.0,0.0
2022-06-13 14:00:00,20.067268,60.0,855.29,578.076,277.214,0.0,71.0,0.0
2022-06-13 15:00:00,20.36727,60.0,791.20996,525.4873,265.7227,0.0,68.0,0.0
2022-06-13 16:00:00,19.78727,60.0,689.75,445.42535,244.32465,0.0,68.0,0.0
2022-06-13 17:00:00,19.307268,60.0,561.58997,349.30905,212.28091,0.0,67.0,0.0
2022-06-13 18:00:00,18.757269,60.0,411.18,244.42336,166.75664,0.0,67.0,0.0
2022-06-13 19:00:00,17.85727,60.0,251.87,142.3031,109.56689,0.0,70.0,0.0
2022-06-13 20:00:00,15.67727,60.0,98.79,52.915436,45.874565,0.0,75.0,0.0
2022-06-13 21:00:00,15.58727,19.929787,3.56,2.2202249,1.3397751,0.0,69.0,18.0
2022-06-13 22:00:00,16.077269,0.0,0.0,0.0,0.0,0.0,70.0,100.0
2022-06-13 23:00:00,16.087269,0.0,0.0,0.0,0.0,0.0,68.0,100.0
2022-06-14 00:00:00,14.897269,0.0,0.0,0.0,0.0,0.0,69.0,3.0
2022-06-14 01:00:00,14.17727,0.0,0.0,0.0,0.0,0.0,71.0,0.0
2022-06-14 02:00:00,13.647269,0.0,0.0,0.0,0.0,0.0,71.0,0.0
2022-06-14 03:00:00,12.79727,0.0,0.0,0.0,0.0,0.0,75.0,0.0
2022-06-14 04:00:00,12.13727,0.0,0.0,0.0,0.0,0.0,79.0,0.0
2022-06-14 05:00:00,11.397269,30.933332,6.23,3.478444,2.751556,0.0,85.0,0.0
2022-06-14 06:00:00,12.947269,60.0,111.25,59.92337,51.32663,0.0,82.0,0.0
2022-06-14 07:00:00,14.897269,60.0,268.78,152.69319,116.08681,0.0,77.0,0.0
2022-06-14 08:00:00,16.487268,60.0,431.65,257.8912,173.75879,0.0,68.0,0.0
2022-06-14 09:00:00,17.69727,60.0,584.73,365.28607,219.44392,0.0,60.0,0.0
2022-06-14 10:00:00,18.967268,60.0,715.56,463.68613,251.87387,0.0,60.0,0.0
2022-06-14 11:00:00,20.057268,60.0,813.45996,541.56476,271.8952,0.0,63.0,0.0
2022-06-14 12:00:00,21.137268,60.0,874.87,592.06885,282.80118,0.0,63.0,0.0
2022-06-14 13:00:00,22.297268,60.0,890.0,605.4172,284.58282,0.0,66.0,0.0
2022-06-14 14:00:00,22.837269,60.0,865.07996,584.7904,280.28958,0.0,65.0,0.0
2022-06-14 15:00:00,22.927269,60.0,799.22,530.9198,268.30017,0.0,66.0,0.0
2022-06-14 16:00:00,22.837269,59.425533,692.42,447.26624,245.15376,0.0,65.0,0.90000004
2022-06-14 17:00:00,22.317268,60.0,565.14996,351.6325,213.51744,0.0,65.0,0.0
2022-06-14 18:00:00,21.757269,57.12766,420.08,249.8033,170.27669,0.0,67.0,4.5
2022-06-14 19:00:00,20.897268,56.361702,265.22,149.90561,115.31439,0.0,71.0,5.7000003
2022-06-14 20:00:00,19.18727,57.70213,111.25,59.615196,51.634804,0.0,70.0,3.6000001
2022-06-14 21:00:00,18.657269,24.620728,5.34,2.7652912,2.574709,0.0,72.0,2.1000001
2022-06-14 22:00:00,18.84727,0.0,0.0,0.0,0.0,0.0,73.0,0.0
2022-06-14 23:00:00,17.627268,0.0,0.0,0.0,0.0,0.0,80.0,0.0
2022-06-15 00:00:00,17.257269,0.0,0.0,0.0,0.0,0.0,84.0,0.0
2022-06-15 01:00:00,16.567268,0.0,0.0,0.0,0.0,0.0,86.0,0.0
2022-06-15 02:00:00,17.217268,0.0,0.0,0.0,0.0,0.0,72.0,0.0
2022-06-15 03:00:00,17.297268,0.0,0.0,0.0,0.0,0.0,62.0,1.5
2022-06-15 04:00:00,16.997269,0.0,0.0,0.0,0.0,0.0,53.0,3.3000002
2022-06-15 05:00:00,17.59727,8.5652485,7.12,3.696354,3.423646,0.0,47.0,68.0
2022-06-15 06:00:00,19.09727,60.0,114.81,61.839996,52.97,0.0,55.0,0.0
2022-06-15 07:00:00,19.927269,60.0,261.66,148.64212,113.017876,0.0,62.0,0.0
2022-06-15 08:00:00,21.557268,60.0,418.3,249.90202,168.39796,0.0,57.0,0.0
2022-06-15 09:00:00,22.52727,60.0,561.58997,350.81296,210.77701,0.0,53.0,0.0
2022-06-15 10:00:00,23.397268,60.0,695.08997,450.4059,244.68405,0.0,52.0,0.0
2022-06-15 11:00:00,24.43727,60.0,792.99,527.9314,265.05856,0.0,52.0,0.0
2022-06-15 12:00:00,25.36727,60.0,852.62,577.02356,275.59644,0.0,50.0,0.0
2022-06-15 13:00:00,26.007269,60.0,871.31,593.05383,278.2562,0.0,54.0,0.0
2022-06-15 14:00:00,26.27727,60.0,845.5,571.99066,273.50934,0.0,53.0,0.0
2022-06-15 15:00:00,26.457268,60.0,780.52997,518.57996,261.95004,0.0,53.0,0.0
2022-06-15 16:00:00,26.28727,60.0,678.18,438.1517,240.02829,0.0,56.0,0.0
2022-06-15 17:00:00,25.217268,53.61702,544.68,338.97565,205.70435,0.0,61.0,10.0
2022-06-15 18:00:00,23.827269,53.61702,377.36,224.46088,152.89911,0.0,67.0,10.0
2022-06-15 19:00:00,22.427269,53.61702,231.4,130.83002,100.56998,0.0,70.0,10.0
2022-06-15 20:00:00,20.747269,53.61702,90.78,48.661884,42.118114,0.0,71.0,10.0
2022-06-15 21:00:00,21.317268,22.861702,3.56,3.1380763,0.42192364,0.0,61.0,10.0
2022-06-15 22:00:00,21.557268,0.0,0.0,0.0,0.0,0.0,56.0,10.0
2022-06-15 23:00:00,21.757269,0.0,0.0,0.0,0.0,0.0,53.0,10.0
2022-06-16 00:00:00,22.59727,0.0,0.0,0.0,0.0,0.0,47.0,0.0
2022-06-16 01:00:00,21.987268,0.0,0.0,0.0,0.0,0.0,49.0,10.0
2022-06-16 02:00:00,22.53727,0.0,0.0,0.0,0.0,0.0,47.0,10.0
2022-06-16 03:00:00,22.417269,0.0,0.0,0.0,0.0,0.0,47.0,10.0
2022-06-16 04:00:00,22.137268,0.0,0.0,0.0,0.0,0.0,47.0,10.0
2022-06-16 05:00:00,21.957268,27.627659,6.23,3.469508,2.760492,0.0,49.0,10.0
2022-06-16 06:00:00,23.557268,0.0,102.35,55.125168,47.22483,0.0,52.0,100.0
2022-06-16 07:00:00,24.85727,0.0,162.87,142.4444,20.425594,0.0,66.0,100.0
2022-06-16 08:00:00,23.51727,53.61702,153.08,34.645172,118.43483,0.0,62.0,10.0
2022-06-16 09:00:00,23.627268,53.61702,202.92,31.003586,171.91641,0.0,65.0,10.0
2022-06-16 10:00:00,24.09727,53.61702,469.03,320.19522,148.83478,0.0,64.0,10.0
2022-06-16 11:00:00,25.977268,51.70213,403.16998,142.08228,261.0877,0.0,58.0,13.0
2022-06-16 12:00:00,26.797268,53.61702,801.89,564.9735,236.91652,0.0,55.0,10.0
2022-06-16 13:00:00,23.727268,53.61702,469.03,177.7265,291.3035,0.0,65.0,10.0
2022-06-16 14:00:00,22.35727,53.61702,290.13998,12.11322,278.02676,0.0,69.0,10.0
2022-06-16 15:00:00,24.567268,53.61702,725.35,504.97995,220.37003,0.0,61.0,10.0
2022-06-16 16:00:00,24.087269,60.0,668.39,431.90918,236.48085,0.0,62.0,0.0
2022-06-16 17:00:00,23.44727,60.0,556.25,346.25714,209.99287,0.0,62.0,0.0
2022-06-16 18:00:00,22.677269,59.61702,412.07,245.17393,166.89607,0.0,65.0,0.6
2022-06-16 19:00:00,21.52727,59.425533,258.1,145.97028,112.12972,0.0,69.0,0.90000004
2022-06-16 20:00:00,19.907269,60.0,104.13,55.836258,48.29374,0.0,70.0,0.0
2022-06-16 21:00:00,19.917269,25.966667,4.45,2.5322313,1.9177685,0.0,64.0,0.0
2022-06-16 22:00:00,19.967268,0.0,0.0,0.0,0.0,0.0,61.0,10.0
2022-06-16 23:00:00,20.53727,0.0,0.0,0.0,0.0,0.0,59.0,10.0
2022-06-17 00:00:00,19.157269,0.0,0.0,0.0,0.0,0.0,61.0,0.0
2022-06-17 01:00:00,18.237268,0.0,0.0,0.0,0.0,0.0,62.0,0.0
2022-06-17 02:00:00,17.86727,0.0,0.0,0.0,0.0,0.0,61.0,0.6
2022-06-17 03:00:00,17.85727,0.0,0.0,0.0,0.0,0.0,59.0,3.9
2022-06-17 04:00:00,17.28727,0.0,0.0,0.0,0.0,0.0,58.0,10.5
2022-06-17 05:00:00,17.387268,29.01062,8.01,4.158183,3.851817,0.0,57.0,5.7000003
2022-06-17 06:00:00,18.477268,40.851063,118.369995,63.749397,54.620598,0.0,62.0,30.000002
2022-06-17 07:00:00,19.53727,40.851063,265.22,150.64098,114.579025,0.0,63.0,30.000002
2022-06-17 08:00:00,20.737268,40.851063,412.07,246.14145,165.92856,0.0,60.0,30.000002
2022-06-17 09:00:00,21.577269,48.893616,555.36,346.87457,208.4854,0.0,58.0,17.400002
2022-06-17 10:00:00,22.26727,57.70213,685.3,444.0213,241.2787,0.0,57.0,3.6000001
2022-06-17 11:00:00,23.007269,58.085106,780.52997,520.97327,259.55667,0.0,56.0,3.0
2022-06-17 12:00:00,23.677269,57.89362,839.26996,573.37,265.89996,0.0,54.0,3.3000002
2022-06-17 13:00:00,23.807268,57.31915,861.51996,591.2639,270.25604,0.0,57.0,4.2000003
2022-06-17 14:00:00,24.417269,56.170216,840.16,571.34656,268.8134,0.0,53.0,6.0
2022-06-17 15:00:00,24.627268,57.31915,779.64,518.13983,261.50018,0.0,52.0,4.2000003
2022-06-17 16:00:00,24.59727,57.510635,683.52,441.77032,241.7497,0.0,51.0,3.9
2022-06-17 17:00:00,24.487268,60.0,561.58997,349.66284,211.92711,0.0,52.0,0.0
2022-06-17 18:00:00,23.827269,60.0,412.07,245.2408,166.82921,0.0,54.0,0.0
2022-06-17 19:00:00,22.51727,60.0,253.65,143.49725,110.15275,0.0,61.0,0.0
2022-06-17 20:00:00,20.957268,59.808514,105.02,56.331863,48.688133,0.0,55.0,0.3
2022-06-17 21:00:00,20.59727,24.347094,6.23,3.2277768,3.0022233,0.0,53.0,7.2000003
2022-06-17 22:00:00,20.657269,0.0,0.0,0.0,0.0,0.0,50.0,8.1
2022-06-17 23:00:00,20.18727,0.0,0.0,0.0,0.0,0.0,50.0,5.4
2022-06-18 00:00:00,19.78727,0.0,0.0,0.0,0.0,0.0,46.0,3.3000002
2022-06-18 01:00:00,19.707268,0.0,0.0,0.0,0.0,0.0,40.0,2.1000001
2022-06-18 02:00:00,20.09727,0.0,0.0,0.0,0.0,0.0,37.0,0.90000004
2022-06-18 03:00:00,18.28727,0.0,0.0,0.0,0.0,0.0,43.0,0.0
2022-06-18 04:00:00,18.397268,0.0,0.0,0.0,0.0,0.0,43.0,0.0
2022-06-18 05:00:00,19.217268,30.85,6.23,3.449889,2.780111,0.0,40.0,0.0
2022-06-18 06:00:00,20.307268,60.0,109.47,58.952473,50.51753,0.0,42.0,0.0
2022-06-18 07:00:00,21.167269,60.0,264.33,150.12378,114.206215,0.0,56.0,0.0
2022-06-18 08:00:00,23.137268,60.0,423.63998,253.03265,170.60733,0.0,48.0,0.0
2022-06-18 09:00:00,24.507269,60.0,574.05,358.5241,215.52586,0.0,41.0,0.0
2022-06-18 10:00:00,25.477268,60.0,703.99,456.10986,247.88013,0.0,39.0,0.0
2022-06-18 11:00:00,26.35727,60.0,802.77997,534.42175,268.35822,0.0,38.0,0.0
2022-06-18 12:00:00,27.327269,60.0,865.97,586.09033,279.87964,0.0,40.0,0.0
2022-06-18 13:00:00,27.93727,60.0,879.32,598.2914,281.02863,0.0,50.0,0.0
2022-06-18 14:00:00,28.10727,60.0,854.39996,577.80457,276.5954,0.0,53.0,0.0
2022-06-18 15:00:00,27.827269,60.0,788.54,524.131,264.40903,0.0,55.0,0.0
2022-06-18 16:00:00,27.557268,60.0,686.19,443.58038,242.6096,0.0,54.0,0.0
2022-06-18 17:00:00,27.727268,60.0,557.14,346.97318,210.16684,0.0,53.0,0.0
2022-06-18 18:00:00,27.727268,60.0,406.72998,242.12865,164.60133,0.0,53.0,0.0
2022-06-18 19:00:00,26.657269,60.0,250.09,141.5263,108.56368,0.0,58.0,0.0
2022-06-18 20:00:00,24.93727,60.0,99.68,53.484974,46.195026,0.0,61.0,0.0
2022-06-18 21:00:00,24.19727,26.766666,4.45,2.6286178,1.821382,0.0,67.0,0.0
2022-06-18 22:00:00,23.78727,0.0,0.0,0.0,0.0,0.0,57.0,0.0
2022-06-18 23:00:00,23.52727,0.0,0.0,0.0,0.0,0.0,51.0,0.0
2022-06-19 00:00:00,23.227268,0.0,0.0,0.0,0.0,0.0,49.0,0.0
2022-06-19 01:00:00,22.257269,0.0,0.0,0.0,0.0,0.0,47.0,0.0
2022-06-19 02:00:00,21.27727,0.0,0.0,0.0,0.0,0.0,46.0,0.0
2022-06-19 03:00:00,21.03727,0.0,0.0,0.0,0.0,0.0,44.0,0.0
2022-06-19 04:00:00,21.247269,0.0,0.0,0.0,0.0,0.0,45.0,0.0
2022-06-19 05:00:00,21.047268,30.8,6.23,3.4401343,2.7898657,0.0,50.0,0.0
2022-06-19 06:00:00,21.907269,60.0,106.799995,57.51096,49.289036,0.0,60.0,0.0
2022-06-19 07:00:00,22.727268,60.0,258.1,146.5741,111.5259,0.0,69.0,0.0
2022-06-19 08:00:00,24.26727,60.0,413.85,247.16585,166.68416,0.0,63.0,0.0
2022-06-19 09:00:00,25.397268,60.0,561.58997,350.71857,210.87141,0.0,60.0,0.0
2022-06-19 10:00:00,26.647268,60.0,689.75,446.8632,242.88681,0.0,54.0,0.0
2022-06-19 11:00:00,27.747269,60.0,787.64996,524.3404,263.30957,0.0,51.0,0.0
2022-06-19 12:00:00,28.467268,60.0,849.95,575.463,274.487,0.0,49.0,0.0
2022-06-19 13:00:00,28.897268,60.0,866.86,592.5379,274.32208,0.0,47.0,0.0
2022-06-19 14:00:00,29.207268,60.0,844.61,572.61707,271.99292,0.0,45.0,0.0
2022-06-19 15:00:00,29.497269,60.0,780.52997,518.8789,261.65106,0.0,45.0,0.0
2022-06-19 16:00:00,29.317268,60.0,679.07,439.05646,240.01353,0.0,47.0,0.0
2022-06-19 17:00:00,28.43727,60.0,551.8,343.722,208.07802,0.0,52.0,0.0
2022-06-19 18:00:00,27.03727,60.0,403.16998,240.06883,163.10115,0.0,60.0,0.0
2022-06-19 19:00:00,25.927269,56.170216,251.87,142.57207,109.29793,0.0,65.0,6.0
2022-06-19 20:00:00,24.317268,60.0,102.35,54.932938,47.41706,0.0,66.0,0.0
2022-06-19 21:00:00,24.077269,27.083334,4.45,2.666194,1.7838057,0.0,66.0,0.0
2022-06-19 22:00:00,23.807268,0.0,0.0,0.0,0.0,0.0,61.0,0.0
2022-06-19 23:00:00,23.637268,0.0,0.0,0.0,0.0,0.0,55.0,0.0
2022-06-20 00:00:00,22.967268,0.0,0.0,0.0,0.0,0.0,53.0,0.0
2022-06-20 01:00:00,22.52727,0.0,0.0,0.0,0.0,0.0,53.0,0.0
2022-06-20 02:00:00,21.587269,0.0,0.0,0.0,0.0,0.0,55.0,0.0
2022-06-20 03:00:00,20.987268,0.0,0.0,0.0,0.0,0.0,55.0,0.0
2022-06-20 04:00:00,20.327269,0.0,0.0,0.0,0.0,0.0,58.0,0.0
2022-06-20 05:00:00,20.677269,30.616667,5.34,3.2717443,2.068256,0.0,59.0,0.0
2022-06-20 06:00:00,21.977268,60.0,104.13,56.063477,48.06652,0.0,63.0,0.0
2022-06-20 07:00:00,22.877268,60.0,254.54,144.5267,110.01328,0.0,62.0,0.0
2022-06-20 08:00:00,23.577269,60.0,408.50998,243.93556,164.57442,0.0,62.0,0.0
2022-06-20 09:00:00,24.377268,60.0,558.92,348.9995,209.92049,0.0,59.0,0.0
2022-06-20 10:00:00,25.317268,60.0,686.19,444.50366,241.68633,0.0,59.0,0.0
2022-06-20 11:00:00,26.327269,60.0,774.3,519.37506,254.92491,0.0,58.0,0.0
2022-06-20 12:00:00,26.807268,60.0,844.61,574.25476,270.3552,0.0,59.0,0.0
2022-06-20 13:00:00,26.047268,60.0,863.3,591.7429,271.55707,0.0,62.0,0.0
2022-06-20 14:00:00,26.577269,60.0,842.82996,572.3015,270.52844,0.0,59.0,0.0
2022-06-20 15:00:00,26.927269,60.0,781.42,519.5064,261.91357,0.0,58.0,0.0
2022-06-20 16:00:00,26.157269,60.0,671.06,433.92252,237.13748,0.0,60.0,0.0
2022-06-20 17:00:00,25.817268,60.0,556.25,346.53995,209.71005,0.0,59.0,0.0
2022-06-20 18:00:00,24.457268,53.61702,401.38998,239.04584,162.34415,0.0,64.0,10.0
2022-06-20 19:00:00,22.757269,53.61702,238.51999,135.03769,103.48229,0.0,70.0,10.0
2022-06-20 20:00:00,21.86727,60.0,97.9,52.553257,45.346745,0.0,69.0,0.0
2022-06-20 21:00:00,21.557268,27.266666,4.45,2.687521,1.7624788,0.0,72.0,0.0
2022-06-20 22:00:00,20.887268,0.0,0.0,0.0,0.0,0.0,75.0,0.0
2022-06-20 23:00:00,20.137268,0.0,0.0,0.0,0.0,0.0,76.0,0.0
2022-06-21 00:00:00,20.03727,0.0,0.0,0.0,0.0,0.0,70.0,0.0
2022-06-21 01:00:00,20.36727,0.0,0.0,0.0,0.0,0.0,55.0,0.0
2022-06-21 02:00:00,18.727268,0.0,0.0,0.0,0.0,0.0,67.0,2.1000001
2022-06-21 03:00:00,17.377268,0.0,0.0,0.0,0.0,0.0,80.0,5.1000004
2022-06-21 04:00:00,17.167269,0.0,0.0,0.0,0.0,0.0,80.0,30.0
2022-06-21 05:00:00,16.977268,19.059929,7.12,3.695275,3.4247248,0.0,81.0,35.0
2022-06-21 06:00:00,18.047268,44.68085,116.59,62.758217,53.83178,0.0,79.0,24.0
2022-06-21 07:00:00,19.68727,40.851063,267.88998,152.0747,115.81527,0.0,79.0,30.000002
2022-06-21 08:00:00,21.257269,40.851063,391.6,233.79317,157.80684,0.0,74.0,30.000002
2022-06-21 09:00:00,22.707268,40.851063,527.77,333.05078,194.71925,0.0,69.0,30.000002
2022-06-21 10:00:00,23.84727,53.106384,669.27997,435.95206,233.32791,0.0,66.0,10.8
2022-06-21 11:00:00,25.067268,56.93617,771.63,518.6022,253.02785,0.0,63.0,4.8
2022-06-21 12:00:00,25.587269,0.0,758.27997,552.8413,205.43864,0.0,62.0,100.0
2022-06-21 13:00:00,25.567268,60.0,867.75,592.57117,275.17886,0.0,64.0,0.0
2022-06-21 14:00:00,27.337269,50.425533,837.49,571.2744,266.21555,0.0,52.0,15.0
2022-06-21 15:00:00,26.827269,60.0,777.86,517.17523,260.68475,0.0,57.0,0.0
2022-06-21 16:00:00,27.477268,53.61702,667.5,432.05325,235.44675,0.0,53.0,10.0
2022-06-21 17:00:00,26.307268,51.06383,521.54,327.9942,193.54578,0.0,61.0,14.0
2022-06-21 18:00:00,26.457268,40.851063,312.38998,209.1044,103.285576,0.0,63.0,30.000002
2022-06-21 19:00:00,24.047268,0.0,177.11,111.970345,65.139656,0.0,75.0,100.0
2022-06-21 20:00:00,21.94727,53.61702,33.82,18.13509,15.684909,0.0,77.0,10.0
2022-06-21 21:00:00,21.18727,24.529787,6.23,3.2292702,3.0007298,0.0,71.0,10.0
2022-06-21 22:00:00,21.307268,0.0,0.0,0.0,0.0,0.0,74.0,10.0
2022-06-21 23:00:00,21.28727,0.0,0.0,0.0,0.0,0.0,73.0,11.0
2022-06-22 00:00:00,21.427269,0.0,0.0,0.0,0.0,0.0,70.0,58.0
2022-06-22 01:00:00,20.917269,0.0,0.0,0.0,0.0,0.0,63.0,30.000002
2022-06-22 02:00:00,22.297268,0.0,0.0,0.0,0.0,0.0,54.0,100.0
2022-06-22 03:00:00,21.917269,0.0,0.0,0.0,0.0,0.0,56.0,100.0
2022-06-22 04:00:00,21.52727,0.0,0.0,0.0,0.0,0.0,55.0,4.5
2022-06-22 05:00:00,21.727268,0.0,5.34,3.2098804,2.1301198,0.0,57.0,100.0
2022-06-22 06:00:00,22.36727,0.0,73.869995,39.75415,34.115845,0.0,63.0,100.0
2022-06-22 07:00:00,21.317268,0.0,65.86,6.019642,59.84036,0.0,68.0,100.0
2022-06-22 08:00:00,19.967268,0.0,40.94,0.08556366,40.854435,0.0,86.0,100.0
2022-06-22 09:00:00,20.827269,0.0,322.18,176.23048,145.94951,0.0,84.0,100.0
2022-06-22 10:00:00,21.497269,0.0,393.38,193.2086,200.1714,0.0,82.0,100.0
2022-06-22 11:00:00,22.257269,0.0,467.25,232.76003,234.48997,0.0,81.0,100.0
2022-06-22 12:00:00,22.27727,0.0,585.62,379.187,206.43298,0.0,83.0,100.0
2022-06-22 13:00:00,23.067268,0.0,806.33997,578.1703,228.16965,0.0,79.0,100.0
2022-06-22 14:00:00,23.747269,3.191489,572.27,356.5143,215.7557,0.0,77.0,89.0
2022-06-22 15:00:00,23.067268,58.723404,527.77,337.6447,190.1253,0.0,77.0,2.0
2022-06-22 16:00:00,23.417269,58.085106,529.55,396.0251,133.52492,0.0,77.0,3.0
2022-06-22 17:00:00,22.237268,60.0,550.02,342.74973,207.2703,0.0,82.0,0.0
2022-06-22 18:00:00,21.587269,60.0,404.94998,241.24051,163.70947,0.0,82.0,0.0
2022-06-22 19:00:00,20.887268,60.0,250.98,142.13916,108.84083,0.0,85.0,0.0
2022-06-22 20:00:00,19.53727,60.0,107.689995,57.827747,49.862247,0.0,90.0,0.0
2022-06-22 21:00:00,19.61727,26.31046,6.23,3.2295287,3.0004714,0.0,84.0,4.5
2022-06-22 22:00:00,19.34727,0.0,0.0,0.0,0.0,0.0,84.0,30.000002
2022-06-22 23:00:00,19.997269,0.0,0.0,0.0,0.0,0.0,75.0,100.0
2022-06-23 00:00:00,20.557268,0.0,0.0,0.0,0.0,0.0,68.0,100.0
2022-06-23 01:00:00,19.647268,0.0,0.0,0.0,0.0,0.0,74.0,75.0
2022-06-23 02:00:00,19.817268,0.0,0.0,0.0,0.0,0.0,73.0,65.0
2022-06-23 03:00:00,18.737268,0.0,0.0,0.0,0.0,0.0,76.0,0.0
2022-06-23 04:00:00,18.19727,0.0,0.0,0.0,0.0,0.0,75.0,0.0
2022-06-23 05:00:00,17.707268,29.866667,5.34,3.1779337,2.1620665,0.0,79.0,0.0
2022-06-23 06:00:00,19.427269,60.0,103.24,55.547882,47.692116,0.0,79.0,0.0
2022-06-23 07:00:00,20.797268,60.0,254.54,144.43529,110.104706,0.0,76.0,0.0
2022-06-23 08:00:00,21.59727,60.0,412.07,245.91974,166.15027,0.0,70.0,0.0
2022-06-23 09:00:00,22.747269,60.0,561.58997,350.49396,211.09601,0.0,67.0,0.0
2022-06-23 10:00:00,23.977268,60.0,691.52997,447.7879,243.74207,0.0,66.0,0.0
2022-06-23 11:00:00,24.657269,60.0,789.43,525.3353,264.0947,0.0,65.0,0.0
2022-06-23 12:00:00,25.067268,60.0,849.95,575.1414,274.8086,0.0,65.0,0.0
2022-06-23 13:00:00,24.997269,60.0,865.97,592.0852,273.88477,0.0,68.0,0.0
2022-06-23 14:00:00,25.327269,60.0,842.82996,572.41595,270.414,0.0,68.0,0.0
2022-06-23 15:00:00,25.387268,0.0,687.97,496.2285,191.74149,0.0,67.0,100.0
2022-06-23 16:00:00,26.067268,0.0,547.35,402.4038,144.94618,0.0,65.0,100.0
2022-06-23 17:00:00,25.717268,0.0,373.8,272.96207,100.83793,0.0,69.0,100.0
2022-06-23 18:00:00,24.727268,0.0,93.45,3.6215057,89.82849,0.0,75.0,100.0
2022-06-23 19:00:00,23.487268,0.0,63.19,5.4209023,57.769096,0.0,80.0,100.0
2022-06-23 20:00:00,20.727268,0.0,30.26,12.864792,17.395208,0.0,86.0,100.0
2022-06-23 21:00:00,20.487268,0.0,1.78,0.2709793,1.5090207,0.0,77.0,100.0
2022-06-23 22:00:00,19.93727,0.0,0.0,0.0,0.0,0.0,79.0,100.0
2022-06-23 23:00:00,18.587269,0.0,0.0,0.0,0.0,0.0,82.0,62.0
2022-06-24 00:00:00,18.01727,0.0,0.0,0.0,0.0,0.0,78.0,10.0
2022-06-24 01:00:00,17.667269,0.0,0.0,0.0,0.0,0.0,76.0,10.0
2022-06-24 02:00:00,17.727268,0.0,0.0,0.0,0.0,0.0,75.0,16.0
2022-06-24 03:00:00,17.457268,0.0,0.0,0.0,0.0,0.0,83.0,35.0
2022-06-24 04:00:00,17.11727,0.0,0.0,0.0,0.0,0.0,83.0,100.0
2022-06-24 05:00:00,17.677269,0.0,1.78,0.09276724,1.6872327,0.0,79.0,100.0
2022-06-24 06:00:00,16.917269,0.0,23.14,4.3882732,18.751726,0.0,83.0,100.0
2022-06-24 07:00:00,16.707268,0.0,70.31,9.280163,61.029835,0.0,92.0,100.0
2022-06-24 08:00:00,17.35727,0.0,209.15,104.02019,105.12981,0.0,90.0,100.0
2022-06-24 09:00:00,18.60727,47.872337,535.77997,334.3307,201.44926,0.0,83.0,19.0
2022-06-24 10:00:00,20.647268,41.48936,681.74,441.39093,240.34904,0.0,76.0,29.0
2022-06-24 11:00:00,19.077269,0.0,145.95999,2.51799,143.442,0.0,82.0,100.0
2022-06-24 12:00:00,17.987268,0.0,131.72,1.1090393,130.61096,0.0,87.0,100.0
2022-06-24 13:00:00,17.237268,0.0,93.45,-0.37561035,93.82561,0.0,88.0,100.0
2022-06-24 14:00:00,16.577269,0.0,66.75,-0.732666,67.482666,0.0,94.0,100.0
2022-06-24 15:00:00,16.987268,0.0,87.22,-0.15200806,87.37201,0.0,93.0,100.0
2022-06-24 16:00:00,17.18727,0.0,79.21,0.0855484,79.12445,0.0,88.0,100.0
2022-06-24 17:00:00,14.977269,0.0,97.01,1.8606644,95.14934,0.0,96.0,100.0
2022-06-24 18:00:00,16.427269,20.425533,274.12,224.03429,50.085712,0.0,87.0,62.0
2022-06-24 19:00:00,15.6172695,58.723404,224.28,127.05616,97.22384,0.0,90.0,2.0
2022-06-24 20:00:00,13.55727,60.0,105.02,56.410286,48.60971,0.0,95.0,0.0
2022-06-24 21:00:00,13.6572695,27.916666,5.34,2.9054205,2.4345796,0.0,89.0,0.0
2022-06-24 22:00:00,13.55727,0.0,0.0,0.0,0.0,0.0,85.0,0.0
2022-06-24 23:00:00,13.3672695,0.0,0.0,0.0,0.0,0.0,83.0,0.0
2022-06-25 00:00:00,13.24727,0.0,0.0,0.0,0.0,0.0,75.0,0.0
2022-06-25 01:00:00,13.107269,0.0,0.0,0.0,0.0,0.0,69.0,0.0
2022-06-25 02:00:00,13.107269,0.0,0.0,0.0,0.0,0.0,65.0,8.1
2022-06-25 03:00:00,13.027269,0.0,0.0,0.0,0.0,0.0,62.0,6.0
2022-06-25 04:00:00,13.13727,0.0,0.0,0.0,0.0,0.0,59.0,2.1000001
2022-06-25 05:00:00,13.50727,29.25,5.34,3.097021,2.242979,0.0,60.0,0.0
2022-06-25 06:00:00,15.24727,60.0,104.13,55.99699,48.133007,0.0,66.0,0.0
2022-06-25 07:00:00,15.83727,60.0,257.21,145.87634,111.33365,0.0,66.0,0.0
2022-06-25 08:00:00,16.967268,60.0,415.63,247.93011,167.69989,0.0,64.0,0.0
2022-06-25 09:00:00,18.067268,60.0,566.04,353.13095,212.90903,0.0,61.0,0.0
2022-06-25 10:00:00,19.11727,60.0,696.87,451.09982,245.77017,0.0,60.0,0.0
2022-06-25 11:00:00,20.307268,60.0,796.55,529.94434,266.60565,0.0,60.0,0.0
2022-06-25 12:00:00,21.377268,60.0,858.85,581.0699,277.7801,0.0,60.0,0.0
2022-06-25 13:00:00,21.477268,60.0,874.87,595.2249,279.64508,0.0,66.0,0.0
2022-06-25 14:00:00,21.897268,60.0,851.73,576.12146,275.60855,0.0,66.0,0.0
2022-06-25 15:00:00,22.167269,60.0,786.76,523.19617,263.56384,0.0,65.0,0.0
2022-06-25 16:00:00,22.28727,59.61702,683.52,442.16806,241.35196,0.0,64.0,0.6
2022-06-25 17:00:00,22.047268,60.0,558.02997,347.84167,210.1883,0.0,66.0,0.0
2022-06-25 18:00:00,21.567268,56.170216,416.52,248.21524,168.30475,0.0,67.0,6.0
2022-06-25 19:00:00,20.967268,55.78723,266.11,150.75894,115.351036,0.0,73.0,6.6000004
2022-06-25 20:00:00,19.427269,54.82979,114.81,61.670002,53.139996,0.0,71.0,8.1
2022-06-25 21:00:00,19.02727,9.794682,7.12,3.6913924,3.4286075,0.0,70.0,61.0
2022-06-25 22:00:00,18.86727,0.0,0.0,0.0,0.0,0.0,70.0,32.0
2022-06-25 23:00:00,17.68727,0.0,0.0,0.0,0.0,0.0,64.0,0.0
2022-06-26 00:00:00,17.927269,0.0,0.0,0.0,0.0,0.0,62.0,10.0
2022-06-26 01:00:00,17.707268,0.0,0.0,0.0,0.0,0.0,61.0,10.0
2022-06-26 02:00:00,17.587269,0.0,0.0,0.0,0.0,0.0,58.0,0.0
2022-06-26 03:00:00,17.10727,0.0,0.0,0.0,0.0,0.0,59.0,10.0
2022-06-26 04:00:00,17.03727,0.0,0.0,0.0,0.0,0.0,59.0,0.0
2022-06-26 05:00:00,17.667269,28.816668,4.45,4.0115924,0.43840736,0.0,57.0,0.0
2022-06-26 06:00:00,18.77727,52.340427,108.58,58.369503,50.2105,0.0,61.0,12.0
2022-06-26 07:00:00,19.60727,60.0,255.43,144.8198,110.61019,0.0,64.0,0.0
2022-06-26 08:00:00,21.27727,60.0,410.29,244.67412,165.61589,0.0,63.0,0.0
2022-06-26 09:00:00,21.68727,60.0,558.92,348.60303,210.31696,0.0,62.0,0.0
2022-06-26 10:00:00,22.427269,60.0,687.97,445.24872,242.72127,0.0,62.0,0.0
2022-06-26 11:00:00,23.01727,60.0,786.76,523.34906,263.41095,0.0,60.0,0.0
2022-06-26 12:00:00,23.727268,60.0,849.06,574.3816,274.67838,0.0,59.0,0.0
2022-06-26 13:00:00,24.167269,60.0,867.75,591.96436,275.78568,0.0,65.0,0.0
2022-06-26 14:00:00,24.77727,60.0,848.17,573.694,274.47598,0.0,61.0,0.0
2022-06-26 15:00:00,24.977268,35.106384,779.64,518.4604,261.17963,0.0,57.0,39.0
2022-06-26 16:00:00,25.057268,60.0,679.07,439.29944,239.77057,0.0,55.0,0.0
2022-06-26 17:00:00,24.93727,60.0,558.02997,347.85532,210.17465,0.0,56.0,0.0
2022-06-26 18:00:00,24.477268,60.0,410.29,244.51366,165.77635,0.0,57.0,0.0
2022-06-26 19:00:00,22.887268,60.0,255.43,144.71402,110.71597,0.0,66.0,0.0
2022-06-26 20:00:00,21.667269,56.170216,110.36,59.280792,51.07921,0.0,63.0,6.0
2022-06-26 21:00:00,21.35727,24.91702,7.12,3.6913996,3.4286003,0.0,51.0,10.0
2022-06-26 22:00:00,21.427269,0.0,0.0,0.0,0.0,0.0,51.0,3.9
2022-06-26 23:00:00,21.837269,0.0,0.0,0.0,0.0,0.0,50.0,3.0
2022-06-27 00:00:00,21.817268,0.0,0.0,0.0,0.0,0.0,50.0,0.0
2022-06-27 01:00:00,18.897268,0.0,0.0,0.0,0.0,0.0,63.0,0.0
2022-06-27 02:00:00,18.837269,0.0,0.0,0.0,0.0,0.0,66.0,0.0
2022-06-27 03:00:00,18.60727,0.0,0.0,0.0,0.0,0.0,71.0,0.0
2022-06-27 04:00:00,16.94727,0.0,0.0,0.0,0.0,0.0,81.0,0.0
2022-06-27 05:00:00,16.247269,28.383333,4.45,4.160826,0.28917366,0.0,89.0,0.0
2022-06-27 06:00:00,17.757269,60.0,100.57,54.044537,46.525463,0.0,89.0,0.0
2022-06-27 07:00:00,19.307268,0.0,247.42,140.23285,107.18715,0.0,87.0,100.0
2022-06-27 08:00:00,20.137268,0.0,321.29,212.52988,108.760124,0.0,84.0,100.0
2022-06-27 09:00:00,21.09727,0.0,369.35,262.69357,106.65644,0.0,81.0,100.0
2022-06-27 10:00:00,21.94727,24.893618,429.87,254.62173,175.24826,0.0,79.0,55.0
2022-06-27 11:00:00,22.967268,38.297874,515.31,314.524,200.786,0.0,79.0,34.0
2022-06-27 12:00:00,22.09727,21.063831,376.47,82.47339,293.9966,0.0,83.0,61.0
2022-06-27 13:00:00,21.60727,0.0,237.62999,9.048752,228.58124,0.0,79.0,100.0
2022-06-27 14:00:00,21.567268,0.0,239.41,9.770981,229.63902,0.0,78.0,100.0
2022-06-27 15:00:00,21.397268,0.0,376.47,112.658966,263.81104,0.0,75.0,100.0
2022-06-27 16:00:00,20.747269,0.0,321.29,99.6393,221.65071,0.0,74.0,100.0
2022-06-27 17:00:00,19.77727,0.0,225.17,53.457336,171.71266,0.0,81.0,100.0
2022-06-27 18:00:00,18.11727,0.0,195.8,87.25806,108.54195,0.0,90.0,100.0
2022-06-27 19:00:00,17.68727,0.0,72.09,11.472988,60.61701,0.0,90.0,100.0
2022-06-27 20:00:00,17.587269,0.0,14.24,0.5127077,13.727292,0.0,92.0,100.0
2022-06-27 21:00:00,16.907269,0.0,0.89,0.017597198,0.8724028,0.0,92.0,100.0
2022-06-27 22:00:00,16.667269,0.0,0.0,0.0,0.0,0.0,90.0,100.0
2022-06-27 23:00:00,16.167269,0.0,0.0,0.0,0.0,0.0,90.0,100.0
2022-06-28 00:00:00,16.11727,0.0,0.0,0.0,0.0,0.0,88.0,100.0
2022-06-28 01:00:00,15.49727,0.0,0.0,0.0,0.0,0.0,88.0,100.0
2022-06-28 02:00:00,15.25727,0.0,0.0,0.0,0.0,0.0,88.0,100.0
2022-06-28 03:00:00,15.1172695,0.0,0.0,0.0,0.0,0.0,90.0,100.0
2022-06-28 04:00:00,14.99727,0.0,0.0,0.0,0.0,0.0,92.0,100.0
2022-06-28 05:00:00,14.857269,0.0,1.78,0.25877237,1.5212276,0.0,91.0,100.0
2022-06-28 06:00:00,14.95727,0.0,39.16,26.073593,13.086407,0.0,91.0,100.0
2022-06-28 07:00:00,15.46727,0.0,97.01,35.854458,61.155544,0.0,90.0,100.0
2022-06-28 08:00:00,16.51727,0.0,198.47,90.89572,107.57428,0.0,90.0,100.0
2022-06-28 09:00:00,17.177269,0.0,275.9,111.70241,164.19759,0.0,92.0,100.0
2022-06-28 10:00:00,17.657269,0.0,374.69,168.47676,206.21324,0.0,91.0,100.0
2022-06-28 11:00:00,18.757269,0.0,518.87,321.41116,197.45883,0.0,87.0,100.0
2022-06-28 12:00:00,18.85727,0.0,434.32,147.26459,287.05542,0.0,88.0,100.0
2022-06-28 13:00:00,21.69727,0.0,687.08,537.70325,149.3768,0.0,77.0,100.0
2022-06-28 14:00:00,23.61727,25.531916,579.39,370.00488,209.38513,0.0,71.0,54.0
2022-06-28 15:00:00,23.657269,42.38298,721.79,505.406,216.38399,0.0,73.0,27.6
2022-06-28 16:00:00,23.487268,19.787235,428.97998,253.67711,175.30287,0.0,71.0,63.0
2022-06-28 17:00:00,23.18727,0.0,195.8,27.454163,168.34584,0.0,73.0,100.0
2022-06-28 18:00:00,20.067268,0.0,159.31,43.472305,115.83769,0.0,87.0,100.0
2022-06-28 19:00:00,20.35727,0.0,78.32,16.565647,61.754353,0.0,83.0,100.0
2022-06-28 20:00:00,19.747269,0.0,41.829998,31.00454,10.825459,0.0,86.0,100.0
2022-06-28 21:00:00,19.227268,18.961702,6.23,3.2299871,3.0000129,0.0,88.0,30.000002
2022-06-28 22:00:00,17.94727,0.0,0.0,0.0,0.0,0.0,91.0,4.0
2022-06-28 23:00:00,17.19727,0.0,0.0,0.0,0.0,0.0,86.0,4.5
2022-06-29 00:00:00,17.587269,0.0,0.0,0.0,0.0,0.0,85.0,100.0
2022-06-29 01:00:00,15.857269,0.0,0.0,0.0,0.0,0.0,97.0,100.0
2022-06-29 02:00:00,16.78727,0.0,0.0,0.0,0.0,0.0,91.0,100.0
2022-06-29 03:00:00,17.047268,0.0,0.0,0.0,0.0,0.0,87.0,100.0
2022-06-29 04:00:00,16.59727,0.0,0.0,0.0,0.0,0.0,87.0,100.0
2022-06-29 05:00:00,16.627268,0.0,1.78,0.28483248,1.4951675,0.0,88.0,100.0
2022-06-29 06:00:00,17.207268,0.0,76.54,41.102287,35.437714,0.0,89.0,100.0
2022-06-29 07:00:00,16.497269,0.0,93.45,32.09648,61.353516,0.0,92.0,100.0
2022-06-29 08:00:00,16.657269,0.0,77.43,2.1481323,75.28187,0.0,92.0,100.0
2022-06-29 09:00:00,17.507269,0.0,117.479996,3.4146729,114.06532,0.0,92.0,100.0
2022-06-29 10:00:00,18.087269,0.0,187.79,7.9551697,179.83482,0.0,90.0,100.0
2022-06-29 11:00:00,18.387268,0.0,261.66,10.963745,250.69626,0.0,87.0,100.0
2022-06-29 12:00:00,20.377268,60.0,533.11,289.90344,243.20653,0.0,79.0,0.0
2022-06-29 13:00:00,22.087269,59.361702,857.95996,589.3834,268.57654,0.0,73.0,1.0
2022-06-29 14:00:00,22.327269,59.361702,839.26996,571.22217,268.0478,0.0,72.0,1.0
2022-06-29 15:00:00,22.28727,60.0,778.75,517.8616,260.88843,0.0,72.0,0.0
2022-06-29 16:00:00,21.987268,60.0,683.52,442.2033,241.3167,0.0,73.0,0.0
2022-06-29 17:00:00,21.227268,60.0,558.02997,347.8899,210.14008,0.0,75.0,0.0
2022-06-29 18:00:00,20.60727,60.0,410.29,244.5403,165.74971,0.0,77.0,0.0
2022-06-29 19:00:00,19.78727,60.0,254.54,144.22131,110.31867,0.0,80.0,0.0
2022-06-29 20:00:00,18.007269,60.0,103.24,55.456642,47.783356,0.0,85.0,0.0
2022-06-29 21:00:00,17.69727,27.766666,5.34,2.8979511,2.442049,0.0,79.0,0.0
2022-06-29 22:00:00,17.557268,0.0,0.0,0.0,0.0,0.0,83.0,0.0
2022-06-29 23:00:00,17.61727,0.0,0.0,0.0,0.0,0.0,86.0,0.0
2022-06-30 00:00:00,17.007269,0.0,0.0,0.0,0.0,0.0,89.0,0.0
2022-06-30 01:00:00,16.68727,0.0,0.0,0.0,0.0,0.0,89.0,0.0
2022-06-30 02:00:00,16.85727,0.0,0.0,0.0,0.0,0.0,83.0,0.0
2022-06-30 03:00:00,16.827269,0.0,0.0,0.0,0.0,0.0,76.0,0.0
2022-06-30 04:00:00,16.45727,0.0,0.0,0.0,0.0,0.0,72.0,0.0
2022-06-30 05:00:00,16.69727,26.966667,3.56,2.7161164,0.84388345,0.0,70.0,0.0
2022-06-30 06:00:00,18.317268,60.0,98.79,53.026993,45.76301,0.0,72.0,0.0
2022-06-30 07:00:00,19.207268,60.0,250.09,141.59607,108.49392,0.0,70.0,0.0
2022-06-30 08:00:00,20.59727,60.0,407.62,242.78284,164.83716,0.0,69.0,0.0
2022-06-30 09:00:00,21.567268,60.0,558.02997,347.68042,210.34953,0.0,67.0,0.0
2022-06-30 10:00:00,22.19727,60.0,687.97,444.86035,243.1096,0.0,67.0,0.0
2022-06-30 11:00:00,23.10727,60.0,788.54,524.172,264.36795,0.0,64.0,0.0
2022-06-30 12:00:00,23.957268,60.0,852.62,576.49426,276.12576,0.0,62.0,0.0
2022-06-30 13:00:00,25.737268,53.61702,839.26996,584.9658,254.30411,0.0,68.0,10.0
2022-06-30 14:00:00,25.217268,47.872337,776.97,556.36584,220.60411,0.0,71.0,19.0
2022-06-30 15:00:00,23.387268,0.0,254.54,6.5150604,248.02493,0.0,80.0,100.0
2022-06-30 16:00:00,24.837269,18.510641,481.49,351.0204,130.4696,0.0,75.0,65.0
2022-06-30 17:00:00,23.34727,55.404255,554.47,345.6469,208.82306,0.0,70.0,7.2000003
2022-06-30 18:00:00,23.727268,47.74468,412.96,246.11188,166.84811,0.0,65.0,19.2
2022-06-30 19:00:00,24.827269,40.851063,258.1,146.22281,111.877205,0.0,68.0,30.000002
2022-06-30 20:00:00,22.487268,0.0,61.41,33.487198,27.9228,0.0,81.0,100.0
2022-06-30 21:00:00,19.827269,0.0,0.0,0.0,0.0,0.0,87.0,100.0
2022-06-30 22:00:00,18.477268,0.0,0.0,0.0,0.0,0.0,92.0,82.0
2022-06-30 23:00:00,16.797268,0.0,0.0,0.0,0.0,0.0,97.0,100.0
2022-07-01 00:00:00,13.54727,0.0,0.0,0.0,0.0,0.0,94.0,100.0
2022-07-01 01:00:00,11.3672695,0.0,0.0,0.0,0.0,0.0,94.0,100.0
2022-07-01 02:00:00,11.227269,0.0,0.0,0.0,0.0,0.0,92.0,100.0
2022-07-01 03:00:00,10.75727,0.0,0.0,0.0,0.0,0.0,93.0,100.0
2022-07-01 04:00:00,10.01727,0.0,0.0,0.0,0.0,0.0,95.0,100.0
2022-07-01 05:00:00,10.9072695,0.0,0.89,0.021124363,0.8688756,0.0,93.0,100.0
2022-07-01 06:00:00,10.1172695,0.0,16.02,0.74035645,15.279644,0.0,96.0,100.0
2022-07-01 07:00:00,9.947269,0.0,40.05,1.0636673,38.986332,0.0,94.0,100.0
2022-07-01 08:00:00,10.07727,0.0,145.06999,30.887772,114.18222,0.0,94.0,100.0
2022-07-01 09:00:00,11.87727,0.0,258.99,91.918396,167.0716,0.0,90.0,100.0
2022-07-01 10:00:00,12.487269,0.0,298.15,75.59097,222.55902,0.0,90.0,100.0
2022-07-01 11:00:00,12.647269,0.0,261.66,11.392014,250.26799,0.0,93.0,100.0
2022-07-01 12:00:00,13.38727,0.0,461.91,184.09216,277.81784,0.0,90.0,100.0
2022-07-01 13:00:00,13.857269,52.340427,682.63,535.31683,147.31317,0.0,86.0,12.0
2022-07-01 14:00:00,15.30727,60.0,852.62,576.5222,276.09778,0.0,77.0,0.0
2022-07-01 15:00:00,15.99727,60.0,796.55,529.6116,266.9384,0.0,75.0,0.0
2022-07-01 16:00:00,16.177269,60.0,697.76,451.35327,246.40672,0.0,75.0,0.0
2022-07-01 17:00:00,16.237268,60.0,570.49,355.60922,214.88077,0.0,72.0,0.0
2022-07-01 18:00:00,16.03727,60.0,420.08,250.33505,169.74493,0.0,73.0,0.0
2022-07-01 19:00:00,15.487269,60.0,260.77,147.71967,113.05032,0.0,76.0,0.0
2022-07-01 20:00:00,13.6172695,60.0,106.799995,57.35198,49.448017,0.0,82.0,0.0
2022-07-01 21:00:00,13.75727,27.3,5.34,2.834864,2.5051363,0.0,72.0,0.0
2022-07-01 22:00:00,13.62727,0.0,0.0,0.0,0.0,0.0,70.0,0.0
2022-07-01 23:00:00,13.30727,0.0,0.0,0.0,0.0,0.0,70.0,0.0
2022-07-02 00:00:00,12.92727,0.0,0.0,0.0,0.0,0.0,74.0,0.0
2022-07-02 01:00:00,12.49727,0.0,0.0,0.0,0.0,0.0,77.0,0.0
2022-07-02 02:00:00,12.477269,0.0,0.0,0.0,0.0,0.0,76.0,0.0
2022-07-02 03:00:00,12.03727,0.0,0.0,0.0,0.0,0.0,77.0,0.0
2022-07-02 04:00:00,11.57727,0.0,0.0,0.0,0.0,0.0,78.0,0.0
2022-07-02 05:00:00,10.96727,25.733334,3.56,3.0495079,0.510492,0.0,81.0,0.0
2022-07-02 06:00:00,12.26727,60.0,99.68,53.452885,46.227116,0.0,80.0,0.0
2022-07-02 07:00:00,14.187269,60.0,254.54,143.98962,110.55038,0.0,76.0,0.0
2022-07-02 08:00:00,15.74727,60.0,416.52,247.89334,168.62665,0.0,71.0,0.0
2022-07-02 09:00:00,16.94727,60.0,570.49,355.2102,215.27979,0.0,68.0,0.0
2022-07-02 10:00:00,18.167269,60.0,702.20996,453.81952,248.39043,0.0,68.0,0.0
2022-07-02 11:00:00,19.477268,60.0,801.89,532.8086,269.08142,0.0,67.0,0.0
2022-07-02 12:00:00,20.547268,60.0,866.86,585.91516,280.9448,0.0,66.0,0.0
2022-07-02 13:00:00,21.647268,60.0,881.1,599.0459,282.0541,0.0,68.0,0.0
2022-07-02 14:00:00,22.237268,60.0,860.63,581.87695,278.75308,0.0,67.0,0.0
2022-07-02 15:00:00,22.567268,60.0,798.33,530.75134,267.57867,0.0,68.0,0.0
2022-07-02 16:00:00,22.797268,60.0,695.98,450.1705,245.80948,0.0,68.0,0.0
2022-07-02 17:00:00,22.667269,60.0,565.14996,352.2564,212.89357,0.0,68.0,0.0
2022-07-02 18:00:00,22.457268,60.0,412.96,246.07228,166.88771,0.0,72.0,0.0
2022-07-02 19:00:00,21.85727,60.0,253.65,143.67102,109.978966,0.0,78.0,0.0
2022-07-02 20:00:00,20.067268,60.0,98.79,53.04275,45.74725,0.0,82.0,0.0
2022-07-02 21:00:00,19.837269,27.066668,4.45,2.690988,1.7590119,0.0,77.0,0.0
2022-07-02 22:00:00,20.137268,0.0,0.0,0.0,0.0,0.0,73.0,0.0
2022-07-02 23:00:00,19.327269,0.0,0.0,0.0,0.0,0.0,78.0,0.0
2022-07-03 00:00:00,18.927269,0.0,0.0,0.0,0.0,0.0,78.0,0.0
2022-07-03 01:00:00,17.977268,0.0,0.0,0.0,0.0,0.0,78.0,0.0
2022-07-03 02:00:00,18.047268,0.0,0.0,0.0,0.0,0.0,62.0,0.0
2022-07-03 03:00:00,17.727268,0.0,0.0,0.0,0.0,0.0,59.0,0.0
2022-07-03 04:00:00,17.657269,0.0,0.0,0.0,0.0,0.0,57.0,0.0
2022-07-03 05:00:00,18.147268,25.133333,2.67,1.5491934,1.1208067,0.0,51.0,0.0
2022-07-03 06:00:00,19.337269,60.0,96.119995,51.518845,44.60115,0.0,46.0,0.0
2022-07-03 07:00:00,20.087269,60.0,249.2,140.90712,108.29288,0.0,57.0,0.0
2022-07-03 08:00:00,21.657269,60.0,407.62,242.50317,165.11682,0.0,53.0,0.0
2022-07-03 09:00:00,22.76727,60.0,558.92,347.89166,211.02834,0.0,50.0,0.0
2022-07-03 10:00:00,23.36727,60.0,689.75,445.64444,244.10556,0.0,51.0,0.0
2022-07-03 11:00:00,24.02727,60.0,778.75,517.31757,261.43243,0.0,50.0,0.0
2022-07-03 12:00:00,24.747269,54.255318,842.82996,569.9058,272.92413,0.0,49.0,9.0
2022-07-03 13:00:00,25.407269,55.212765,845.5,585.34753,260.15244,0.0,57.0,7.5000005
2022-07-03 14:00:00,25.927269,23.617023,822.36,566.66614,255.69385,0.0,57.0,57.0
2022-07-03 15:00:00,25.987268,60.0,762.73,513.75555,248.97443,0.0,59.0,0.0
2022-07-03 16:00:00,25.93727,60.0,678.18,438.62646,239.55351,0.0,60.0,0.0
2022-07-03 17:00:00,25.707268,60.0,552.69,344.46643,208.22356,0.0,62.0,0.0
2022-07-03 18:00:00,24.86727,60.0,405.84,241.81015,164.02985,0.0,67.0,0.0
2022-07-03 19:00:00,23.707268,60.0,250.98,142.14352,108.836464,0.0,73.0,0.0
2022-07-03 20:00:00,22.567268,60.0,100.57,53.99051,46.57949,0.0,73.0,0.0
2022-07-03 21:00:00,22.757269,26.833334,4.45,2.6680052,1.7819946,0.0,72.0,0.0
2022-07-03 22:00:00,21.86727,0.0,0.0,0.0,0.0,0.0,75.0,0.0
2022-07-03 23:00:00,22.137268,0.0,0.0,0.0,0.0,0.0,75.0,0.0
2022-07-04 00:00:00,22.067268,0.0,0.0,0.0,0.0,0.0,72.0,10.0
2022-07-04 01:00:00,21.417269,0.0,0.0,0.0,0.0,0.0,70.0,100.0
2022-07-04 02:00:00,20.53727,0.0,0.0,0.0,0.0,0.0,70.0,100.0
2022-07-04 03:00:00,20.237268,0.0,0.0,0.0,0.0,0.0,67.0,24.300001
2022-07-04 04:00:00,19.967268,0.0,0.0,0.0,0.0,0.0,67.0,100.0
2022-07-04 05:00:00,19.60727,0.0,2.67,1.6599829,1.0100172,0.0,67.0,100.0
2022-07-04 06:00:00,18.627268,0.0,33.82,20.92298,12.89702,0.0,83.0,100.0
2022-07-04 07:00:00,20.157269,0.0,45.39,1.5618172,43.828182,0.0,91.0,100.0
2022-07-04 08:00:00,19.69727,0.0,65.86,1.3610916,64.49891,0.0,93.0,100.0
2022-07-04 09:00:00,18.077269,0.0,57.85,0.046295166,57.803703,0.0,97.0,100.0
2022-07-04 10:00:00,17.217268,0.0,86.33,0.35736847,85.97263,0.0,95.0,100.0
2022-07-04 11:00:00,19.557268,0.0,196.69,6.782242,189.90776,0.0,88.0,100.0
2022-07-04 12:00:00,21.397268,60.0,805.45,561.5648,243.88518,0.0,78.0,0.0
2022-07-04 13:00:00,19.397268,0.0,228.73,8.185806,220.54419,0.0,90.0,100.0
2022-07-04 14:00:00,20.247269,0.0,247.42,10.753281,236.66672,0.0,87.0,100.0
2022-07-04 15:00:00,21.09727,6.382978,598.97,480.75125,118.21873,0.0,81.0,84.0
2022-07-04 16:00:00,21.86727,0.0,597.19,417.04346,180.14655,0.0,77.0,100.0
2022-07-04 17:00:00,21.77727,58.723404,487.72,322.17865,165.54134,0.0,78.0,2.0
2022-07-04 18:00:00,21.677269,0.0,408.50998,243.37471,165.13527,0.0,78.0,100.0
2022-07-04 19:00:00,22.03727,0.0,188.68,114.1428,74.53719,0.0,78.0,100.0
2022-07-04 20:00:00,18.637268,0.0,59.629997,32.67644,26.953556,0.0,92.0,100.0
2022-07-04 21:00:00,18.417269,0.0,0.89,0.020258188,0.8697418,0.0,86.0,100.0
2022-07-04 22:00:00,16.61727,0.0,0.0,0.0,0.0,0.0,89.0,1.8000001
2022-07-04 23:00:00,17.86727,0.0,0.0,0.0,0.0,0.0,85.0,2.0
2022-07-05 00:00:00,17.69727,0.0,0.0,0.0,0.0,0.0,84.0,2.0
2022-07-05 01:00:00,18.057268,0.0,0.0,0.0,0.0,0.0,77.0,100.0
2022-07-05 02:00:00,17.02727,0.0,0.0,0.0,0.0,0.0,76.0,10.0
2022-07-05 03:00:00,17.077269,0.0,0.0,0.0,0.0,0.0,73.0,10.0
2022-07-05 04:00:00,17.077269,0.0,0.0,0.0,0.0,0.0,72.0,10.0
2022-07-05 05:00:00,17.047268,21.268085,1.78,0.5612788,1.2187212,0.0,72.0,10.0
2022-07-05 06:00:00,17.987268,53.61702,56.07,30.020773,26.049227,0.0,75.0,10.0
2022-07-05 07:00:00,19.19727,58.723404,215.37999,121.66747,93.71252,0.0,79.0,2.0
2022-07-05 08:00:00,19.817268,60.0,396.94,235.95064,160.98936,0.0,77.0,0.0
2022-07-05 09:00:00,20.837269,60.0,545.57,339.3363,206.2337,0.0,74.0,0.0
2022-07-05 10:00:00,21.757269,60.0,675.51,436.1775,239.33252,0.0,71.0,0.0
2022-07-05 11:00:00,22.137268,60.0,749.38,508.1845,241.19551,0.0,69.0,0.0
2022-07-05 12:00:00,22.27727,57.44681,836.6,567.6655,268.93442,0.0,68.0,4.0
2022-07-05 13:00:00,20.647268,58.085106,864.19,588.3816,275.80838,0.0,78.0,3.0
2022-07-05 14:00:00,21.057268,60.0,841.05,569.79456,271.2554,0.0,75.0,0.0
2022-07-05 15:00:00,21.317268,60.0,781.42,519.333,262.08694,0.0,73.0,0.0
2022-07-05 16:00:00,21.147268,60.0,683.52,441.9704,241.5496,0.0,74.0,0.0
2022-07-05 17:00:00,20.977268,60.0,557.14,347.1466,209.99341,0.0,74.0,0.0
2022-07-05 18:00:00,20.457268,60.0,409.4,243.85335,165.54665,0.0,76.0,0.0
2022-07-05 19:00:00,19.217268,60.0,252.76,143.09406,109.66595,0.0,81.0,0.0
2022-07-05 20:00:00,17.11727,60.0,100.57,53.962578,46.60742,0.0,88.0,0.0
2022-07-05 21:00:00,16.627268,26.066668,4.45,2.5857992,1.8642006,0.0,83.0,0.0
2022-07-05 22:00:00,16.53727,0.0,0.0,0.0,0.0,0.0,82.0,0.0
2022-07-05 23:00:00,16.77727,0.0,0.0,0.0,0.0,0.0,78.0,0.0
2022-07-06 00:00:00,16.77727,0.0,0.0,0.0,0.0,0.0,69.0,0.0
2022-07-06 01:00:00,16.587269,0.0,0.0,0.0,0.0,0.0,64.0,0.0
2022-07-06 02:00:00,16.46727,0.0,0.0,0.0,0.0,0.0,62.0,0.0
2022-07-06 03:00:00,16.30727,0.0,0.0,0.0,0.0,0.0,60.0,49.0
2022-07-06 04:00:00,16.35727,0.0,0.0,0.0,0.0,0.0,59.0,55.0
2022-07-06 05:00:00,16.18727,8.814894,2.67,1.9684925,0.7015075,0.0,60.0,58.0
2022-07-06 06:00:00,17.43727,45.95745,97.01,51.90884,45.101162,0.0,67.0,22.0
2022-07-06 07:00:00,17.747269,60.0,251.87,142.20287,109.66713,0.0,69.0,0.0
2022-07-06 08:00:00,18.60727,60.0,404.06,240.0686,163.9914,0.0,67.0,0.0
2022-07-06 09:00:00,19.35727,60.0,554.47,344.7313,209.73868,0.0,69.0,0.0
2022-07-06 10:00:00,20.01727,60.0,686.19,442.9208,243.2692,0.0,69.0,0.0
2022-07-06 11:00:00,20.797268,60.0,784.08997,520.4503,263.63965,0.0,68.0,0.0
2022-07-06 12:00:00,21.297268,60.0,847.27997,572.2019,275.07803,0.0,65.0,0.0
2022-07-06 13:00:00,20.77727,60.0,872.2,592.588,279.61203,0.0,71.0,0.0
2022-07-06 14:00:00,21.01727,60.0,850.83997,574.9275,275.91245,0.0,67.0,0.0
2022-07-06 15:00:00,21.44727,60.0,789.43,524.5691,264.86093,0.0,62.0,0.0
2022-07-06 16:00:00,21.227268,60.0,690.64,446.49976,244.14026,0.0,63.0,0.0
2022-07-06 17:00:00,20.827269,60.0,563.37,350.96466,212.40535,0.0,64.0,0.0
2022-07-06 18:00:00,20.207268,60.0,413.85,246.45172,167.39828,0.0,66.0,0.0
2022-07-06 19:00:00,18.977268,60.0,255.43,144.56827,110.86172,0.0,71.0,0.0
2022-07-06 20:00:00,17.257269,60.0,101.46,54.422714,47.037285,0.0,72.0,0.0
2022-07-06 21:00:00,16.837269,22.891489,4.45,2.5332394,1.9167603,0.0,71.0,10.0
2022-07-06 22:00:00,16.397268,0.0,0.0,0.0,0.0,0.0,70.0,10.0
2022-07-06 23:00:00,15.67727,0.0,0.0,0.0,0.0,0.0,71.0,19.0
2022-07-07 00:00:00,14.88727,0.0,0.0,0.0,0.0,0.0,74.0,29.0
2022-07-07 01:00:00,14.79727,0.0,0.0,0.0,0.0,0.0,75.0,0.0
2022-07-07 02:00:00,14.25727,0.0,0.0,0.0,0.0,0.0,78.0,0.0
2022-07-07 03:00:00,13.45727,0.0,0.0,0.0,0.0,0.0,81.0,6.3
2022-07-07 04:00:00,13.3672695,0.0,0.0,0.0,0.0,0.0,79.0,28.2
2022-07-07 05:00:00,13.54727,20.616756,2.67,2.152885,0.5171152,0.0,77.0,6.9
2022-07-07 06:00:00,14.9072695,60.0,92.56,49.497284,43.062714,0.0,74.0,0.0
2022-07-07 07:00:00,16.157269,60.0,240.3,135.59639,104.70361,0.0,74.0,0.0
2022-07-07 08:00:00,17.11727,60.0,399.61,237.31143,162.29855,0.0,73.0,0.0
2022-07-07 09:00:00,17.907269,45.95745,551.8,342.931,208.86899,0.0,72.0,22.0
2022-07-07 10:00:00,19.127268,60.0,674.62,435.30206,239.31795,0.0,66.0,0.0
2022-07-07 11:00:00,20.02727,0.0,777.86,516.16534,261.69464,0.0,59.0,100.0
2022-07-07 12:00:00,18.417269,0.0,469.91998,198.18796,271.73203,0.0,63.0,100.0
2022-07-07 13:00:00,17.637268,0.0,554.47,310.8037,243.66626,0.0,73.0,100.0
2022-07-07 14:00:00,18.507269,0.0,453.9,174.80518,279.09482,0.0,69.0,100.0
2022-07-07 15:00:00,19.69727,60.0,401.38998,144.54666,256.84332,0.0,65.0,0.0
2022-07-07 16:00:00,20.10727,60.0,687.08,444.12378,242.95622,0.0,64.0,0.0
2022-07-07 17:00:00,18.647268,0.0,412.96,300.4771,112.48289,0.0,70.0,100.0
2022-07-07 18:00:00,18.827269,38.297874,385.37,229.44287,155.92712,0.0,70.0,34.0
2022-07-07 19:00:00,17.567268,48.51064,257.21,145.53812,111.67188,0.0,75.0,18.0
2022-07-07 20:00:00,16.497269,0.0,91.67,49.155674,42.514324,0.0,77.0,100.0
2022-07-07 21:00:00,15.78727,0.0,1.78,0.42665696,1.353343,0.0,78.0,100.0
2022-07-07 22:00:00,15.487269,0.0,0.0,0.0,0.0,0.0,79.0,100.0
2022-07-07 23:00:00,15.32727,0.0,0.0,0.0,0.0,0.0,82.0,100.0
2022-07-08 00:00:00,14.62727,0.0,0.0,0.0,0.0,0.0,84.0,100.0
2022-07-08 01:00:00,13.227269,0.0,0.0,0.0,0.0,0.0,90.0,100.0
2022-07-08 02:00:00,13.84727,0.0,0.0,0.0,0.0,0.0,86.0,100.0
2022-07-08 03:00:00,12.80727,0.0,0.0,0.0,0.0,0.0,93.0,100.0
2022-07-08 04:00:00,12.277269,0.0,0.0,0.0,0.0,0.0,95.0,100.0
2022-07-08 05:00:00,12.07727,0.0,0.0,0.0,0.0,0.0,96.0,100.0
2022-07-08 06:00:00,12.397269,0.0,29.369999,16.834442,12.535556,0.0,94.0,100.0
2022-07-08 07:00:00,13.04727,0.0,124.6,84.94193,39.658066,0.0,92.0,100.0
2022-07-08 08:00:00,13.55727,58.723404,313.28,204.3703,108.9097,0.0,90.0,2.0
2022-07-08 09:00:00,14.317269,58.085106,558.02997,346.66068,211.3693,0.0,86.0,3.0
2022-07-08 10:00:00,15.20727,60.0,693.31,447.20673,246.10329,0.0,79.0,0.0
2022-07-08 11:00:00,15.91727,60.0,797.44,529.00415,268.43588,0.0,72.0,0.0
2022-07-08 12:00:00,16.68727,60.0,865.97,584.5392,281.43082,0.0,63.0,0.0
2022-07-08 13:00:00,17.69727,60.0,889.11,603.827,285.28293,0.0,65.0,0.0
2022-07-08 14:00:00,18.577269,60.0,867.75,586.1415,281.60852,0.0,64.0,0.0
2022-07-08 15:00:00,18.77727,60.0,804.56,534.44336,270.1166,0.0,63.0,0.0
2022-07-08 16:00:00,18.177269,60.0,701.32,453.2522,248.06783,0.0,62.0,0.0
2022-07-08 17:00:00,17.987268,60.0,571.38,355.8249,215.55513,0.0,61.0,0.0
2022-07-08 18:00:00,17.61727,60.0,419.19,249.5257,169.6643,0.0,61.0,0.0
2022-07-08 19:00:00,16.84727,60.0,257.21,145.5005,111.70949,0.0,65.0,0.0
2022-07-08 20:00:00,15.397269,60.0,101.46,54.387913,47.072086,0.0,65.0,0.0
2022-07-08 21:00:00,14.62727,24.716667,3.56,3.2763164,0.28368348,0.0,62.0,0.0
2022-07-08 22:00:00,14.357269,0.0,0.0,0.0,0.0,0.0,63.0,0.0
2022-07-08 23:00:00,13.92727,0.0,0.0,0.0,0.0,0.0,60.0,0.0
2022-07-09 00:00:00,13.727269,0.0,0.0,0.0,0.0,0.0,60.0,0.0
2022-07-09 01:00:00,13.80727,0.0,0.0,0.0,0.0,0.0,57.0,0.0
2022-07-09 02:00:00,12.96727,0.0,0.0,0.0,0.0,0.0,57.0,0.0
2022-07-09 03:00:00,11.977269,0.0,0.0,0.0,0.0,0.0,58.0,0.0
2022-07-09 04:00:00,11.3672695,0.0,0.0,0.0,0.0,0.0,57.0,0.0
2022-07-09 05:00:00,11.687269,20.7,1.78,0.91031414,0.8696858,0.0,53.0,0.0
2022-07-09 06:00:00,12.88727,60.0,89.0,47.535004,41.464996,0.0,53.0,0.0
2022-07-09 07:00:00,14.70727,60.0,243.86,137.4544,106.405594,0.0,59.0,0.0
2022-07-09 08:00:00,16.35727,60.0,404.94998,240.25262,164.69736,0.0,50.0,0.0
2022-07-09 09:00:00,17.627268,58.468086,558.92,347.07092,211.84904,0.0,45.0,2.4
2022-07-09 10:00:00,18.707268,58.276596,686.19,442.46014,243.72986,0.0,44.0,2.7
2022-07-09 11:00:00,19.577269,56.170216,781.42,518.22534,263.1946,0.0,47.0,6.0
2022-07-09 12:00:00,20.337269,55.595745,843.72,569.38055,274.33942,0.0,48.0,6.9
2022-07-09 13:00:00,20.227268,57.31915,858.85,585.2981,273.5519,0.0,60.0,4.2000003
2022-07-09 14:00:00,20.647268,57.70213,840.16,567.86536,272.29465,0.0,60.0,3.6000001
2022-07-09 15:00:00,20.967268,59.04255,781.42,518.98096,262.43903,0.0,60.0,1.5
2022-07-09 16:00:00,20.927269,60.0,691.52997,446.84424,244.68575,0.0,59.0,0.0
2022-07-09 17:00:00,20.757269,59.808514,565.14996,351.87408,213.27588,0.0,60.0,0.3
2022-07-09 18:00:00,20.457268,60.0,416.52,247.87679,168.6432,0.0,62.0,0.0
2022-07-09 19:00:00,19.317268,54.82979,264.33,149.48386,114.84612,0.0,68.0,8.1
2022-07-09 20:00:00,17.387268,60.0,109.47,58.66,50.81,0.0,67.0,0.0
2022-07-09 21:00:00,17.337269,23.736595,3.56,2.2182863,1.3417137,0.0,60.0,1.8000001
2022-07-09 22:00:00,17.01727,0.0,0.0,0.0,0.0,0.0,53.0,3.9
2022-07-09 23:00:00,16.507269,0.0,0.0,0.0,0.0,0.0,48.0,6.3
2022-07-10 00:00:00,16.30727,0.0,0.0,0.0,0.0,0.0,46.0,3.6000001
2022-07-10 01:00:00,16.227268,0.0,0.0,0.0,0.0,0.0,44.0,6.9
2022-07-10 02:00:00,16.51727,0.0,0.0,0.0,0.0,0.0,40.0,10.0
2022-07-10 03:00:00,16.21727,0.0,0.0,0.0,0.0,0.0,39.0,2.4
2022-07-10 04:00:00,16.227268,0.0,0.0,0.0,0.0,0.0,40.0,3.6000001
2022-07-10 05:00:00,15.84727,17.70851,1.78,1.0398588,0.74014115,0.0,43.0,10.0
2022-07-10 06:00:00,15.83727,53.61702,67.64,36.10149,31.53851,0.0,51.0,10.0
2022-07-10 07:00:00,16.86727,0.0,154.86,100.94458,53.915424,0.0,66.0,100.0
2022-07-10 08:00:00,17.387268,60.0,323.96,205.04776,118.91223,0.0,73.0,0.0
2022-07-10 09:00:00,17.717268,3.8297868,520.64996,323.1555,197.49448,0.0,72.0,88.0
2022-07-10 10:00:00,16.007269,0.0,476.15,354.0944,122.055595,0.0,79.0,100.0
2022-07-10 11:00:00,16.807268,0.0,540.23,371.9232,168.3068,0.0,78.0,100.0
2022-07-10 12:00:00,17.997269,60.0,819.69,561.18915,258.50085,0.0,75.0,0.0
2022-07-10 13:00:00,19.577269,53.61702,815.24,574.9874,240.25253,0.0,75.0,10.0
2022-07-10 14:00:00,19.817268,60.0,840.16,567.2556,272.90436,0.0,74.0,0.0
2022-07-10 15:00:00,19.76727,60.0,783.2,520.0321,263.16788,0.0,71.0,0.0
2022-07-10 16:00:00,19.77727,60.0,684.41,442.126,242.28397,0.0,67.0,0.0
2022-07-10 17:00:00,19.497269,60.0,557.14,346.78406,210.35596,0.0,66.0,0.0
2022-07-10 18:00:00,19.047268,60.0,407.62,242.49664,165.12335,0.0,67.0,0.0
2022-07-10 19:00:00,18.127268,58.085106,251.87,142.37906,109.49093,0.0,70.0,3.0
2022-07-10 20:00:00,16.94727,0.0,64.97,34.79737,30.17263,0.0,71.0,100.0
2022-07-10 21:00:00,16.44727,0.0,1.78,0.55687666,1.2231233,0.0,69.0,100.0
2022-07-10 22:00:00,15.567269,0.0,0.0,0.0,0.0,0.0,74.0,100.0
2022-07-10 23:00:00,14.32727,0.0,0.0,0.0,0.0,0.0,79.0,6.0
2022-07-11 00:00:00,13.777269,0.0,0.0,0.0,0.0,0.0,81.0,0.0
2022-07-11 01:00:00,13.51727,0.0,0.0,0.0,0.0,0.0,82.0,0.0
2022-07-11 02:00:00,13.66727,0.0,0.0,0.0,0.0,0.0,81.0,0.0
2022-07-11 03:00:00,12.99727,0.0,0.0,0.0,0.0,0.0,83.0,0.90000004
2022-07-11 04:00:00,11.8672695,0.0,0.0,0.0,0.0,0.0,88.0,9.3
2022-07-11 05:00:00,11.29727,14.014149,0.89,0.12035984,0.76964015,0.0,88.0,24.300001
2022-07-11 06:00:00,12.6172695,45.95745,91.67,48.891376,42.77862,0.0,81.0,22.0
2022-07-11 07:00:00,14.92727,60.0,242.97,136.78004,106.18996,0.0,74.0,0.0
2022-07-11 08:00:00,16.157269,60.0,396.05,234.71414,161.33585,0.0,67.0,0.0
2022-07-11 09:00:00,17.477268,60.0,548.24,340.11682,208.12318,0.0,66.0,0.0
2022-07-11 10:00:00,18.657269,60.0,680.85,438.66092,242.18906,0.0,68.0,0.0
2022-07-11 11:00:00,19.86727,60.0,781.42,517.86426,263.5557,0.0,67.0,0.0
2022-07-11 12:00:00,20.817268,60.0,846.39,570.83545,275.55453,0.0,65.0,0.0
2022-07-11 13:00:00,21.007269,60.0,869.52997,590.0846,279.44537,0.0,66.0,0.0
2022-07-11 14:00:00,21.407269,60.0,849.95,573.7189,276.2311,0.0,65.0,0.0
2022-07-11 15:00:00,21.377268,60.0,787.64996,522.8544,264.79556,0.0,68.0,0.0
2022-07-11 16:00:00,20.997269,60.0,687.97,444.30713,243.66286,0.0,69.0,0.0
2022-07-11 17:00:00,20.51727,60.0,559.81,348.3423,211.46771,0.0,70.0,0.0
2022-07-11 18:00:00,19.76727,60.0,409.4,243.47142,165.92857,0.0,72.0,0.0
2022-07-11 19:00:00,18.927269,60.0,250.98,141.81769,109.16231,0.0,72.0,0.0
2022-07-11 20:00:00,17.637268,60.0,97.01,51.932182,45.07782,0.0,70.0,0.0
2022-07-11 21:00:00,17.337269,22.063902,2.67,1.9284364,0.7415637,0.0,67.0,3.3000002
2022-07-11 22:00:00,16.927269,0.0,0.0,0.0,0.0,0.0,66.0,0.90000004
2022-07-11 23:00:00,16.497269,0.0,0.0,0.0,0.0,0.0,68.0,0.0
2022-07-12 00:00:00,16.26727,0.0,0.0,0.0,0.0,0.0,68.0,0.0
2022-07-12 01:00:00,15.87727,0.0,0.0,0.0,0.0,0.0,67.0,5.1000004
2022-07-12 02:00:00,15.727269,0.0,0.0,0.0,0.0,0.0,66.0,20.1
2022-07-12 03:00:00,15.00727,0.0,0.0,0.0,0.0,0.0,67.0,19.800001
2022-07-12 04:00:00,15.027269,0.0,0.0,0.0,0.0,0.0,65.0,79.0
2022-07-12 05:00:00,14.227269,5.7446814,0.89,0.16683131,0.7231687,0.0,67.0,64.0
2022-07-12 06:00:00,16.18727,60.0,86.33,46.009747,40.320255,0.0,69.0,0.0
2022-07-12 07:00:00,17.377268,60.0,242.08,136.19124,105.88876,0.0,63.0,0.0
2022-07-12 08:00:00,18.34727,60.0,394.27,233.5285,160.74149,0.0,60.0,0.0
2022-07-12 09:00:00,19.43727,59.04255,547.35,339.40134,207.94864,0.0,58.0,1.5
2022-07-12 10:00:00,20.36727,55.97872,676.39996,435.6145,240.78545,0.0,61.0,6.3
2022-07-12 11:00:00,21.28727,60.0,774.3,512.96454,261.33545,0.0,63.0,0.0
2022-07-12 12:00:00,21.987268,60.0,847.27997,571.26013,276.01987,0.0,67.0,0.0
2022-07-12 13:00:00,22.167269,60.0,872.2,591.73376,280.46628,0.0,69.0,0.0
2022-07-12 14:00:00,22.317268,60.0,850.83997,574.1719,276.66806,0.0,69.0,0.0
2022-07-12 15:00:00,22.297268,60.0,791.20996,525.08386,266.12607,0.0,67.0,0.0
2022-07-12 16:00:00,21.957268,60.0,692.42,447.06116,245.35881,0.0,63.0,0.0
2022-07-12 17:00:00,21.707268,60.0,564.26,351.00653,213.25348,0.0,60.0,0.0
2022-07-12 18:00:00,21.147268,60.0,412.96,245.50354,167.45645,0.0,60.0,0.0
2022-07-12 19:00:00,20.18727,59.61702,256.32,144.77554,111.544464,0.0,65.0,0.6
2022-07-12 20:00:00,18.51727,56.170216,107.689995,57.62114,50.068855,0.0,60.0,6.0
2022-07-12 21:00:00,18.057268,15.62257,3.56,2.0140505,1.5459496,0.0,54.0,27.900002
2022-07-12 22:00:00,17.61727,0.0,0.0,0.0,0.0,0.0,51.0,4.8
2022-07-12 23:00:00,17.987268,0.0,0.0,0.0,0.0,0.0,45.0,0.90000004
2022-07-13 00:00:00,17.247269,0.0,0.0,0.0,0.0,0.0,46.0,0.0
2022-07-13 01:00:00,17.09727,0.0,0.0,0.0,0.0,0.0,43.0,1.5
2022-07-13 02:00:00,17.28727,0.0,0.0,0.0,0.0,0.0,38.0,0.0
2022-07-13 03:00:00,15.75727,0.0,0.0,0.0,0.0,0.0,43.0,0.0
2022-07-13 04:00:00,15.107269,0.0,0.0,0.0,0.0,0.0,44.0,0.0
2022-07-13 05:00:00,14.58727,17.083334,0.89,0.22209054,0.66790944,0.0,41.0,0.0
2022-07-13 06:00:00,15.74727,60.0,85.44,45.502163,39.93784,0.0,47.0,0.0
2022-07-13 07:00:00,17.917269,60.0,235.84999,132.60071,103.24928,0.0,53.0,0.0
2022-07-13 08:00:00,19.497269,60.0,397.83,235.50494,162.32504,0.0,54.0,0.0
2022-07-13 09:00:00,20.897268,60.0,550.91,341.444,209.46597,0.0,48.0,0.0
2022-07-13 10:00:00,22.077269,60.0,684.41,440.59113,243.81886,0.0,47.0,0.0
2022-07-13 11:00:00,23.26727,60.0,786.76,521.0343,265.7257,0.0,43.0,0.0
2022-07-13 12:00:00,24.127268,60.0,853.51,575.28284,278.2272,0.0,42.0,0.0
2022-07-13 13:00:00,23.577269,60.0,871.31,590.96643,280.34357,0.0,54.0,0.0
2022-07-13 14:00:00,24.557268,60.0,849.95,573.423,276.52704,0.0,51.0,0.0
2022-07-13 15:00:00,25.067268,60.0,785.87,521.4066,264.4634,0.0,50.0,0.0
2022-07-13 16:00:00,25.057268,60.0,684.41,441.77057,242.6394,0.0,52.0,0.0
2022-07-13 17:00:00,24.637268,60.0,554.47,344.8132,209.65677,0.0,55.0,0.0
2022-07-13 18:00:00,23.737268,52.97872,408.50998,242.77376,165.73622,0.0,60.0,11.0
2022-07-13 19:00:00,22.44727,0.0,211.81999,119.59164,92.228355,0.0,65.0,100.0
2022-07-13 20:00:00,21.797268,0.0,62.3,33.31815,28.98185,0.0,66.0,100.0
2022-07-13 21:00:00,21.757269,0.0,1.78,0.7555113,1.0244887,0.0,61.0,100.0
2022-07-13 22:00:00,21.487268,0.0,0.0,0.0,0.0,0.0,57.0,13.0
2022-07-13 23:00:00,21.547268,0.0,0.0,0.0,0.0,0.0,48.0,13.0
2022-07-14 00:00:00,22.327269,0.0,0.0,0.0,0.0,0.0,38.0,100.0
2022-07-14 01:00:00,22.567268,0.0,0.0,0.0,0.0,0.0,35.0,100.0
2022-07-14 02:00:00,22.167269,0.0,0.0,0.0,0.0,0.0,36.0,100.0
2022-07-14 03:00:00,22.387268,0.0,0.0,0.0,0.0,0.0,36.0,100.0
2022-07-14 04:00:00,22.387268,0.0,0.0,0.0,0.0,0.0,38.0,100.0
2022-07-14 05:00:00,21.84727,7.2234044,0.0,0.0,0.0,0.0,37.0,52.0
2022-07-14 06:00:00,22.417269,0.0,40.94,22.791136,18.148863,0.0,41.0,100.0
2022-07-14 07:00:00,22.757269,0.0,185.12,104.01179,81.10821,0.0,52.0,100.0
2022-07-14 08:00:00,23.02727,0.0,91.67,3.8619232,87.808075,0.0,51.0,100.0
2022-07-14 09:00:00,25.387268,54.063828,515.31,319.22528,196.08472,0.0,50.0,9.3
2022-07-14 10:00:00,25.337269,56.55319,663.05,426.66364,236.38635,0.0,50.0,5.4
2022-07-14 11:00:00,27.237268,54.893616,759.17,503.36612,255.80386,0.0,48.0,8.0
2022-07-14 12:00:00,27.52727,60.0,833.93,561.911,272.019,0.0,48.0,0.0
2022-07-14 13:00:00,27.51727,60.0,861.51996,584.1638,277.35614,0.0,46.0,0.0
2022-07-14 14:00:00,28.127268,60.0,841.05,567.2693,273.78067,0.0,46.0,0.0
2022-07-14 15:00:00,28.657269,56.93617,768.95996,510.0525,258.90747,0.0,46.0,4.8
2022-07-14 16:00:00,29.137268,59.425533,668.39,431.30826,237.08176,0.0,46.0,0.90000004
2022-07-14 17:00:00,28.657269,60.0,552.69,343.59662,209.09337,0.0,46.0,0.0
2022-07-14 18:00:00,27.657269,59.234043,411.18,244.26892,166.91107,0.0,50.0,1.2
2022-07-14 19:00:00,27.27727,60.0,244.75,138.1215,106.628494,0.0,56.0,0.0
2022-07-14 20:00:00,25.28727,60.0,88.11,47.095875,41.014126,0.0,51.0,0.0
2022-07-14 21:00:00,24.03727,20.85,1.78,0.84301174,0.93698823,0.0,48.0,0.0
2022-07-14 22:00:00,24.237268,0.0,0.0,0.0,0.0,0.0,39.0,0.0
2022-07-14 23:00:00,24.757269,0.0,0.0,0.0,0.0,0.0,36.0,0.0
2022-07-15 00:00:00,21.547268,0.0,0.0,0.0,0.0,0.0,45.0,0.0
2022-07-15 01:00:00,19.047268,0.0,0.0,0.0,0.0,0.0,59.0,0.0
2022-07-15 02:00:00,17.76727,0.0,0.0,0.0,0.0,0.0,75.0,0.0
2022-07-15 03:00:00,17.27727,0.0,0.0,0.0,0.0,0.0,75.0,0.0
2022-07-15 04:00:00,15.687269,0.0,0.0,0.0,0.0,0.0,85.0,0.0
2022-07-15 05:00:00,15.17727,15.183333,0.0,0.0,0.0,0.0,86.0,0.0
2022-07-15 06:00:00,16.10727,60.0,73.869995,39.280125,34.58987,0.0,83.0,0.0
2022-07-15 07:00:00,17.27727,60.0,224.28,125.92512,98.35488,0.0,76.0,0.0
2022-07-15 08:00:00,18.627268,60.0,382.69998,226.28142,156.41856,0.0,74.0,0.0
2022-07-15 09:00:00,19.887268,60.0,533.11,330.0759,203.03409,0.0,71.0,0.0
2022-07-15 10:00:00,21.10727,60.0,665.72,428.18372,237.53624,0.0,69.0,0.0
2022-07-15 11:00:00,22.087269,60.0,768.07,508.26956,259.80045,0.0,67.0,0.0
2022-07-15 12:00:00,22.797268,60.0,834.82,562.30585,272.51416,0.0,66.0,0.0
2022-07-15 13:00:00,23.03727,60.0,854.39996,580.2898,274.11017,0.0,73.0,0.0
2022-07-15 14:00:00,22.967268,60.0,835.70996,563.48096,272.22897,0.0,73.0,0.0
2022-07-15 15:00:00,22.877268,60.0,775.19,514.01,261.18,0.0,69.0,0.0
2022-07-15 16:00:00,23.10727,60.0,676.39996,436.31653,240.08342,0.0,63.0,0.0
2022-07-15 17:00:00,23.03727,60.0,549.13,341.24207,207.88794,0.0,64.0,0.0
2022-07-15 18:00:00,22.61727,60.0,399.61,237.28171,162.32828,0.0,66.0,0.0
2022-07-15 19:00:00,21.44727,60.0,242.08,136.53784,105.54216,0.0,72.0,0.0
2022-07-15 20:00:00,19.467268,60.0,89.0,47.540134,41.459866,0.0,75.0,0.0
2022-07-15 21:00:00,18.917269,19.983334,1.78,0.9606527,0.81934726,0.0,73.0,0.0
2022-07-15 22:00:00,18.52727,0.0,0.0,0.0,0.0,0.0,72.0,0.0
2022-07-15 23:00:00,18.057268,0.0,0.0,0.0,0.0,0.0,72.0,0.0
2022-07-16 00:00:00,16.907269,0.0,0.0,0.0,0.0,0.0,77.0,0.0
2022-07-16 01:00:00,15.9072695,0.0,0.0,0.0,0.0,0.0,82.0,0.0
2022-07-16 02:00:00,15.82727,0.0,0.0,0.0,0.0,0.0,82.0,0.0
2022-07-16 03:00:00,14.4072695,0.0,0.0,0.0,0.0,0.0,87.0,0.0
2022-07-16 04:00:00,13.91727,0.0,0.0,0.0,0.0,0.0,82.0,0.0
2022-07-16 05:00:00,12.937269,14.15,0.0,0.0,0.0,0.0,82.0,0.0
2022-07-16 06:00:00,14.477269,60.0,72.09,38.30176,33.788235,0.0,77.0,0.0
2022-07-16 07:00:00,16.147268,60.0,224.28,125.833305,98.44669,0.0,72.0,0.0
2022-07-16 08:00:00,17.917269,60.0,383.59,226.66435,156.92564,0.0,69.0,0.0
2022-07-16 09:00:00,19.227268,60.0,536.67,332.09906,204.57092,0.0,69.0,0.0
2022-07-16 10:00:00,20.297268,60.0,669.27997,430.2708,239.00914,0.0,66.0,0.0
2022-07-16 11:00:00,21.147268,60.0,770.74,509.82645,260.91354,0.0,66.0,0.0
2022-07-16 12:00:00,21.837269,60.0,837.49,563.8963,273.5937,0.0,66.0,0.0
2022-07-16 13:00:00,22.457268,60.0,860.63,583.1623,277.4677,0.0,68.0,0.0
2022-07-16 14:00:00,22.897268,60.0,841.94,567.49243,274.44757,0.0,66.0,0.0
2022-07-16 15:00:00,23.09727,60.0,781.42,517.96375,263.45624,0.0,65.0,0.0
2022-07-16 16:00:00,22.827269,60.0,681.74,439.59875,242.14124,0.0,65.0,0.0
2022-07-16 17:00:00,22.34727,60.0,553.58,343.86444,209.71559,0.0,65.0,0.0
2022-07-16 18:00:00,21.747269,60.0,403.16998,239.28049,163.8895,0.0,65.0,0.0
2022-07-16 19:00:00,20.84727,60.0,242.97,136.96257,106.00743,0.0,69.0,0.0
2022-07-16 20:00:00,19.26727,60.0,89.0,47.50868,41.49132,0.0,69.0,0.0
2022-07-16 21:00:00,18.877268,19.133333,1.78,1.0947223,0.6852777,0.0,65.0,0.0
2022-07-16 22:00:00,18.10727,0.0,0.0,0.0,0.0,0.0,68.0,0.0
2022-07-16 23:00:00,17.477268,0.0,0.0,0.0,0.0,0.0,70.0,0.0
2022-07-17 00:00:00,16.977268,0.0,0.0,0.0,0.0,0.0,72.0,0.0
2022-07-17 01:00:00,16.46727,0.0,0.0,0.0,0.0,0.0,73.0,0.0
2022-07-17 02:00:00,14.84727,0.0,0.0,0.0,0.0,0.0,78.0,0.0
2022-07-17 03:00:00,14.527269,0.0,0.0,0.0,0.0,0.0,74.0,0.0
2022-07-17 04:00:00,13.777269,0.0,0.0,0.0,0.0,0.0,75.0,0.0
2022-07-17 05:00:00,13.24727,13.133333,0.0,0.0,0.0,0.0,75.0,0.0
2022-07-17 06:00:00,14.55727,60.0,71.2,37.797417,33.40258,0.0,73.0,0.0
2022-07-17 07:00:00,16.69727,60.0,225.17,126.240364,98.929634,0.0,68.0,0.0
2022-07-17 08:00:00,18.467268,60.0,386.25998,228.09741,158.16257,0.0,64.0,0.0
2022-07-17 09:00:00,19.807268,60.0,540.23,334.11926,206.11073,0.0,61.0,0.0
2022-07-17 10:00:00,20.997269,60.0,673.73,432.92688,240.80309,0.0,62.0,0.0
2022-07-17 11:00:00,22.10727,60.0,774.3,511.9693,262.3307,0.0,64.0,0.0
2022-07-17 12:00:00,23.257269,60.0,839.26996,564.88525,274.3847,0.0,64.0,0.0
2022-07-17 13:00:00,23.27727,60.0,860.63,582.9614,277.6686,0.0,66.0,0.0
2022-07-17 14:00:00,24.147268,60.0,841.05,566.7024,274.34756,0.0,64.0,0.0
2022-07-17 15:00:00,24.34727,60.0,779.64,516.6061,263.03397,0.0,63.0,0.0
2022-07-17 16:00:00,24.01727,60.0,679.95996,438.2882,241.67177,0.0,64.0,0.0
2022-07-17 17:00:00,23.52727,60.0,550.91,342.0631,208.84685,0.0,64.0,0.0
2022-07-17 18:00:00,22.877268,60.0,400.5,237.58131,162.91869,0.0,67.0,0.0
2022-07-17 19:00:00,22.057268,60.0,241.19,135.88243,105.30757,0.0,68.0,0.0
2022-07-17 20:00:00,20.587269,60.0,87.22,46.527668,40.692333,0.0,65.0,0.0
2022-07-17 21:00:00,20.227268,18.283333,0.89,0.13325906,0.7567409,0.0,62.0,0.0
2022-07-17 22:00:00,19.77727,0.0,0.0,0.0,0.0,0.0,62.0,0.0
2022-07-17 23:00:00,19.417269,0.0,0.0,0.0,0.0,0.0,62.0,0.0
2022-07-18 00:00:00,19.02727,0.0,0.0,0.0,0.0,0.0,63.0,0.0
2022-07-18 01:00:00,18.207268,0.0,0.0,0.0,0.0,0.0,66.0,4.5
2022-07-18 02:00:00,16.36727,0.0,0.0,0.0,0.0,0.0,73.0,6.3
2022-07-18 03:00:00,16.477268,0.0,0.0,0.0,0.0,0.0,72.0,0.3
2022-07-18 04:00:00,16.52727,0.0,0.0,0.0,0.0,0.0,72.0,0.0
2022-07-18 05:00:00,15.937269,12.1,0.0,0.0,0.0,0.0,74.0,0.0
2022-07-18 06:00:00,18.337269,60.0,69.42,36.821774,32.598225,0.0,75.0,0.0
2022-07-18 07:00:00,19.02727,60.0,222.5,124.65214,97.84786,0.0,70.0,0.0
2022-07-18 08:00:00,20.817268,60.0,384.47998,226.90202,157.57796,0.0,61.0,0.0
2022-07-18 09:00:00,22.087269,60.0,538.45,332.83566,205.61435,0.0,54.0,0.0
2022-07-18 10:00:00,23.10727,60.0,672.83997,432.14966,240.69032,0.0,51.0,0.0
2022-07-18 11:00:00,24.03727,60.0,776.08,512.9328,263.14722,0.0,51.0,0.0
2022-07-18 12:00:00,25.047268,60.0,842.82996,567.0697,275.76022,0.0,52.0,0.0
2022-07-18 13:00:00,26.377268,60.0,865.07996,585.77246,279.30746,0.0,49.0,0.0
2022-07-18 14:00:00,26.827269,60.0,845.5,569.50854,275.99146,0.0,49.0,0.0
2022-07-18 15:00:00,26.987268,60.0,782.31,518.1958,264.11417,0.0,49.0,0.0
2022-07-18 16:00:00,26.817268,60.0,680.85,438.69818,242.15178,0.0,50.0,0.0
2022-07-18 17:00:00,26.427269,60.0,550.91,341.91992,208.99004,0.0,51.0,0.0
2022-07-18 18:00:00,25.60727,60.0,400.5,237.46652,163.03348,0.0,52.0,0.0
2022-07-18 19:00:00,24.487268,60.0,241.19,135.8056,105.38441,0.0,61.0,0.0
2022-07-18 20:00:00,23.11727,60.0,86.33,46.022366,40.307636,0.0,51.0,0.0
2022-07-18 21:00:00,22.567268,17.45,0.89,0.1782533,0.7117467,0.0,48.0,0.0
2022-07-18 22:00:00,22.93727,0.0,0.0,0.0,0.0,0.0,44.0,0.0
2022-07-18 23:00:00,22.51727,0.0,0.0,0.0,0.0,0.0,44.0,0.0
2022-07-19 00:00:00,21.51727,0.0,0.0,0.0,0.0,0.0,46.0,0.0
2022-07-19 01:00:00,20.94727,0.0,0.0,0.0,0.0,0.0,47.0,0.0
2022-07-19 02:00:00,20.817268,0.0,0.0,0.0,0.0,0.0,46.0,0.0
2022-07-19 03:00:00,19.667269,0.0,0.0,0.0,0.0,0.0,50.0,0.0
2022-07-19 04:00:00,18.907269,0.0,0.0,0.0,0.0,0.0,54.0,0.0
2022-07-19 05:00:00,18.757269,11.083333,0.0,0.0,0.0,0.0,54.0,0.0
2022-07-19 06:00:00,20.27727,60.0,66.75,35.37601,31.37399,0.0,53.0,0.0
2022-07-19 07:00:00,21.477268,60.0,218.94,122.56775,96.37225,0.0,61.0,0.0
2022-07-19 08:00:00,23.387268,60.0,379.13998,223.60806,155.53192,0.0,60.0,0.0
2022-07-19 09:00:00,24.797268,60.0,533.11,329.3534,203.7566,0.0,56.0,0.0
2022-07-19 10:00:00,25.51727,60.0,667.5,428.51538,238.9846,0.0,57.0,0.0
2022-07-19 11:00:00,26.487268,60.0,769.85,508.60236,261.24762,0.0,54.0,0.0
2022-07-19 12:00:00,27.247269,60.0,833.04,560.2725,272.76746,0.0,54.0,0.0
2022-07-19 13:00:00,27.147268,60.0,851.73,576.5316,275.1984,0.0,60.0,0.0
2022-07-19 14:00:00,27.877268,60.0,833.04,560.9235,272.11646,0.0,57.0,0.0
2022-07-19 15:00:00,28.087269,60.0,770.74,510.35062,260.38937,0.0,54.0,0.0
2022-07-19 16:00:00,28.147268,60.0,668.39,430.50293,237.88708,0.0,54.0,0.0
2022-07-19 17:00:00,27.917269,60.0,539.33997,334.5918,204.74818,0.0,53.0,0.0
2022-07-19 18:00:00,27.317268,60.0,389.82,231.0155,158.8045,0.0,57.0,0.0
2022-07-19 19:00:00,26.10727,60.0,232.29,130.71512,101.574875,0.0,64.0,0.0
2022-07-19 20:00:00,25.157269,60.0,80.99,43.144768,37.84523,0.0,59.0,0.0
2022-07-19 21:00:00,24.627268,16.533333,0.89,0.2362901,0.6537099,0.0,58.0,0.0
2022-07-19 22:00:00,24.737268,0.0,0.0,0.0,0.0,0.0,59.0,0.0
2022-07-19 23:00:00,24.497269,0.0,0.0,0.0,0.0,0.0,59.0,0.0
2022-07-20 00:00:00,23.967268,0.0,0.0,0.0,0.0,0.0,58.0,0.0
2022-07-20 01:00:00,23.677269,0.0,0.0,0.0,0.0,0.0,57.0,0.0
2022-07-20 02:00:00,23.77727,0.0,0.0,0.0,0.0,0.0,54.0,0.0
2022-07-20 03:00:00,23.457268,0.0,0.0,0.0,0.0,0.0,53.0,0.0
2022-07-20 04:00:00,23.60727,0.0,0.0,0.0,0.0,0.0,50.0,0.0
2022-07-20 05:00:00,23.057268,10.0,0.0,0.0,0.0,0.0,51.0,0.0
2022-07-20 06:00:00,23.317268,53.61702,64.08,33.93036,30.149643,0.0,63.0,10.0
2022-07-20 07:00:00,24.36727,52.97872,216.26999,120.97718,95.29281,0.0,61.0,11.0
2022-07-20 08:00:00,25.747269,60.0,365.79,215.58603,150.20398,0.0,58.0,0.0
2022-07-20 09:00:00,26.707268,60.0,514.42,317.6167,196.8033,0.0,56.0,0.0
2022-07-20 10:00:00,27.377268,60.0,647.02997,415.15674,231.87325,0.0,56.0,0.0
2022-07-20 11:00:00,27.587269,60.0,747.6,495.50226,252.0977,0.0,56.0,0.0
2022-07-20 12:00:00,28.18727,60.0,812.57,551.5974,260.9726,0.0,55.0,0.0
2022-07-20 13:00:00,27.167269,47.93617,503.74,240.9285,262.8115,0.0,66.0,18.900002
2022-07-20 14:00:00,27.627268,0.0,393.38,108.47107,284.90894,0.0,68.0,100.0
2022-07-20 15:00:00,28.257269,5.1063824,720.89996,495.44098,225.45898,0.0,60.0,86.0
2022-07-20 16:00:00,26.26727,10.212765,526.88,388.25897,138.62102,0.0,68.0,78.0
2022-07-20 17:00:00,26.647268,60.0,380.03,303.44595,76.58405,0.0,64.0,0.0
2022-07-20 18:00:00,26.757269,8.297872,361.34,214.00423,147.33577,0.0,66.0,81.0
2022-07-20 19:00:00,24.877268,0.0,55.18,2.9107628,52.269238,0.0,82.0,100.0
2022-07-20 20:00:00,22.827269,0.0,18.69,6.229883,12.460117,0.0,78.0,100.0
2022-07-20 21:00:00,20.897268,0.0,0.0,0.0,0.0,0.0,80.0,100.0
2022-07-20 22:00:00,22.217268,0.0,0.0,0.0,0.0,0.0,67.0,0.0
2022-07-20 23:00:00,24.047268,0.0,0.0,0.0,0.0,0.0,57.0,0.0
2022-07-21 00:00:00,22.997269,0.0,0.0,0.0,0.0,0.0,63.0,0.0
2022-07-21 01:00:00,21.977268,0.0,0.0,0.0,0.0,0.0,63.0,10.0
2022-07-21 02:00:00,21.887268,0.0,0.0,0.0,0.0,0.0,63.0,70.0
2022-07-21 03:00:00,20.59727,0.0,0.0,0.0,0.0,0.0,67.0,10.0
2022-07-21 04:00:00,20.51727,0.0,0.0,0.0,0.0,0.0,74.0,10.0
2022-07-21 05:00:00,19.18727,8.866667,0.0,0.0,0.0,0.0,80.0,0.0
2022-07-21 06:00:00,19.807268,53.61702,57.85,30.6031,27.246899,0.0,83.0,10.0
2022-07-21 07:00:00,20.427269,0.0,198.47,110.93007,87.53993,0.0,82.0,100.0
2022-07-21 08:00:00,21.157269,33.19149,367.57,216.48264,151.08737,0.0,80.0,42.0
2022-07-21 09:00:00,21.997269,40.851067,514.42,317.42303,196.99693,0.0,76.0,30.0
2022-07-21 10:00:00,22.997269,58.085106,642.58,412.08185,230.49818,0.0,71.0,3.0
2022-07-21 11:00:00,23.707268,60.0,743.14996,493.62576,249.5242,0.0,71.0,0.0
2022-07-21 12:00:00,24.167269,60.0,816.13,551.2862,264.8438,0.0,70.0,0.0
2022-07-21 13:00:00,22.27727,60.0,842.82996,572.7832,270.04678,0.0,76.0,0.0
2022-07-21 14:00:00,22.967268,60.0,825.02997,556.0028,269.02713,0.0,73.0,0.0
2022-07-21 15:00:00,23.27727,60.0,764.51,505.78287,258.72714,0.0,72.0,0.0
2022-07-21 16:00:00,23.35727,60.0,664.83,427.79974,237.03027,0.0,71.0,0.0
2022-07-21 17:00:00,23.34727,60.0,538.45,333.67795,204.77206,0.0,70.0,0.0
2022-07-21 18:00:00,22.977268,60.0,388.93,230.20047,158.72952,0.0,72.0,0.0
2022-07-21 19:00:00,22.19727,60.0,231.4,130.0256,101.37439,0.0,75.0,0.0
2022-07-21 20:00:00,20.53727,60.0,78.32,41.65236,36.66764,0.0,76.0,0.0
2022-07-21 21:00:00,20.297268,14.45,0.0,0.0,0.0,0.0,71.0,0.0
2022-07-21 22:00:00,20.11727,0.0,0.0,0.0,0.0,0.0,72.0,0.0
2022-07-21 23:00:00,19.717268,0.0,0.0,0.0,0.0,0.0,73.0,0.0
2022-07-22 00:00:00,19.35727,0.0,0.0,0.0,0.0,0.0,74.0,0.0
2022-07-22 01:00:00,19.397268,0.0,0.0,0.0,0.0,0.0,74.0,0.0
2022-07-22 02:00:00,19.007269,0.0,0.0,0.0,0.0,0.0,76.0,0.0
2022-07-22 03:00:00,18.26727,0.0,0.0,0.0,0.0,0.0,79.0,0.0
2022-07-22 04:00:00,17.227268,0.0,0.0,0.0,0.0,0.0,85.0,0.0
2022-07-22 05:00:00,17.207268,7.75,0.0,0.0,0.0,0.0,85.0,0.0
2022-07-22 06:00:00,18.977268,60.0,58.739998,31.044992,27.695005,0.0,82.0,0.0
2022-07-22 07:00:00,20.19727,60.0,210.04,117.3013,92.73869,0.0,78.0,0.0
2022-07-22 08:00:00,21.707268,60.0,369.35,217.37743,151.97258,0.0,73.0,0.0
2022-07-22 09:00:00,22.84727,60.0,521.54,321.61945,199.92052,0.0,70.0,0.0
2022-07-22 10:00:00,23.84727,60.0,655.04,419.84738,235.1926,0.0,66.0,0.0
2022-07-22 11:00:00,24.887268,60.0,757.39,499.66092,257.7291,0.0,63.0,0.0
2022-07-22 12:00:00,25.707268,60.0,823.25,552.9662,270.2838,0.0,62.0,0.0
2022-07-22 13:00:00,26.577269,60.0,845.5,572.3131,273.1869,0.0,65.0,0.0
2022-07-22 14:00:00,26.907269,60.0,823.25,554.68335,268.56662,0.0,65.0,0.0
2022-07-22 15:00:00,27.047268,60.0,758.27997,501.43973,256.84024,0.0,64.0,0.0
2022-07-22 16:00:00,27.59727,60.0,655.04,421.29657,233.74341,0.0,63.0,0.0
2022-07-22 17:00:00,27.19727,55.97872,517.08997,320.26648,196.82349,0.0,65.0,6.3
2022-07-22 18:00:00,26.077269,54.44681,383.59,226.8975,156.69249,0.0,69.0,8.700001
2022-07-22 19:00:00,24.85727,53.872337,236.73999,132.9295,103.81049,0.0,74.0,9.6
2022-07-22 20:00:00,23.137268,40.851063,85.44,45.400703,40.0393,0.0,77.0,30.000002
2022-07-22 21:00:00,23.547268,9.134751,0.0,0.0,0.0,0.0,72.0,30.000002
2022-07-22 22:00:00,24.34727,0.0,0.0,0.0,0.0,0.0,65.0,100.0
2022-07-22 23:00:00,24.26727,0.0,0.0,0.0,0.0,0.0,53.0,100.0
2022-07-23 00:00:00,24.257269,0.0,0.0,0.0,0.0,0.0,47.0,100.0
2022-07-23 01:00:00,24.60727,0.0,0.0,0.0,0.0,0.0,49.0,100.0
2022-07-23 02:00:00,22.44727,0.0,0.0,0.0,0.0,0.0,52.0,100.0
2022-07-23 03:00:00,22.087269,0.0,0.0,0.0,0.0,0.0,51.0,2.4
2022-07-23 04:00:00,22.877268,0.0,0.0,0.0,0.0,0.0,48.0,55.0
2022-07-23 05:00:00,23.207268,3.2460992,0.0,0.0,0.0,0.0,44.0,48.0
2022-07-23 06:00:00,22.84727,40.851063,59.629997,31.499207,28.13079,0.0,59.0,30.000002
2022-07-23 07:00:00,23.217268,17.872341,181.56,101.313354,80.24664,0.0,62.0,66.0
2022-07-23 08:00:00,23.43727,0.0,144.18,43.41088,100.76911,0.0,67.0,100.0
2022-07-23 09:00:00,24.817268,6.382978,290.13998,156.22493,133.91505,0.0,70.0,84.0
2022-07-23 10:00:00,24.327269,0.0,376.47,194.60098,181.86902,0.0,68.0,100.0
2022-07-23 11:00:00,24.61727,0.0,478.82,278.19553,200.62448,0.0,61.0,100.0
2022-07-23 12:00:00,25.987268,46.595745,563.37,366.36475,197.00526,0.0,57.0,21.0
2022-07-23 13:00:00,23.507269,0.0,426.31,138.39615,287.91385,0.0,74.0,100.0
2022-07-23 14:00:00,25.067268,0.0,441.44,169.19772,272.24228,0.0,67.0,100.0
2022-07-23 15:00:00,24.577269,57.12766,673.73,480.88284,192.84714,0.0,70.0,4.5
2022-07-23 16:00:00,24.567268,37.02128,631.89996,413.18567,218.7143,0.0,69.0,36.0
2022-07-23 17:00:00,23.877268,60.0,527.77,326.70245,201.06757,0.0,71.0,0.0
2022-07-23 18:00:00,23.077269,60.0,379.13998,224.12425,155.01573,0.0,74.0,0.0
2022-07-23 19:00:00,21.877268,60.0,222.5,124.84273,97.65727,0.0,79.0,0.0
2022-07-23 20:00:00,19.09727,60.0,72.09,38.27457,33.815426,0.0,88.0,0.0
2022-07-23 21:00:00,19.35727,12.383333,0.0,0.0,0.0,0.0,83.0,0.0
2022-07-23 22:00:00,19.19727,0.0,0.0,0.0,0.0,0.0,86.0,0.0
2022-07-23 23:00:00,18.967268,0.0,0.0,0.0,0.0,0.0,83.0,0.0
2022-07-24 00:00:00,18.467268,0.0,0.0,0.0,0.0,0.0,83.0,9.0
2022-07-24 01:00:00,18.327269,0.0,0.0,0.0,0.0,0.0,85.0,13.0
2022-07-24 02:00:00,18.11727,0.0,0.0,0.0,0.0,0.0,84.0,10.200001
2022-07-24 03:00:00,17.897268,0.0,0.0,0.0,0.0,0.0,83.0,0.0
2022-07-24 04:00:00,17.877268,0.0,0.0,0.0,0.0,0.0,82.0,0.0
2022-07-24 05:00:00,17.85727,5.516667,0.0,0.0,0.0,0.0,79.0,0.0
2022-07-24 06:00:00,19.057268,60.0,54.29,28.665895,25.624105,0.0,78.0,0.0
2022-07-24 07:00:00,20.157269,59.808514,208.26,116.1174,92.14259,0.0,75.0,0.3
2022-07-24 08:00:00,21.09727,60.0,367.57,216.02318,151.54683,0.0,72.0,0.0
2022-07-24 09:00:00,21.94727,60.0,518.87,319.57904,199.29095,0.0,68.0,0.0
2022-07-24 10:00:00,22.657269,60.0,654.14996,418.82468,235.32529,0.0,67.0,0.0
2022-07-24 11:00:00,23.68727,60.0,757.39,499.17963,258.2104,0.0,66.0,0.0
2022-07-24 12:00:00,24.577269,60.0,824.14,553.0735,271.0665,0.0,66.0,0.0
2022-07-24 13:00:00,25.387268,60.0,843.72,569.9746,273.74536,0.0,65.0,0.0
2022-07-24 14:00:00,25.61727,60.0,825.02997,554.3617,270.66824,0.0,64.0,0.0
2022-07-24 15:00:00,26.01727,60.0,763.62,504.51746,259.10254,0.0,61.0,0.0
2022-07-24 16:00:00,26.02727,60.0,662.16,425.45593,236.70404,0.0,61.0,0.0
2022-07-24 17:00:00,25.897268,60.0,533.11,329.82013,203.28984,0.0,63.0,0.0
2022-07-24 18:00:00,25.51727,60.0,382.69998,226.07959,156.62039,0.0,67.0,0.0
2022-07-24 19:00:00,24.52727,60.0,223.39,125.245735,98.144264,0.0,73.0,0.0
2022-07-24 20:00:00,23.207268,60.0,71.2,37.768253,33.431744,0.0,70.0,0.0
2022-07-24 21:00:00,23.01727,11.3,0.0,0.0,0.0,0.0,70.0,0.0
2022-07-24 22:00:00,22.757269,0.0,0.0,0.0,0.0,0.0,71.0,0.0
2022-07-24 23:00:00,21.69727,0.0,0.0,0.0,0.0,0.0,77.0,0.0
2022-07-25 00:00:00,21.547268,0.0,0.0,0.0,0.0,0.0,77.0,0.0
2022-07-25 01:00:00,21.577269,0.0,0.0,0.0,0.0,0.0,71.0,0.0
2022-07-25 02:00:00,21.837269,0.0,0.0,0.0,0.0,0.0,63.0,0.0
2022-07-25 03:00:00,21.717268,0.0,0.0,0.0,0.0,0.0,58.0,0.0
2022-07-25 04:00:00,21.047268,0.0,0.0,0.0,0.0,0.0,58.0,0.0
2022-07-25 05:00:00,21.01727,4.3333335,0.0,0.0,0.0,0.0,59.0,0.0
2022-07-25 06:00:00,22.067268,60.0,52.51,27.713251,24.796747,0.0,67.0,0.0
2022-07-25 07:00:00,23.227268,60.0,201.14,112.05044,89.08956,0.0,65.0,0.0
2022-07-25 08:00:00,24.747269,60.0,360.44998,211.67908,148.7709,0.0,62.0,0.0
2022-07-25 09:00:00,26.02727,60.0,512.64,315.53424,197.10579,0.0,59.0,0.0
2022-07-25 10:00:00,27.057268,60.0,646.14,413.45544,232.68459,0.0,58.0,0.0
2022-07-25 11:00:00,28.177269,60.0,747.6,492.46695,255.13303,0.0,55.0,0.0
2022-07-25 12:00:00,29.137268,60.0,811.68,546.20984,265.47018,0.0,54.0,0.0
2022-07-25 13:00:00,29.68727,60.0,833.93,566.9239,267.0061,0.0,51.0,0.0
2022-07-25 14:00:00,30.02727,60.0,815.24,550.0125,265.22748,0.0,49.0,0.0
2022-07-25 15:00:00,27.387268,0.0,522.43,351.31183,171.11815,0.0,58.0,100.0
2022-07-25 16:00:00,29.28727,11.489361,618.55,408.4768,210.0732,0.0,53.0,76.0
2022-07-25 17:00:00,28.897268,0.0,510.86,315.84265,195.01732,0.0,54.0,100.0
2022-07-25 18:00:00,27.27727,41.042553,159.31,55.534615,103.77538,0.0,58.0,29.7
2022-07-25 19:00:00,26.377268,53.61702,116.59,85.32966,31.260338,0.0,63.0,10.0
2022-07-25 20:00:00,24.377268,35.744682,28.48,17.697594,10.782406,0.0,66.0,38.0
2022-07-25 21:00:00,23.19727,2.9985816,0.0,0.0,0.0,0.0,65.0,66.0
2022-07-25 22:00:00,22.84727,0.0,0.0,0.0,0.0,0.0,57.0,10.0
2022-07-25 23:00:00,23.087269,0.0,0.0,0.0,0.0,0.0,56.0,17.0
2022-07-26 00:00:00,22.02727,0.0,0.0,0.0,0.0,0.0,55.0,21.0
2022-07-26 01:00:00,22.157269,0.0,0.0,0.0,0.0,0.0,56.0,100.0
2022-07-26 02:00:00,21.257269,0.0,0.0,0.0,0.0,0.0,59.0,100.0
2022-07-26 03:00:00,20.11727,0.0,0.0,0.0,0.0,0.0,67.0,100.0
2022-07-26 04:00:00,18.457268,0.0,0.0,0.0,0.0,0.0,74.0,100.0
2022-07-26 05:00:00,16.60727,3.049468,0.0,0.0,0.0,0.0,78.0,3.0
2022-07-26 06:00:00,17.667269,0.0,26.699999,14.318736,12.381263,0.0,80.0,100.0
2022-07-26 07:00:00,18.237268,0.0,90.78,53.03168,37.748318,0.0,82.0,100.0
2022-07-26 08:00:00,19.147268,0.0,207.37,138.17145,69.198555,0.0,76.0,100.0
2022-07-26 09:00:00,20.78727,60.0,479.71,296.2808,183.4292,0.0,70.0,0.0
2022-07-26 10:00:00,21.487268,58.723404,643.47,411.5036,231.96638,0.0,69.0,2.0
2022-07-26 11:00:00,22.157269,60.0,746.70996,491.6171,255.09286,0.0,66.0,0.0
2022-07-26 12:00:00,22.51727,60.0,813.45996,545.3703,268.08966,0.0,65.0,0.0
2022-07-26 13:00:00,20.09727,0.0,764.51,549.376,215.13405,0.0,78.0,100.0
2022-07-26 14:00:00,21.09727,60.0,762.73,537.2676,225.46239,0.0,72.0,0.0
2022-07-26 15:00:00,21.727268,51.70213,759.17,501.03842,258.13156,0.0,69.0,13.0
2022-07-26 16:00:00,21.76727,60.0,655.93,420.95248,234.97751,0.0,69.0,0.0
2022-07-26 17:00:00,21.257269,60.0,531.33,328.27698,203.05304,0.0,69.0,0.0
2022-07-26 18:00:00,20.747269,60.0,380.91998,224.68098,156.239,0.0,70.0,0.0
2022-07-26 19:00:00,19.547268,60.0,220.72,123.528984,97.19102,0.0,75.0,0.0
2022-07-26 20:00:00,17.567268,54.893616,67.64,35.806786,31.833214,0.0,77.0,8.0
2022-07-26 21:00:00,17.547268,7.3436174,0.0,0.0,0.0,0.0,74.0,16.0
2022-07-26 22:00:00,17.487268,0.0,0.0,0.0,0.0,0.0,73.0,28.0
2022-07-26 23:00:00,17.707268,0.0,0.0,0.0,0.0,0.0,76.0,100.0
2022-07-27 00:00:00,17.207268,0.0,0.0,0.0,0.0,0.0,78.0,36.0
2022-07-27 01:00:00,16.78727,0.0,0.0,0.0,0.0,0.0,77.0,47.0
2022-07-27 02:00:00,17.387268,0.0,0.0,0.0,0.0,0.0,75.0,100.0
2022-07-27 03:00:00,16.85727,0.0,0.0,0.0,0.0,0.0,77.0,100.0
2022-07-27 04:00:00,16.647268,0.0,0.0,0.0,0.0,0.0,79.0,49.0
2022-07-27 05:00:00,16.167269,1.1824468,0.0,0.0,0.0,0.0,81.0,37.0
2022-07-27 06:00:00,16.627268,20.425533,24.92,13.826361,11.093639,0.0,81.0,62.0
2022-07-27 07:00:00,17.417269,22.340425,96.119995,63.6975,32.422497,0.0,78.0,59.0
2022-07-27 08:00:00,18.587269,30.0,208.26,141.72987,66.53012,0.0,75.0,47.0
2022-07-27 09:00:00,19.547268,30.0,509.08,312.92334,196.15663,0.0,70.0,47.0
2022-07-27 10:00:00,20.02727,18.510641,637.24,407.27725,229.96274,0.0,70.0,65.0
2022-07-27 11:00:00,20.047268,0.0,624.77997,457.88086,166.89912,0.0,71.0,100.0
2022-07-27 12:00:00,21.057268,58.723404,773.41,535.9415,237.46848,0.0,69.0,2.0
2022-07-27 13:00:00,20.477268,60.0,747.6,543.5797,204.02025,0.0,70.0,0.0
2022-07-27 14:00:00,20.827269,60.0,822.36,551.7311,270.62888,0.0,71.0,0.0
2022-07-27 15:00:00,20.877268,60.0,759.17,500.76636,258.40363,0.0,73.0,0.0
2022-07-27 16:00:00,20.827269,60.0,657.70996,421.84186,235.86809,0.0,72.0,0.0
2022-07-27 17:00:00,20.407269,54.255318,530.44,327.50522,202.93478,0.0,71.0,9.0
2022-07-27 18:00:00,19.967268,60.0,382.69998,225.55585,157.14413,0.0,74.0,0.0
2022-07-27 19:00:00,19.237268,60.0,218.05,121.92588,96.12412,0.0,76.0,0.0
2022-07-27 20:00:00,17.78727,60.0,64.97,34.358246,30.611753,0.0,78.0,0.0
2022-07-27 21:00:00,17.60727,7.65,0.0,0.0,0.0,0.0,73.0,0.0
2022-07-27 22:00:00,17.127268,0.0,0.0,0.0,0.0,0.0,73.0,0.0
2022-07-27 23:00:00,16.677269,0.0,0.0,0.0,0.0,0.0,77.0,0.0
2022-07-28 00:00:00,16.69727,0.0,0.0,0.0,0.0,0.0,77.0,0.0
2022-07-28 01:00:00,15.17727,0.0,0.0,0.0,0.0,0.0,85.0,0.0
2022-07-28 02:00:00,14.87727,0.0,0.0,0.0,0.0,0.0,88.0,0.0
2022-07-28 03:00:00,14.87727,0.0,0.0,0.0,0.0,0.0,87.0,0.0
2022-07-28 04:00:00,14.49727,0.0,0.0,0.0,0.0,0.0,89.0,0.0
2022-07-28 05:00:00,13.99727,0.5953901,0.0,0.0,0.0,0.0,91.0,21.0
2022-07-28 06:00:00,14.75727,40.212765,47.17,24.859629,22.31037,0.0,87.0,31.0
2022-07-28 07:00:00,16.147268,55.531918,196.69,109.28052,87.409485,0.0,84.0,7.0
2022-07-28 08:00:00,17.987268,60.0,358.66998,210.14798,148.522,0.0,79.0,0.0
2022-07-28 09:00:00,19.337269,60.0,512.64,314.89917,197.74083,0.0,77.0,0.0
2022-07-28 10:00:00,20.547268,60.0,647.02997,413.28708,233.74289,0.0,71.0,0.0
2022-07-28 11:00:00,21.797268,60.0,749.38,492.841,256.539,0.0,68.0,0.0
2022-07-28 12:00:00,22.927269,60.0,816.13,546.5936,269.53635,0.0,63.0,0.0
2022-07-28 13:00:00,23.36727,60.0,833.93,563.44775,270.48227,0.0,68.0,0.0
2022-07-28 14:00:00,24.177269,60.0,808.12,545.12195,262.99808,0.0,65.0,0.0
2022-07-28 15:00:00,24.667269,53.106384,742.26,491.26712,250.99289,0.0,63.0,10.8
2022-07-28 16:00:00,24.817268,0.0,592.74,399.63187,193.10812,0.0,62.0,100.0
2022-07-28 17:00:00,21.577269,0.0,108.58,3.1381073,105.441895,0.0,78.0,100.0
2022-07-28 18:00:00,20.52727,0.0,96.119995,4.6785583,91.44144,0.0,81.0,100.0
2022-07-28 19:00:00,20.627268,0.0,161.98,92.22724,69.752754,0.0,82.0,100.0
2022-07-28 20:00:00,19.967268,0.0,37.38,19.755249,17.624752,0.0,79.0,100.0
2022-07-28 21:00:00,19.577269,6.2441487,0.0,0.0,0.0,0.0,77.0,3.0
2022-07-28 22:00:00,19.86727,0.0,0.0,0.0,0.0,0.0,70.0,0.0
2022-07-28 23:00:00,19.557268,0.0,0.0,0.0,0.0,0.0,62.0,1.0
2022-07-29 00:00:00,19.157269,0.0,0.0,0.0,0.0,0.0,61.0,1.0
2022-07-29 01:00:00,19.247269,0.0,0.0,0.0,0.0,0.0,64.0,100.0
2022-07-29 02:00:00,18.237268,0.0,0.0,0.0,0.0,0.0,64.0,100.0
2022-07-29 03:00:00,18.76727,0.0,0.0,0.0,0.0,0.0,63.0,100.0
2022-07-29 04:00:00,18.657269,0.0,0.0,0.0,0.0,0.0,63.0,100.0
2022-07-29 05:00:00,18.797268,0.0,0.0,0.0,0.0,0.0,61.0,100.0
2022-07-29 06:00:00,18.93727,0.0,21.36,12.726546,8.633454,0.0,72.0,100.0
2022-07-29 07:00:00,18.717268,0.0,72.979996,31.098648,41.881348,0.0,77.0,100.0
2022-07-29 08:00:00,19.09727,0.0,145.95999,51.07939,94.8806,0.0,84.0,100.0
2022-07-29 09:00:00,20.877268,0.0,226.06,75.675934,150.38406,0.0,83.0,100.0
2022-07-29 10:00:00,22.297268,3.8297868,558.92,383.7871,175.13286,0.0,72.0,88.0
2022-07-29 11:00:00,23.957268,0.0,695.08997,475.03903,220.05093,0.0,61.0,100.0
2022-07-29 12:00:00,24.897268,0.0,689.75,510.72534,179.02466,0.0,55.0,100.0
2022-07-29 13:00:00,20.61727,0.0,171.77,3.6880798,168.08192,0.0,81.0,100.0
2022-07-29 14:00:00,19.52727,0.0,130.83,1.3503418,129.47966,0.0,85.0,100.0
2022-07-29 15:00:00,20.34727,0.0,356.0,105.27969,250.7203,0.0,76.0,100.0
2022-07-29 16:00:00,20.797268,0.0,414.74,257.54065,157.19934,0.0,73.0,100.0
2022-07-29 17:00:00,21.53727,0.0,313.28,192.8342,120.4458,0.0,70.0,100.0
2022-07-29 18:00:00,19.52727,0.0,164.65,66.55875,98.09125,0.0,83.0,100.0
2022-07-29 19:00:00,18.26727,0.0,90.78,48.225483,42.554516,0.0,89.0,100.0
2022-07-29 20:00:00,17.707268,0.0,26.699999,15.330305,11.369694,0.0,91.0,100.0
2022-07-29 21:00:00,16.757269,0.0,0.0,0.0,0.0,0.0,91.0,100.0
2022-07-29 22:00:00,15.74727,0.0,0.0,0.0,0.0,0.0,93.0,100.0
2022-07-29 23:00:00,15.607269,0.0,0.0,0.0,0.0,0.0,94.0,100.0
2022-07-30 00:00:00,15.6172695,0.0,0.0,0.0,0.0,0.0,92.0,22.0
2022-07-30 01:00:00,16.04727,0.0,0.0,0.0,0.0,0.0,86.0,100.0
2022-07-30 02:00:00,16.917269,0.0,0.0,0.0,0.0,0.0,79.0,100.0
2022-07-30 03:00:00,16.877268,0.0,0.0,0.0,0.0,0.0,75.0,100.0
2022-07-30 04:00:00,16.477268,0.0,0.0,0.0,0.0,0.0,75.0,100.0
2022-07-30 05:00:00,16.02727,0.0,0.0,0.0,0.0,0.0,76.0,100.0
2022-07-30 06:00:00,16.567268,0.0,23.14,12.638808,10.501191,0.0,78.0,100.0
2022-07-30 07:00:00,17.35727,0.0,121.04,76.77858,44.261417,0.0,79.0,100.0
2022-07-30 08:00:00,16.917269,0.0,115.7,21.517883,94.18211,0.0,81.0,100.0
2022-07-30 09:00:00,18.337269,0.0,210.93,59.79973,151.13026,0.0,79.0,100.0
2022-07-30 10:00:00,20.52727,0.0,498.4,364.93713,133.46288,0.0,66.0,100.0
2022-07-30 11:00:00,21.94727,53.61702,720.01,478.92264,241.08737,0.0,58.0,10.0
2022-07-30 12:00:00,22.26727,53.61702,761.83997,529.8827,231.9573,0.0,55.0,10.0
2022-07-30 13:00:00,22.19727,60.0,840.16,565.7814,274.37857,0.0,55.0,0.0
2022-07-30 14:00:00,21.997269,60.0,819.69,549.05115,270.63885,0.0,55.0,0.0
2022-07-30 15:00:00,21.967268,60.0,757.39,498.72617,258.66385,0.0,55.0,0.0
2022-07-30 16:00:00,21.817268,60.0,653.26,418.1834,235.07658,0.0,56.0,0.0
2022-07-30 17:00:00,21.387268,60.0,523.32,322.40726,200.91275,0.0,58.0,0.0
2022-07-30 18:00:00,20.457268,60.0,371.13,218.19255,152.93745,0.0,62.0,0.0
2022-07-30 19:00:00,18.94727,60.0,210.04,117.11133,92.928665,0.0,69.0,0.0
2022-07-30 20:00:00,17.127268,60.0,56.96,30.07154,26.888458,0.0,68.0,0.0
2022-07-30 21:00:00,18.757269,3.425532,0.0,0.0,0.0,0.0,59.0,10.0
2022-07-30 22:00:00,18.237268,0.0,0.0,0.0,0.0,0.0,56.0,30.0
2022-07-30 23:00:00,18.10727,0.0,0.0,0.0,0.0,0.0,53.0,38.0
2022-07-31 00:00:00,19.03727,0.0,0.0,0.0,0.0,0.0,52.0,100.0
2022-07-31 01:00:00,18.417269,0.0,0.0,0.0,0.0,0.0,54.0,100.0
2022-07-31 02:00:00,18.28727,0.0,0.0,0.0,0.0,0.0,53.0,100.0
2022-07-31 03:00:00,17.167269,0.0,0.0,0.0,0.0,0.0,54.0,0.90000004
2022-07-31 04:00:00,17.297268,0.0,0.0,0.0,0.0,0.0,52.0,3.3000002
2022-07-31 05:00:00,17.297268,0.0,0.0,0.0,0.0,0.0,49.0,4.8
2022-07-31 06:00:00,18.167269,50.995743,46.28,24.35455,21.92545,0.0,58.0,10.0
2022-07-31 07:00:00,19.797268,0.0,191.34999,106.01992,85.33007,0.0,61.0,100.0
2022-07-31 08:00:00,20.587269,0.0,260.77,171.26407,89.50592,0.0,68.0,100.0
2022-07-31 09:00:00,21.52727,0.0,370.24,265.25754,104.98245,0.0,59.0,100.0
2022-07-31 10:00:00,22.727268,0.0,474.37,392.132,82.238,0.0,56.0,100.0
2022-07-31 11:00:00,23.52727,60.0,716.45,476.96173,239.4883,0.0,52.0,0.0
2022-07-31 12:00:00,23.757269,60.0,797.44,536.22296,261.21704,0.0,52.0,0.0
2022-07-31 13:00:00,24.09727,60.0,832.14996,560.06946,272.0805,0.0,52.0,0.0
2022-07-31 14:00:00,24.36727,60.0,812.57,543.96106,268.60892,0.0,52.0,0.0
2022-07-31 15:00:00,24.257269,60.0,749.38,493.138,256.242,0.0,54.0,0.0
2022-07-31 16:00:00,23.957268,60.0,647.92,414.47253,233.44743,0.0,57.0,0.0
2022-07-31 17:00:00,23.507269,60.0,517.08997,318.3152,198.77478,0.0,59.0,0.0
2022-07-31 18:00:00,22.627268,60.0,365.79,214.85753,150.93248,0.0,65.0,0.0
2022-07-31 19:00:00,21.227268,60.0,205.59,114.511055,91.07894,0.0,71.0,0.0
2022-07-31 20:00:00,20.007269,60.0,54.29,28.646042,25.643959,0.0,68.0,0.0
2022-07-31 21:00:00,20.387268,2.4666667,0.0,0.0,0.0,0.0,66.0,0.0
2022-07-31 22:00:00,20.43727,0.0,0.0,0.0,0.0,0.0,63.0,0.0
2022-07-31 23:00:00,19.93727,0.0,0.0,0.0,0.0,0.0,58.0,0.0
2022-08-01 00:00:00,19.997269,0.0,0.0,0.0,0.0,0.0,54.0,0.0
2022-08-01 01:00:00,19.827269,0.0,0.0,0.0,0.0,0.0,54.0,0.0
2022-08-01 02:00:00,19.77727,0.0,0.0,0.0,0.0,0.0,52.0,0.0
2022-08-01 03:00:00,19.387268,0.0,0.0,0.0,0.0,0.0,51.0,0.0
2022-08-01 04:00:00,19.18727,0.0,0.0,0.0,0.0,0.0,51.0,0.0
2022-08-01 05:00:00,19.01727,0.0,0.0,0.0,0.0,0.0,51.0,0.0
2022-08-01 06:00:00,19.797268,55.816666,38.27,20.129128,18.140873,0.0,56.0,0.0
2022-08-01 07:00:00,20.94727,60.0,185.12,102.47095,82.64905,0.0,61.0,0.0
2022-08-01 08:00:00,22.01727,60.0,346.21,202.19264,144.01735,0.0,66.0,0.0
2022-08-01 09:00:00,23.10727,60.0,501.96,307.46506,194.49493,0.0,60.0,0.0
2022-08-01 10:00:00,24.177269,60.0,638.13,406.57037,231.55965,0.0,56.0,0.0
2022-08-01 11:00:00,24.677269,60.0,741.37,486.43893,254.93106,0.0,56.0,0.0
2022-08-01 12:00:00,25.09727,60.0,809.01,540.6237,268.3863,0.0,55.0,0.0
2022-08-01 13:00:00,24.18727,60.0,836.6,562.74243,273.8575,0.0,61.0,0.0
2022-08-01 14:00:00,24.657269,60.0,816.13,546.0194,270.11057,0.0,58.0,0.0
2022-08-01 15:00:00,24.747269,60.0,752.05,494.5781,257.4719,0.0,58.0,0.0
2022-08-01 16:00:00,24.657269,60.0,648.81,414.7475,234.06252,0.0,58.0,0.0
2022-08-01 17:00:00,23.967268,0.0,502.85,309.30133,193.54866,0.0,60.0,96.0
2022-08-01 18:00:00,23.18727,40.851063,366.68,215.18375,151.49625,0.0,64.0,30.000002
2022-08-01 19:00:00,21.897268,40.851063,207.37,115.382164,91.98783,0.0,69.0,30.000002
2022-08-01 20:00:00,20.01727,0.0,52.51,27.69142,24.818579,0.0,69.0,100.0
2022-08-01 21:00:00,20.707268,0.0,0.0,0.0,0.0,0.0,64.0,100.0
2022-08-01 22:00:00,20.677269,0.0,0.0,0.0,0.0,0.0,65.0,100.0
2022-08-01 23:00:00,19.76727,0.0,0.0,0.0,0.0,0.0,67.0,10.0
2022-08-02 00:00:00,19.297268,0.0,0.0,0.0,0.0,0.0,69.0,13.0
2022-08-02 01:00:00,19.477268,0.0,0.0,0.0,0.0,0.0,71.0,0.0
2022-08-02 02:00:00,18.807268,0.0,0.0,0.0,0.0,0.0,73.0,0.0
2022-08-02 03:00:00,18.087269,0.0,0.0,0.0,0.0,0.0,68.0,0.0
2022-08-02 04:00:00,17.44727,0.0,0.0,0.0,0.0,0.0,67.0,1.5
2022-08-02 05:00:00,17.52727,0.0,0.0,0.0,0.0,0.0,67.0,0.90000004
2022-08-02 06:00:00,18.417269,53.886528,41.829998,21.99042,19.839579,0.0,75.0,1.2
2022-08-02 07:00:00,19.85727,59.425533,193.12999,106.803276,86.32671,0.0,66.0,0.90000004
2022-08-02 08:00:00,20.907269,56.55319,350.66,204.62193,146.03807,0.0,64.0,5.4
2022-08-02 09:00:00,21.667269,60.0,497.50998,304.51715,192.99281,0.0,61.0,0.0
2022-08-02 10:00:00,22.51727,60.0,631.89996,402.33777,229.5622,0.0,60.0,0.0
2022-08-02 11:00:00,23.317268,60.0,736.02997,482.64362,253.38637,0.0,59.0,0.0
2022-08-02 12:00:00,23.907269,60.0,803.67,536.7446,266.92532,0.0,59.0,0.0
2022-08-02 13:00:00,23.657269,58.468086,819.69,554.2368,265.45322,0.0,63.0,2.4
2022-08-02 14:00:00,24.207268,58.851063,799.22,536.78815,262.43182,0.0,60.0,1.8000001
2022-08-02 15:00:00,24.477268,58.468086,738.7,485.48526,253.21475,0.0,59.0,2.4
2022-08-02 16:00:00,24.547268,60.0,646.14,412.7459,233.39412,0.0,59.0,0.0
2022-08-02 17:00:00,24.147268,60.0,517.98,318.35138,199.6286,0.0,62.0,0.0
2022-08-02 18:00:00,23.717268,60.0,364.00998,213.42119,150.58879,0.0,64.0,0.0
2022-08-02 19:00:00,22.51727,59.234043,210.04,116.74569,93.294304,0.0,72.0,1.2
2022-08-02 20:00:00,20.84727,59.833332,57.85,30.490484,27.359514,0.0,69.0,0.0
2022-08-02 21:00:00,20.717268,0.0,0.0,0.0,0.0,0.0,68.0,3.3000002
2022-08-02 22:00:00,20.417269,0.0,0.0,0.0,0.0,0.0,68.0,0.0
2022-08-02 23:00:00,19.967268,0.0,0.0,0.0,0.0,0.0,70.0,9.3
2022-08-03 00:00:00,19.747269,0.0,0.0,0.0,0.0,0.0,71.0,0.0
2022-08-03 01:00:00,19.157269,0.0,0.0,0.0,0.0,0.0,74.0,0.0
2022-08-03 02:00:00,19.03727,0.0,0.0,0.0,0.0,0.0,75.0,0.0
2022-08-03 03:00:00,18.147268,0.0,0.0,0.0,0.0,0.0,79.0,0.0
2022-08-03 04:00:00,17.18727,0.0,0.0,0.0,0.0,0.0,84.0,0.0
2022-08-03 05:00:00,17.477268,0.0,0.0,0.0,0.0,0.0,81.0,0.0
2022-08-03 06:00:00,19.137268,53.366665,33.82,17.770433,16.049566,0.0,74.0,0.0
2022-08-03 07:00:00,20.407269,60.0,178.0,98.34255,79.65745,0.0,73.0,0.0
2022-08-03 08:00:00,22.087269,58.085106,341.76,199.26279,142.49722,0.0,68.0,3.0
2022-08-03 09:00:00,23.18727,57.31915,495.72998,303.20544,192.52454,0.0,62.0,4.2000003
2022-08-03 10:00:00,24.01727,57.31915,623.0,396.4101,226.5899,0.0,61.0,4.2000003
2022-08-03 11:00:00,25.047268,60.0,727.13,476.51758,250.61244,0.0,59.0,0.0
2022-08-03 12:00:00,25.78727,60.0,799.22,533.46155,265.7584,0.0,58.0,0.0
2022-08-03 13:00:00,26.417269,60.0,821.47,553.23486,268.23514,0.0,62.0,0.0
2022-08-03 14:00:00,26.77727,60.0,801.0,535.7239,265.27615,0.0,61.0,0.0
2022-08-03 15:00:00,27.137268,60.0,737.81,484.58206,253.22794,0.0,59.0,0.0
2022-08-03 16:00:00,26.967268,60.0,636.35,406.19537,230.15459,0.0,60.0,0.0
2022-08-03 17:00:00,26.43727,60.0,506.41,310.98303,195.42696,0.0,61.0,0.0
2022-08-03 18:00:00,25.557268,60.0,355.11,208.00615,147.10384,0.0,65.0,0.0
2022-08-03 19:00:00,24.067268,60.0,194.91,108.21872,86.691284,0.0,71.0,0.0
2022-08-03 20:00:00,22.94727,58.45,45.39,23.9094,21.480598,0.0,69.0,0.0
2022-08-03 21:00:00,23.27727,0.0,0.0,0.0,0.0,0.0,68.0,0.0
2022-08-03 22:00:00,23.557268,0.0,0.0,0.0,0.0,0.0,65.0,0.0
2022-08-03 23:00:00,23.51727,0.0,0.0,0.0,0.0,0.0,61.0,0.0
2022-08-04 00:00:00,23.177269,0.0,0.0,0.0,0.0,0.0,59.0,0.0
2022-08-04 01:00:00,22.887268,0.0,0.0,0.0,0.0,0.0,57.0,0.0
2022-08-04 02:00:00,22.77727,0.0,0.0,0.0,0.0,0.0,56.0,0.0
2022-08-04 03:00:00,22.53727,0.0,0.0,0.0,0.0,0.0,55.0,0.0
2022-08-04 04:00:00,22.59727,0.0,0.0,0.0,0.0,0.0,52.0,0.0
2022-08-04 05:00:00,22.337269,0.0,0.0,0.0,0.0,0.0,50.0,0.0
2022-08-04 06:00:00,22.85727,52.1,32.04,16.826237,15.213764,0.0,52.0,0.0
2022-08-04 07:00:00,23.647268,60.0,174.44,96.280304,78.1597,0.0,56.0,0.0
2022-08-04 08:00:00,24.547268,60.0,334.63998,194.94257,139.69742,0.0,62.0,0.0
2022-08-04 09:00:00,25.85727,60.0,488.61,298.62158,189.98839,0.0,55.0,0.0
2022-08-04 10:00:00,26.78727,60.0,623.0,396.13495,226.86505,0.0,52.0,0.0
2022-08-04 11:00:00,27.417269,60.0,727.13,476.20807,250.92195,0.0,51.0,0.0
2022-08-04 12:00:00,27.977268,60.0,794.76996,530.3024,264.46753,0.0,50.0,0.0
2022-08-04 13:00:00,28.467268,60.0,818.8,551.23254,267.56747,0.0,53.0,0.0
2022-08-04 14:00:00,28.797268,60.0,799.22,533.8259,265.394,0.0,51.0,0.0
2022-08-04 15:00:00,28.827269,60.0,735.14,482.47345,252.66655,0.0,49.0,0.0
2022-08-04 16:00:00,28.797268,60.0,633.68,404.16016,229.51985,0.0,48.0,0.0
2022-08-04 17:00:00,28.147268,60.0,502.85,308.5115,194.3385,0.0,52.0,0.0
2022-08-04 18:00:00,26.84727,58.085106,356.0,208.30835,147.69165,0.0,60.0,3.0
2022-08-04 19:00:00,25.44727,58.085106,202.03,112.03799,89.99201,0.0,68.0,3.0
2022-08-04 20:00:00,24.497269,53.31489,49.84,26.236748,23.603252,0.0,66.0,6.0
2022-08-04 21:00:00,24.887268,0.0,0.0,0.0,0.0,0.0,61.0,4.0
2022-08-04 22:00:00,25.047268,0.0,0.0,0.0,0.0,0.0,54.0,0.0
2022-08-04 23:00:00,25.067268,0.0,0.0,0.0,0.0,0.0,51.0,0.0
2022-08-05 00:00:00,24.757269,0.0,0.0,0.0,0.0,0.0,48.0,0.0
2022-08-05 01:00:00,24.44727,0.0,0.0,0.0,0.0,0.0,48.0,100.0
2022-08-05 02:00:00,23.827269,0.0,0.0,0.0,0.0,0.0,49.0,32.0
2022-08-05 03:00:00,23.52727,0.0,0.0,0.0,0.0,0.0,50.0,52.0
2022-08-05 04:00:00,23.807268,0.0,0.0,0.0,0.0,0.0,47.0,49.0
2022-08-05 05:00:00,23.837269,0.0,0.0,0.0,0.0,0.0,45.0,0.0
2022-08-05 06:00:00,23.987268,50.816666,30.26,15.882892,14.377109,0.0,49.0,0.0
2022-08-05 07:00:00,25.387268,60.0,171.77,94.71143,77.05857,0.0,54.0,0.0
2022-08-05 08:00:00,25.76727,60.0,331.97,193.21754,138.75246,0.0,63.0,0.0
2022-08-05 09:00:00,26.727268,60.0,485.94,296.75922,189.1808,0.0,55.0,0.0
2022-08-05 10:00:00,27.897268,60.0,621.22,394.72528,226.49469,0.0,51.0,0.0
2022-08-05 11:00:00,28.557268,60.0,725.35,474.7296,250.62035,0.0,51.0,0.0
2022-08-05 12:00:00,28.78727,60.0,791.20996,528.18207,263.0279,0.0,51.0,0.0
2022-08-05 13:00:00,28.817268,57.44681,810.79,548.1958,262.5942,0.0,49.0,4.0
2022-08-05 14:00:00,28.837269,0.0,765.39996,525.5013,239.89868,0.0,49.0,100.0
2022-08-05 15:00:00,27.217268,0.0,599.86,444.42288,155.4371,0.0,61.0,100.0
2022-08-05 16:00:00,27.407269,12.127658,154.86,5.5102997,149.3497,0.0,67.0,75.0
2022-08-05 17:00:00,28.007269,60.0,366.68,317.2495,49.430492,0.0,67.0,0.0
2022-08-05 18:00:00,26.84727,56.170216,351.55,205.48749,146.0625,0.0,62.0,6.0
2022-08-05 19:00:00,25.127268,55.97872,199.36,110.424934,88.93507,0.0,69.0,6.3
2022-08-05 20:00:00,23.61727,55.45,39.16,20.601427,18.558573,0.0,66.0,0.0
2022-08-05 21:00:00,23.807268,0.0,0.0,0.0,0.0,0.0,62.0,0.0
2022-08-05 22:00:00,23.69727,0.0,0.0,0.0,0.0,0.0,61.0,10.0
2022-08-05 23:00:00,23.01727,0.0,0.0,0.0,0.0,0.0,61.0,0.0
2022-08-06 00:00:00,21.407269,0.0,0.0,0.0,0.0,0.0,67.0,6.0
2022-08-06 01:00:00,18.817268,0.0,0.0,0.0,0.0,0.0,82.0,42.0
2022-08-06 02:00:00,17.327269,0.0,0.0,0.0,0.0,0.0,92.0,70.0
2022-08-06 03:00:00,17.61727,0.0,0.0,0.0,0.0,0.0,89.0,100.0
2022-08-06 04:00:00,16.877268,0.0,0.0,0.0,0.0,0.0,90.0,100.0
2022-08-06 05:00:00,16.37727,0.0,0.0,0.0,0.0,0.0,90.0,100.0
2022-08-06 06:00:00,16.407269,0.0,12.46,9.381636,3.0783646,0.0,88.0,100.0
2022-08-06 07:00:00,17.167269,0.0,87.22,67.35055,19.869453,0.0,86.0,100.0
2022-08-06 08:00:00,18.177269,0.0,205.59,159.0661,46.523895,0.0,85.0,100.0
2022-08-06 09:00:00,19.637268,0.0,396.05,266.6438,129.40617,0.0,81.0,100.0
2022-08-06 10:00:00,20.907269,42.127663,579.39,378.32428,201.06573,0.0,78.0,28.0
2022-08-06 11:00:00,21.93727,56.744682,677.29,461.05438,216.23558,0.0,75.0,5.1000004
2022-08-06 12:00:00,22.61727,53.61702,704.88,506.64713,198.23288,0.0,75.0,10.0
2022-08-06 13:00:00,20.10727,0.0,276.79,11.143951,265.64606,0.0,76.0,100.0
2022-08-06 14:00:00,20.707268,0.0,317.72998,47.9256,269.80438,0.0,75.0,100.0
2022-08-06 15:00:00,20.717268,0.0,410.29,185.92694,224.36307,0.0,77.0,100.0
2022-08-06 16:00:00,20.477268,0.0,419.19,284.07684,135.11314,0.0,80.0,100.0
2022-08-06 17:00:00,19.797268,0.0,340.87,265.39832,75.47168,0.0,84.0,100.0
2022-08-06 18:00:00,19.237268,0.0,266.11,171.33255,94.77743,0.0,85.0,100.0
2022-08-06 19:00:00,18.497269,0.0,130.83,75.80736,55.022644,0.0,87.0,100.0
2022-08-06 20:00:00,17.737268,0.0,24.92,13.101606,11.818394,0.0,89.0,100.0
2022-08-06 21:00:00,17.76727,0.0,0.0,0.0,0.0,0.0,89.0,100.0
2022-08-06 22:00:00,17.717268,0.0,0.0,0.0,0.0,0.0,89.0,100.0
2022-08-06 23:00:00,17.737268,0.0,0.0,0.0,0.0,0.0,88.0,100.0
2022-08-07 00:00:00,17.217268,0.0,0.0,0.0,0.0,0.0,91.0,100.0
2022-08-07 01:00:00,15.66727,0.0,0.0,0.0,0.0,0.0,100.0,13.0
2022-08-07 02:00:00,15.33727,0.0,0.0,0.0,0.0,0.0,100.0,39.0
2022-08-07 03:00:00,16.04727,0.0,0.0,0.0,0.0,0.0,93.0,100.0
2022-08-07 04:00:00,15.857269,0.0,0.0,0.0,0.0,0.0,92.0,100.0
2022-08-07 05:00:00,15.33727,0.0,0.0,0.0,0.0,0.0,93.0,100.0
2022-08-07 06:00:00,15.3672695,0.0,16.91,9.358106,7.551894,0.0,90.0,100.0
2022-08-07 07:00:00,15.96727,0.0,102.35,64.86619,37.48381,0.0,89.0,100.0
2022-08-07 08:00:00,17.007269,0.0,205.59,161.6359,43.954098,0.0,87.0,100.0
2022-08-07 09:00:00,18.167269,0.0,345.32,290.69717,54.622833,0.0,84.0,100.0
2022-08-07 10:00:00,19.057268,0.0,484.16,352.373,131.78702,0.0,81.0,100.0
2022-08-07 11:00:00,19.657269,53.61702,532.22,408.4821,123.73789,0.0,80.0,10.0
2022-08-07 12:00:00,20.877268,60.0,623.0,478.17245,144.82755,0.0,77.0,0.0
2022-08-07 13:00:00,21.077269,60.0,813.45996,545.673,267.787,0.0,77.0,0.0
2022-08-07 14:00:00,21.93727,60.0,784.08997,526.27216,257.8178,0.0,72.0,0.0
2022-08-07 15:00:00,22.397268,55.404255,721.79,472.65167,249.13832,0.0,71.0,7.2000003
2022-08-07 16:00:00,22.52727,60.0,623.0,396.36127,226.63875,0.0,73.0,0.0
2022-08-07 17:00:00,22.377268,43.723404,497.50998,304.38098,193.12901,0.0,73.0,25.500002
2022-08-07 18:00:00,22.18727,0.0,319.51,186.36337,133.14664,0.0,75.0,100.0
2022-08-07 19:00:00,21.227268,32.553192,160.2,88.52106,71.67894,0.0,78.0,43.0
2022-08-07 20:00:00,19.567268,0.0,28.48,14.963656,13.516343,0.0,79.0,100.0
2022-08-07 21:00:00,19.127268,0.0,0.0,0.0,0.0,0.0,78.0,100.0
2022-08-07 22:00:00,18.577269,0.0,0.0,0.0,0.0,0.0,77.0,6.0
2022-08-07 23:00:00,18.19727,0.0,0.0,0.0,0.0,0.0,77.0,30.000002
2022-08-08 00:00:00,17.677269,0.0,0.0,0.0,0.0,0.0,82.0,1.2
2022-08-08 01:00:00,17.247269,0.0,0.0,0.0,0.0,0.0,84.0,13.0
2022-08-08 02:00:00,16.667269,0.0,0.0,0.0,0.0,0.0,87.0,1.5
2022-08-08 03:00:00,15.71727,0.0,0.0,0.0,0.0,0.0,91.0,0.0
2022-08-08 04:00:00,14.8672695,0.0,0.0,0.0,0.0,0.0,96.0,0.0
2022-08-08 05:00:00,14.317269,0.0,0.0,0.0,0.0,0.0,98.0,0.0
2022-08-08 06:00:00,14.9072695,46.516487,25.81,13.525215,12.284784,0.0,93.0,1.0
2022-08-08 07:00:00,16.337269,59.361702,172.66,94.914375,77.74563,0.0,83.0,1.0
2022-08-08 08:00:00,17.877268,59.361702,334.63998,194.25574,140.38425,0.0,78.0,1.0
2022-08-08 09:00:00,19.227268,60.0,485.94,296.0614,189.87862,0.0,76.0,0.0
2022-08-08 10:00:00,20.337269,60.0,623.0,395.0104,227.9896,0.0,73.0,0.0
2022-08-08 11:00:00,21.18727,60.0,727.13,474.94067,252.18933,0.0,72.0,0.0
2022-08-08 12:00:00,22.007269,60.0,797.44,530.5582,266.8818,0.0,71.0,0.0
2022-08-08 13:00:00,21.977268,60.0,825.02997,552.5063,272.52368,0.0,75.0,0.0
2022-08-08 14:00:00,22.43727,60.0,803.67,535.18854,268.48145,0.0,72.0,0.0
2022-08-08 15:00:00,22.297268,60.0,739.58997,483.93762,255.65233,0.0,69.0,0.0
2022-08-08 16:00:00,22.10727,60.0,634.57,403.37885,231.19118,0.0,68.0,0.0
2022-08-08 17:00:00,21.78727,60.0,501.96,306.80853,195.15144,0.0,68.0,0.0
2022-08-08 18:00:00,21.18727,60.0,346.21,201.71643,144.49356,0.0,68.0,0.0
2022-08-08 19:00:00,19.85727,60.0,182.45,100.690605,81.75939,0.0,74.0,0.0
2022-08-08 20:00:00,18.747269,50.95,34.71,18.224852,16.485147,0.0,68.0,0.0
2022-08-08 21:00:00,18.667269,0.0,0.0,0.0,0.0,0.0,66.0,0.0
2022-08-08 22:00:00,18.59727,0.0,0.0,0.0,0.0,0.0,68.0,0.0
2022-08-08 23:00:00,18.86727,0.0,0.0,0.0,0.0,0.0,66.0,0.0
2022-08-09 00:00:00,17.51727,0.0,0.0,0.0,0.0,0.0,72.0,0.0
2022-08-09 01:00:00,16.45727,0.0,0.0,0.0,0.0,0.0,77.0,0.0
2022-08-09 02:00:00,15.977269,0.0,0.0,0.0,0.0,0.0,80.0,0.0
2022-08-09 03:00:00,15.6172695,0.0,0.0,0.0,0.0,0.0,81.0,0.0
2022-08-09 04:00:00,15.01727,0.0,0.0,0.0,0.0,0.0,84.0,0.0
2022-08-09 05:00:00,14.62727,0.0,0.0,0.0,0.0,0.0,85.0,0.0
2022-08-09 06:00:00,14.9072695,45.716667,24.029999,12.58538,11.444619,0.0,83.0,0.0
2022-08-09 07:00:00,16.36727,60.0,162.87,89.43881,73.43118,0.0,77.0,0.0
2022-08-09 08:00:00,18.137268,60.0,327.52,189.94754,137.57245,0.0,73.0,0.0
2022-08-09 09:00:00,19.657269,60.0,485.05,295.27606,189.77393,0.0,69.0,0.0
2022-08-09 10:00:00,20.897268,60.0,623.0,394.71255,228.28745,0.0,67.0,0.0
2022-08-09 11:00:00,22.057268,60.0,727.13,474.6008,252.5292,0.0,66.0,0.0
2022-08-09 12:00:00,22.84727,60.0,795.66,529.0,266.65994,0.0,67.0,0.0
2022-08-09 13:00:00,22.957268,60.0,819.69,548.532,271.15805,0.0,70.0,0.0
2022-08-09 14:00:00,23.27727,60.0,799.22,531.81555,267.4044,0.0,69.0,0.0
2022-08-09 15:00:00,23.167269,60.0,734.25,480.0402,254.20981,0.0,68.0,0.0
2022-08-09 16:00:00,22.877268,60.0,630.12,400.17596,229.94405,0.0,70.0,0.0
2022-08-09 17:00:00,22.477268,60.0,498.4,304.31223,194.08777,0.0,70.0,0.0
2022-08-09 18:00:00,21.587269,60.0,342.65,199.40472,143.24527,0.0,73.0,0.0
2022-08-09 19:00:00,20.09727,60.0,178.89,98.59331,80.29669,0.0,77.0,0.0
2022-08-09 20:00:00,18.76727,49.333332,32.04,16.81091,15.229092,0.0,69.0,0.0
2022-08-09 21:00:00,18.78727,0.0,0.0,0.0,0.0,0.0,68.0,0.0
2022-08-09 22:00:00,19.077269,0.0,0.0,0.0,0.0,0.0,65.0,0.0
2022-08-09 23:00:00,18.10727,0.0,0.0,0.0,0.0,0.0,70.0,0.0
2022-08-10 00:00:00,16.86727,0.0,0.0,0.0,0.0,0.0,75.0,0.0
2022-08-10 01:00:00,15.977269,0.0,0.0,0.0,0.0,0.0,75.0,0.0
2022-08-10 02:00:00,14.8672695,0.0,0.0,0.0,0.0,0.0,76.0,0.0
2022-08-10 03:00:00,14.197269,0.0,0.0,0.0,0.0,0.0,78.0,0.0
2022-08-10 04:00:00,14.027269,0.0,0.0,0.0,0.0,0.0,79.0,0.0
2022-08-10 05:00:00,13.737269,0.0,0.0,0.0,0.0,0.0,82.0,0.0
2022-08-10 06:00:00,13.96727,44.416668,22.25,11.646495,10.603505,0.0,84.0,0.0
2022-08-10 07:00:00,15.55727,60.0,160.2,87.879196,72.3208,0.0,77.0,0.0
2022-08-10 08:00:00,17.457268,60.0,323.96,187.70766,136.25233,0.0,73.0,0.0
2022-08-10 09:00:00,19.067268,60.0,482.38,293.40607,188.97395,0.0,71.0,0.0
2022-08-10 10:00:00,20.547268,60.0,620.33,392.7207,227.60933,0.0,67.0,0.0
2022-08-10 11:00:00,21.877268,60.0,725.35,473.0958,252.25418,0.0,65.0,0.0
2022-08-10 12:00:00,22.637268,60.0,793.88,527.43933,266.44067,0.0,65.0,0.0
2022-08-10 13:00:00,23.127268,60.0,817.01996,546.34485,270.6751,0.0,66.0,0.0
2022-08-10 14:00:00,23.59727,60.0,796.55,529.6274,266.9226,0.0,65.0,0.0
2022-08-10 15:00:00,24.077269,60.0,732.47,478.4712,253.99878,0.0,61.0,0.0
2022-08-10 16:00:00,24.077269,60.0,628.33997,398.67023,229.66974,0.0,60.0,0.0
2022-08-10 17:00:00,23.567268,60.0,494.84,301.81906,193.02094,0.0,63.0,0.0
2022-08-10 18:00:00,22.60727,60.0,338.19998,196.57993,141.62006,0.0,66.0,0.0
2022-08-10 19:00:00,20.907269,60.0,174.44,96.01124,78.428764,0.0,78.0,0.0
2022-08-10 20:00:00,19.76727,47.716667,29.369999,15.39895,13.971049,0.0,70.0,0.0
2022-08-10 21:00:00,19.94727,0.0,0.0,0.0,0.0,0.0,66.0,0.0
2022-08-10 22:00:00,18.727268,0.0,0.0,0.0,0.0,0.0,70.0,0.0
2022-08-10 23:00:00,17.747269,0.0,0.0,0.0,0.0,0.0,76.0,0.0
2022-08-11 00:00:00,16.30727,0.0,0.0,0.0,0.0,0.0,82.0,0.0
2022-08-11 01:00:00,15.55727,0.0,0.0,0.0,0.0,0.0,81.0,0.0
2022-08-11 02:00:00,15.50727,0.0,0.0,0.0,0.0,0.0,80.0,0.0
2022-08-11 03:00:00,15.17727,0.0,0.0,0.0,0.0,0.0,83.0,0.0
2022-08-11 04:00:00,14.697269,0.0,0.0,0.0,0.0,0.0,85.0,0.0
2022-08-11 05:00:00,14.317269,0.0,0.0,0.0,0.0,0.0,85.0,0.0
2022-08-11 06:00:00,14.57727,43.116665,20.47,10.708663,9.761336,0.0,82.0,0.0
2022-08-11 07:00:00,16.667269,60.0,157.53,86.32259,71.207405,0.0,73.0,0.0
2022-08-11 08:00:00,18.52727,60.0,320.4,185.47113,134.92886,0.0,71.0,0.0
2022-08-11 09:00:00,19.977268,60.0,477.03998,289.91495,187.12503,0.0,67.0,0.0
2022-08-11 10:00:00,21.377268,60.0,614.1,388.47742,225.62256,0.0,63.0,0.0
2022-08-11 11:00:00,22.417269,60.0,719.12,468.68958,250.43044,0.0,62.0,0.0
2022-08-11 12:00:00,23.317268,60.0,787.64996,522.9228,264.72717,0.0,61.0,0.0
2022-08-11 13:00:00,23.297268,60.0,814.35,544.1569,270.19305,0.0,63.0,0.0
2022-08-11 14:00:00,23.727268,60.0,793.88,527.43866,266.44135,0.0,62.0,0.0
2022-08-11 15:00:00,23.917269,60.0,725.35,473.41614,251.93384,0.0,61.0,0.0
2022-08-11 16:00:00,23.94727,60.0,624.77997,396.03622,228.74374,0.0,59.0,0.0
2022-08-11 17:00:00,23.497269,59.04255,492.16998,299.8714,192.29858,0.0,61.0,1.5
2022-08-11 18:00:00,22.747269,60.0,336.41998,195.31073,141.10925,0.0,65.0,0.0
2022-08-11 19:00:00,20.69727,60.0,169.98999,93.43555,76.55444,0.0,73.0,0.0
2022-08-11 20:00:00,19.877268,42.731506,27.59,14.455281,13.134719,0.0,62.0,6.9
2022-08-11 21:00:00,19.797268,0.0,0.0,0.0,0.0,0.0,60.0,0.0
2022-08-11 22:00:00,19.677269,0.0,0.0,0.0,0.0,0.0,60.0,4.5
2022-08-11 23:00:00,19.057268,0.0,0.0,0.0,0.0,0.0,63.0,0.0
2022-08-12 00:00:00,18.44727,0.0,0.0,0.0,0.0,0.0,65.0,11.1
2022-08-12 01:00:00,17.677269,0.0,0.0,0.0,0.0,0.0,68.0,16.800001
2022-08-12 02:00:00,16.897268,0.0,0.0,0.0,0.0,0.0,73.0,4.2000003
2022-08-12 03:00:00,16.577269,0.0,0.0,0.0,0.0,0.0,76.0,2.4
2022-08-12 04:00:00,14.91727,0.0,0.0,0.0,0.0,0.0,85.0,0.0
2022-08-12 05:00:00,14.25727,0.0,0.0,0.0,0.0,0.0,86.0,0.0
2022-08-12 06:00:00,14.24727,41.816666,19.58,10.237217,9.342783,0.0,85.0,0.0
2022-08-12 07:00:00,15.76727,60.0,153.97,84.28182,69.68818,0.0,76.0,0.0
2022-08-12 08:00:00,17.44727,60.0,318.62,184.26741,134.35258,0.0,70.0,0.0
2022-08-12 09:00:00,19.137268,60.0,477.93,290.2112,187.71878,0.0,67.0,0.0
2022-08-12 10:00:00,20.61727,60.0,615.88,389.30164,226.57838,0.0,64.0,0.0
2022-08-12 11:00:00,21.567268,60.0,721.79,470.083,251.70695,0.0,63.0,0.0
2022-08-12 12:00:00,22.297268,60.0,792.1,525.4945,266.6055,0.0,64.0,0.0
2022-08-12 13:00:00,22.807268,60.0,815.24,544.34534,270.89462,0.0,69.0,0.0
2022-08-12 14:00:00,23.007269,60.0,795.66,528.2036,267.4564,0.0,68.0,0.0
2022-08-12 15:00:00,22.717268,60.0,731.58,477.0719,254.50812,0.0,67.0,0.0
2022-08-12 16:00:00,22.02727,60.0,626.56,396.78607,229.77393,0.0,65.0,0.0
2022-08-12 17:00:00,21.19727,60.0,491.28,299.00925,192.27075,0.0,65.0,0.0
2022-08-12 18:00:00,20.10727,60.0,334.63998,194.04335,140.59663,0.0,67.0,0.0
2022-08-12 19:00:00,18.127268,60.0,169.09999,92.820404,76.27959,0.0,72.0,0.0
2022-08-12 20:00:00,17.077269,44.516666,25.81,13.512936,12.297064,0.0,59.0,0.0
2022-08-12 21:00:00,16.78727,0.0,0.0,0.0,0.0,0.0,59.0,0.0
2022-08-12 22:00:00,16.637268,0.0,0.0,0.0,0.0,0.0,56.0,0.0
2022-08-12 23:00:00,17.217268,0.0,0.0,0.0,0.0,0.0,53.0,0.0
2022-08-13 00:00:00,16.19727,0.0,0.0,0.0,0.0,0.0,57.0,0.0
2022-08-13 01:00:00,14.487269,0.0,0.0,0.0,0.0,0.0,65.0,0.0
2022-08-13 02:00:00,13.817269,0.0,0.0,0.0,0.0,0.0,69.0,0.0
2022-08-13 03:00:00,13.01727,0.0,0.0,0.0,0.0,0.0,72.0,0.0
2022-08-13 04:00:00,12.38727,0.0,0.0,0.0,0.0,0.0,73.0,0.0
2022-08-13 05:00:00,11.79727,0.0,0.0,0.0,0.0,0.0,73.0,0.0
2022-08-13 06:00:00,12.74727,40.533333,17.8,9.301231,8.498768,0.0,67.0,0.0
2022-08-13 07:00:00,14.26727,60.0,155.75,85.16505,70.58495,0.0,70.0,0.0
2022-08-13 08:00:00,16.417269,60.0,324.85,187.6932,137.1568,0.0,68.0,0.0
2022-08-13 09:00:00,18.18727,60.0,485.05,294.28528,190.76472,0.0,59.0,0.0
2022-08-13 10:00:00,19.397268,60.0,624.77997,394.6192,230.16077,0.0,55.0,0.0
2022-08-13 11:00:00,20.567268,60.0,730.69,475.52576,255.16425,0.0,55.0,0.0
2022-08-13 12:00:00,21.497269,60.0,801.89,531.5987,270.29132,0.0,54.0,0.0
2022-08-13 13:00:00,22.127268,60.0,825.02997,550.46765,274.56232,0.0,52.0,0.0
2022-08-13 14:00:00,22.507269,60.0,804.56,533.685,270.875,0.0,50.0,0.0
2022-08-13 15:00:00,22.797268,60.0,736.92,480.13528,256.7847,0.0,50.0,0.0
2022-08-13 16:00:00,22.93727,60.0,629.23,398.0907,231.13928,0.0,51.0,0.0
2022-08-13 17:00:00,22.737268,60.0,493.06,299.76556,193.29445,0.0,53.0,0.0
2022-08-13 18:00:00,21.587269,60.0,334.63998,193.80446,140.83553,0.0,59.0,0.0
2022-08-13 19:00:00,19.27727,60.0,167.31999,91.71583,75.604164,0.0,63.0,0.0
2022-08-13 20:00:00,19.02727,42.883335,24.029999,12.57169,11.458309,0.0,54.0,0.0
2022-08-13 21:00:00,18.727268,0.0,0.0,0.0,0.0,0.0,50.0,0.0
2022-08-13 22:00:00,18.227268,0.0,0.0,0.0,0.0,0.0,49.0,0.0
2022-08-13 23:00:00,18.257269,0.0,0.0,0.0,0.0,0.0,42.0,0.0
2022-08-14 00:00:00,17.427269,0.0,0.0,0.0,0.0,0.0,43.0,0.0
2022-08-14 01:00:00,17.387268,0.0,0.0,0.0,0.0,0.0,40.0,0.0
2022-08-14 02:00:00,17.487268,0.0,0.0,0.0,0.0,0.0,36.0,0.0
2022-08-14 03:00:00,16.557268,0.0,0.0,0.0,0.0,0.0,43.0,5.7000003
2022-08-14 04:00:00,16.29727,0.0,0.0,0.0,0.0,0.0,45.0,6.3
2022-08-14 05:00:00,16.737268,0.0,0.0,0.0,0.0,0.0,43.0,0.3
2022-08-14 06:00:00,17.157269,37.229927,20.47,10.690154,9.779845,0.0,42.0,4.8
2022-08-14 07:00:00,17.797268,55.97872,163.76,89.447,74.312996,0.0,49.0,6.3
2022-08-14 08:00:00,20.127268,58.659573,330.19,190.59409,139.59592,0.0,49.0,2.1000001
2022-08-14 09:00:00,21.907269,55.212765,484.16,293.48926,190.67075,0.0,47.0,7.5000005
2022-08-14 10:00:00,22.877268,59.234043,615.88,388.6833,227.1967,0.0,47.0,1.2
2022-08-14 11:00:00,23.477268,57.12766,712.0,463.00226,248.99776,0.0,44.0,4.5
2022-08-14 12:00:00,24.297268,55.02128,772.51996,511.7305,260.78946,0.0,44.0,7.8
2022-08-14 13:00:00,23.877268,0.0,614.99,494.1065,120.883484,0.0,52.0,100.0
2022-08-14 14:00:00,25.27727,16.595745,623.89,471.57666,152.31337,0.0,53.0,68.0
2022-08-14 15:00:00,26.087269,0.0,671.06,450.2492,220.81078,0.0,53.0,99.0
2022-08-14 16:00:00,25.577269,0.0,522.43,357.65753,164.77246,0.0,57.0,100.0
2022-08-14 17:00:00,23.227268,0.0,152.19,17.571732,134.61827,0.0,68.0,100.0
2022-08-14 18:00:00,21.797268,0.0,211.81999,189.02054,22.799461,0.0,72.0,100.0
2022-08-14 19:00:00,20.897268,0.0,48.95,17.07643,31.873571,0.0,77.0,100.0
2022-08-14 20:00:00,20.127268,0.0,14.24,7.4440312,6.7959685,0.0,75.0,100.0
2022-08-14 21:00:00,18.477268,0.0,0.0,0.0,0.0,0.0,88.0,100.0
2022-08-14 22:00:00,16.917269,0.0,0.0,0.0,0.0,0.0,96.0,100.0
2022-08-14 23:00:00,15.58727,0.0,0.0,0.0,0.0,0.0,97.0,100.0
2022-08-15 00:00:00,16.407269,0.0,0.0,0.0,0.0,0.0,95.0,11.0
2022-08-15 01:00:00,16.13727,0.0,0.0,0.0,0.0,0.0,90.0,10.0
2022-08-15 02:00:00,15.647269,0.0,0.0,0.0,0.0,0.0,89.0,0.0
2022-08-15 03:00:00,14.80727,0.0,0.0,0.0,0.0,0.0,95.0,0.0
2022-08-15 04:00:00,14.567269,0.0,0.0,0.0,0.0,0.0,95.0,0.0
2022-08-15 05:00:00,15.24727,0.0,0.0,0.0,0.0,0.0,88.0,0.0
2022-08-15 06:00:00,15.57727,37.916668,14.24,7.432231,6.807769,0.0,85.0,0.0
2022-08-15 07:00:00,16.60727,60.0,145.06999,79.1509,65.91909,0.0,90.0,0.0
2022-08-15 08:00:00,17.707268,53.61702,300.82,173.47147,127.34854,0.0,86.0,10.0
2022-08-15 09:00:00,18.86727,60.0,398.72,255.51074,143.20926,0.0,80.0,0.0
2022-08-15 10:00:00,20.457268,60.0,598.08,377.14093,220.93907,0.0,73.0,0.0
2022-08-15 11:00:00,21.467268,60.0,701.32,455.69836,245.62166,0.0,69.0,0.0
2022-08-15 12:00:00,22.207268,41.48936,765.39996,507.29398,258.106,0.0,66.0,29.0
2022-08-15 13:00:00,22.78727,45.95745,778.75,525.3782,253.37183,0.0,60.0,22.0
2022-08-15 14:00:00,22.76727,0.0,580.27997,450.55426,129.7257,0.0,61.0,100.0
2022-08-15 15:00:00,19.94727,0.0,315.06,81.49341,233.56659,0.0,77.0,100.0
2022-08-15 16:00:00,18.417269,0.0,153.97,6.0443115,147.92569,0.0,83.0,100.0
2022-08-15 17:00:00,18.487268,0.0,162.87,26.822098,136.0479,0.0,81.0,100.0
2022-08-15 18:00:00,19.34727,0.0,295.47998,170.67279,124.8072,0.0,75.0,100.0
2022-08-15 19:00:00,18.35727,4.468085,153.08,83.661514,69.41849,0.0,81.0,87.0
2022-08-15 20:00:00,17.817268,0.0,20.47,10.692356,9.777643,0.0,82.0,100.0
2022-08-15 21:00:00,17.337269,0.0,0.0,0.0,0.0,0.0,82.0,100.0
2022-08-15 22:00:00,17.387268,0.0,0.0,0.0,0.0,0.0,78.0,100.0
2022-08-15 23:00:00,16.917269,0.0,0.0,0.0,0.0,0.0,76.0,27.300001
2022-08-16 00:00:00,17.467268,0.0,0.0,0.0,0.0,0.0,70.0,100.0
2022-08-16 01:00:00,16.85727,0.0,0.0,0.0,0.0,0.0,68.0,0.0
2022-08-16 02:00:00,16.317268,0.0,0.0,0.0,0.0,0.0,66.0,0.0
2022-08-16 03:00:00,16.147268,0.0,0.0,0.0,0.0,0.0,62.0,0.0
2022-08-16 04:00:00,16.03727,0.0,0.0,0.0,0.0,0.0,60.0,0.0
2022-08-16 05:00:00,16.177269,0.0,0.0,0.0,0.0,0.0,58.0,0.0
2022-08-16 06:00:00,16.577269,36.616665,13.349999,6.9635887,6.3864107,0.0,57.0,0.0
2022-08-16 07:00:00,18.167269,60.0,141.51,77.12314,64.386856,0.0,58.0,0.0
2022-08-16 08:00:00,19.677269,60.0,305.27,175.8651,129.40489,0.0,54.0,0.0
2022-08-16 09:00:00,21.067268,60.0,462.8,280.04584,182.75415,0.0,50.0,0.0
2022-08-16 10:00:00,22.27727,60.0,600.75,378.51248,222.23752,0.0,51.0,0.0
2022-08-16 11:00:00,23.10727,60.0,705.76996,458.22583,247.54413,0.0,49.0,0.0
2022-08-16 12:00:00,23.917269,60.0,775.19,512.6887,262.5013,0.0,49.0,0.0
2022-08-16 13:00:00,23.077269,60.0,801.0,533.1317,267.86826,0.0,54.0,0.0
2022-08-16 14:00:00,23.587269,60.0,778.75,515.22095,263.52908,0.0,52.0,0.0
2022-08-16 15:00:00,23.997269,60.0,712.89,463.15887,249.73116,0.0,52.0,0.0
2022-08-16 16:00:00,24.11727,60.0,606.08997,382.24124,223.84872,0.0,52.0,0.0
2022-08-16 17:00:00,23.917269,60.0,469.03,284.14813,184.88187,0.0,56.0,0.0
2022-08-16 18:00:00,23.177269,60.0,311.5,179.68661,131.81339,0.0,61.0,0.0
2022-08-16 19:00:00,21.647268,60.0,148.63,81.108475,67.52153,0.0,63.0,0.0
2022-08-16 20:00:00,20.94727,37.75,16.02,8.361317,7.6586843,0.0,56.0,0.0
2022-08-16 21:00:00,20.897268,0.0,0.0,0.0,0.0,0.0,52.0,0.6
2022-08-16 22:00:00,20.26727,0.0,0.0,0.0,0.0,0.0,50.0,0.0
2022-08-16 23:00:00,19.557268,0.0,0.0,0.0,0.0,0.0,49.0,0.0
2022-08-17 00:00:00,19.007269,0.0,0.0,0.0,0.0,0.0,52.0,0.0
2022-08-17 01:00:00,18.68727,0.0,0.0,0.0,0.0,0.0,53.0,0.0
2022-08-17 02:00:00,18.887268,0.0,0.0,0.0,0.0,0.0,54.0,0.0
2022-08-17 03:00:00,18.677269,0.0,0.0,0.0,0.0,0.0,53.0,2.0
2022-08-17 04:00:00,18.507269,0.0,0.0,0.0,0.0,0.0,53.0,6.0
2022-08-17 05:00:00,18.377268,0.0,0.0,0.0,0.0,0.0,53.0,33.0
2022-08-17 06:00:00,18.967268,32.836987,15.13,7.8873844,7.2426157,0.0,55.0,6.6000004
2022-08-17 07:00:00,19.987268,59.808514,148.63,80.91374,67.71626,0.0,60.0,0.3
2022-08-17 08:00:00,21.60727,58.085106,307.05,176.71654,130.33345,0.0,60.0,3.0
2022-08-17 09:00:00,22.957268,55.78723,462.8,279.79642,183.00357,0.0,57.0,6.6000004
2022-08-17 10:00:00,23.94727,46.212765,593.63,373.716,219.914,0.0,57.0,21.6
2022-08-17 11:00:00,24.51727,55.02128,650.58997,438.99725,211.59273,0.0,56.0,7.8
2022-08-17 12:00:00,24.837269,52.340427,742.26,499.40137,242.85863,0.0,56.0,12.0
2022-08-17 13:00:00,24.987268,40.851063,760.95,518.10583,242.84416,0.0,58.0,30.000002
2022-08-17 14:00:00,25.887268,40.851063,751.16,501.76254,249.39743,0.0,52.0,30.000002
2022-08-17 15:00:00,25.547268,28.723406,632.79,435.9969,196.7931,0.0,52.0,49.0
2022-08-17 16:00:00,25.887268,0.0,556.25,359.03705,197.21297,0.0,50.0,100.0
2022-08-17 17:00:00,23.53727,0.0,159.31,26.110443,133.19955,0.0,62.0,100.0
2022-08-17 18:00:00,23.217268,0.0,47.17,1.0249672,46.14503,0.0,76.0,100.0
2022-08-17 19:00:00,21.817268,0.0,17.8,0.42738914,17.37261,0.0,80.0,100.0
2022-08-17 20:00:00,20.177269,0.0,1.78,0.03429234,1.7457076,0.0,91.0,100.0
2022-08-17 21:00:00,19.43727,0.0,0.0,0.0,0.0,0.0,92.0,100.0
2022-08-17 22:00:00,18.19727,0.0,0.0,0.0,0.0,0.0,91.0,100.0
2022-08-17 23:00:00,18.01727,0.0,0.0,0.0,0.0,0.0,88.0,100.0
2022-08-18 00:00:00,16.817268,0.0,0.0,0.0,0.0,0.0,93.0,100.0
2022-08-18 01:00:00,16.147268,0.0,0.0,0.0,0.0,0.0,96.0,100.0
2022-08-18 02:00:00,16.167269,0.0,0.0,0.0,0.0,0.0,95.0,100.0
2022-08-18 03:00:00,15.92727,0.0,0.0,0.0,0.0,0.0,96.0,100.0
2022-08-18 04:00:00,16.19727,0.0,0.0,0.0,0.0,0.0,95.0,100.0
2022-08-18 05:00:00,16.177269,0.0,0.0,0.0,0.0,0.0,95.0,100.0
2022-08-18 06:00:00,15.95727,0.0,3.56,0.7061434,2.8538566,0.0,94.0,100.0
2022-08-18 07:00:00,16.257269,0.0,32.93,6.2774086,26.652592,0.0,94.0,100.0
2022-08-18 08:00:00,16.887268,0.0,94.34,17.76516,76.57484,0.0,91.0,100.0
2022-08-18 09:00:00,18.02727,0.0,349.77,240.0025,109.76749,0.0,89.0,100.0
2022-08-18 10:00:00,16.157269,0.0,206.48,25.392105,181.08789,0.0,94.0,100.0
2022-08-18 11:00:00,17.157269,0.0,110.36,1.3110504,109.04895,0.0,91.0,100.0
2022-08-18 12:00:00,18.377268,0.0,255.43,12.013657,243.41634,0.0,87.0,100.0
2022-08-18 13:00:00,18.84727,0.0,374.69,108.68234,266.00766,0.0,92.0,100.0
2022-08-18 14:00:00,19.177269,0.0,343.54,85.69064,257.84937,0.0,92.0,100.0
2022-08-18 15:00:00,18.53727,0.0,327.52,99.70175,227.81824,0.0,93.0,100.0
2022-08-18 16:00:00,18.84727,0.0,297.26,118.57161,178.6884,0.0,92.0,100.0
2022-08-18 17:00:00,17.727268,0.0,194.91,62.01999,132.89001,0.0,94.0,100.0
2022-08-18 18:00:00,18.19727,0.0,188.68,155.9056,32.774395,0.0,93.0,100.0
2022-08-18 19:00:00,17.397268,0.0,104.13,56.65281,47.47719,0.0,94.0,100.0
2022-08-18 20:00:00,16.10727,0.0,6.23,3.9398732,2.2901268,0.0,97.0,100.0
2022-08-18 21:00:00,16.02727,0.0,0.0,0.0,0.0,0.0,97.0,100.0
2022-08-18 22:00:00,15.51727,0.0,0.0,0.0,0.0,0.0,97.0,100.0
2022-08-18 23:00:00,15.9072695,0.0,0.0,0.0,0.0,0.0,94.0,100.0
2022-08-19 00:00:00,15.6572695,0.0,0.0,0.0,0.0,0.0,94.0,100.0
2022-08-19 01:00:00,15.32727,0.0,0.0,0.0,0.0,0.0,96.0,100.0
2022-08-19 02:00:00,15.187269,0.0,0.0,0.0,0.0,0.0,97.0,100.0
2022-08-19 03:00:00,15.197269,0.0,0.0,0.0,0.0,0.0,94.0,100.0
2022-08-19 04:00:00,14.937269,0.0,0.0,0.0,0.0,0.0,95.0,100.0
2022-08-19 05:00:00,14.447269,0.0,0.0,0.0,0.0,0.0,96.0,100.0
2022-08-19 06:00:00,14.55727,0.0,1.78,0.04696524,1.7330347,0.0,95.0,100.0
2022-08-19 07:00:00,15.697269,0.0,27.59,2.9571552,24.632845,0.0,91.0,100.0
2022-08-19 08:00:00,16.51727,0.0,67.64,2.9892883,64.65071,0.0,90.0,100.0
2022-08-19 09:00:00,16.177269,0.0,84.549995,2.1437836,82.40621,0.0,93.0,100.0
2022-08-19 10:00:00,15.00727,0.0,38.27,-0.40398026,38.67398,0.0,97.0,100.0
2022-08-19 11:00:00,16.487268,0.0,81.88,0.12161255,81.758385,0.0,94.0,100.0
2022-08-19 12:00:00,18.94727,0.0,106.799995,0.64974976,106.150246,0.0,87.0,100.0
2022-08-19 13:00:00,18.93727,0.0,229.62,10.246719,219.37328,0.0,88.0,100.0
2022-08-19 14:00:00,18.717268,0.0,181.56,5.665985,175.89401,0.0,89.0,100.0
2022-08-19 15:00:00,18.61727,0.0,168.20999,5.652237,162.55775,0.0,89.0,100.0
2022-08-19 16:00:00,18.94727,0.0,153.08,6.259186,146.82082,0.0,87.0,100.0
2022-08-19 17:00:00,18.68727,0.0,129.94,7.2701187,122.66988,0.0,86.0,100.0
2022-08-19 18:00:00,17.93727,0.0,104.13,27.455841,76.67416,0.0,88.0,100.0
2022-08-19 19:00:00,16.977268,0.0,69.42,63.75858,5.6614194,0.0,91.0,100.0
2022-08-19 20:00:00,16.60727,0.0,7.12,6.3550005,0.7649996,0.0,86.0,100.0
2022-08-19 21:00:00,16.547268,0.0,0.0,0.0,0.0,0.0,85.0,100.0
2022-08-19 22:00:00,17.387268,0.0,0.0,0.0,0.0,0.0,79.0,100.0
2022-08-19 23:00:00,17.577269,0.0,0.0,0.0,0.0,0.0,77.0,100.0
2022-08-20 00:00:00,17.59727,0.0,0.0,0.0,0.0,0.0,79.0,100.0
2022-08-20 01:00:00,16.94727,0.0,0.0,0.0,0.0,0.0,79.0,61.0
2022-08-20 02:00:00,16.717268,0.0,0.0,0.0,0.0,0.0,85.0,62.0
2022-08-20 03:00:00,15.737269,0.0,0.0,0.0,0.0,0.0,88.0,100.0
2022-08-20 04:00:00,15.24727,0.0,0.0,0.0,0.0,0.0,88.0,100.0
2022-08-20 05:00:00,14.70727,0.0,0.0,0.0,0.0,0.0,89.0,100.0
2022-08-20 06:00:00,14.59727,0.0,0.89,0.004103124,0.88589686,0.0,92.0,100.0
2022-08-20 07:00:00,15.20727,0.0,32.93,7.653425,25.276575,0.0,89.0,100.0
2022-08-20 08:00:00,14.95727,0.0,37.38,0.5298042,36.850197,0.0,93.0,100.0
2022-08-20 09:00:00,17.28727,0.0,124.6,4.8716354,119.72836,0.0,89.0,100.0
2022-08-20 10:00:00,18.657269,0.0,466.36,331.6452,134.71478,0.0,84.0,100.0
2022-08-20 11:00:00,19.567268,58.723404,572.27,413.82227,158.44775,0.0,79.0,2.0
2022-08-20 12:00:00,19.547268,58.085106,753.83,496.89963,256.9304,0.0,77.0,3.0
2022-08-20 13:00:00,20.407269,60.0,774.3,514.82007,259.47995,0.0,73.0,0.0
2022-08-20 14:00:00,20.407269,60.0,756.5,498.64658,257.85342,0.0,74.0,0.0
2022-08-20 15:00:00,19.977268,60.0,690.64,446.88788,243.75215,0.0,76.0,0.0
2022-08-20 16:00:00,19.397268,60.0,585.62,367.67526,217.94473,0.0,78.0,0.0
2022-08-20 17:00:00,18.93727,60.0,451.22998,271.9947,179.23529,0.0,79.0,0.0
2022-08-20 18:00:00,18.36727,60.0,294.59,168.97856,125.611435,0.0,82.0,0.0
2022-08-20 19:00:00,16.27727,60.0,131.72,71.43024,60.28976,0.0,90.0,0.0
2022-08-20 20:00:00,15.53727,30.7,9.79,5.092703,4.697297,0.0,86.0,0.0
2022-08-20 21:00:00,15.46727,0.0,0.0,0.0,0.0,0.0,84.0,0.0
2022-08-20 22:00:00,15.82727,0.0,0.0,0.0,0.0,0.0,79.0,0.0
2022-08-20 23:00:00,15.567269,0.0,0.0,0.0,0.0,0.0,75.0,0.0
2022-08-21 00:00:00,15.277269,0.0,0.0,0.0,0.0,0.0,75.0,0.0
2022-08-21 01:00:00,15.09727,0.0,0.0,0.0,0.0,0.0,74.0,0.0
2022-08-21 02:00:00,15.067269,0.0,0.0,0.0,0.0,0.0,74.0,0.0
2022-08-21 03:00:00,14.78727,0.0,0.0,0.0,0.0,0.0,74.0,0.0
2022-08-21 04:00:00,14.6572695,0.0,0.0,0.0,0.0,0.0,74.0,0.0
2022-08-21 05:00:00,14.92727,0.0,0.0,0.0,0.0,0.0,71.0,0.0
2022-08-21 06:00:00,14.8672695,29.090956,9.79,5.091115,4.698885,0.0,70.0,3.0
2022-08-21 07:00:00,16.077269,54.44681,138.84,75.23834,63.601658,0.0,72.0,8.700001
2022-08-21 08:00:00,17.44727,59.425533,303.49,173.9556,129.5344,0.0,69.0,0.90000004
2022-08-21 09:00:00,18.377268,60.0,455.68,274.46875,181.21126,0.0,69.0,0.0
2022-08-21 10:00:00,19.147268,60.0,594.52,372.97162,221.54839,0.0,65.0,0.0
2022-08-21 11:00:00,19.85727,60.0,701.32,453.4311,247.88893,0.0,63.0,0.0
2022-08-21 12:00:00,20.707268,60.0,771.63,508.18607,263.44394,0.0,61.0,0.0
2022-08-21 13:00:00,20.987268,60.0,795.66,527.25977,268.4002,0.0,66.0,0.0
2022-08-21 14:00:00,21.10727,60.0,773.41,509.29358,264.1164,0.0,63.0,0.0
2022-08-21 15:00:00,21.417269,60.0,705.76996,456.1898,249.58017,0.0,59.0,0.0
2022-08-21 16:00:00,21.467268,60.0,596.3,373.93793,222.36205,0.0,59.0,0.0
2022-08-21 17:00:00,20.897268,60.0,457.46,275.38678,182.07321,0.0,63.0,0.0
2022-08-21 18:00:00,19.93727,59.61702,300.82,172.2984,128.5216,0.0,68.0,0.6
2022-08-21 19:00:00,17.77727,60.0,131.72,71.313416,60.406586,0.0,70.0,0.0
2022-08-21 20:00:00,17.747269,28.51461,8.01,4.163153,3.846847,0.0,64.0,1.2
2022-08-21 21:00:00,17.637268,0.0,0.0,0.0,0.0,0.0,60.0,5.7000003
2022-08-21 22:00:00,17.207268,0.0,0.0,0.0,0.0,0.0,59.0,24.6
2022-08-21 23:00:00,17.087269,0.0,0.0,0.0,0.0,0.0,58.0,27.300001
2022-08-22 00:00:00,16.497269,0.0,0.0,0.0,0.0,0.0,58.0,29.400002
2022-08-22 01:00:00,16.007269,0.0,0.0,0.0,0.0,0.0,59.0,57.0
2022-08-22 02:00:00,15.74727,0.0,0.0,0.0,0.0,0.0,58.0,37.0
2022-08-22 03:00:00,15.58727,0.0,0.0,0.0,0.0,0.0,57.0,25.0
2022-08-22 04:00:00,15.147269,0.0,0.0,0.0,0.0,0.0,57.0,28.0
2022-08-22 05:00:00,14.84727,0.0,0.0,0.0,0.0,0.0,57.0,34.0
2022-08-22 06:00:00,15.49727,0.30567372,8.01,4.1628666,3.8471339,0.0,55.0,93.0
2022-08-22 07:00:00,16.13727,28.085108,134.39,72.74196,61.648045,0.0,59.0,50.0
2022-08-22 08:00:00,17.897268,49.787235,300.82,172.2454,128.5746,0.0,57.0,16.0
2022-08-22 09:00:00,18.927269,60.0,456.57,274.74243,181.82758,0.0,55.0,0.0
2022-08-22 10:00:00,19.477268,60.0,593.63,372.0782,221.55183,0.0,55.0,0.0
2022-08-22 11:00:00,20.10727,60.0,699.54,451.88315,247.65683,0.0,55.0,0.0
2022-08-22 12:00:00,20.837269,60.0,768.95996,505.9786,262.98135,0.0,53.0,0.0
2022-08-22 13:00:00,21.077269,60.0,788.54,522.05884,266.48117,0.0,65.0,0.0
2022-08-22 14:00:00,21.477268,60.0,765.39996,503.52103,261.87894,0.0,63.0,0.0
2022-08-22 15:00:00,21.68727,60.0,695.98,449.37717,246.60281,0.0,61.0,0.0
2022-08-22 16:00:00,21.497269,60.0,586.51,367.36084,219.14915,0.0,61.0,0.0
2022-08-22 17:00:00,20.907269,60.0,448.56,269.6714,178.88863,0.0,63.0,0.0
2022-08-22 18:00:00,19.957268,60.0,289.25,165.42691,123.8231,0.0,67.0,0.0
2022-08-22 19:00:00,18.307268,60.0,123.71,66.86691,56.84309,0.0,69.0,0.0
2022-08-22 20:00:00,17.757269,27.1,7.12,3.6973724,3.4226274,0.0,64.0,0.0
2022-08-22 21:00:00,17.77727,0.0,0.0,0.0,0.0,0.0,63.0,0.0
2022-08-22 22:00:00,17.587269,0.0,0.0,0.0,0.0,0.0,61.0,0.0
2022-08-22 23:00:00,17.227268,0.0,0.0,0.0,0.0,0.0,60.0,0.0
2022-08-23 00:00:00,16.957268,0.0,0.0,0.0,0.0,0.0,57.0,0.0
2022-08-23 01:00:00,16.487268,0.0,0.0,0.0,0.0,0.0,56.0,0.0
2022-08-23 02:00:00,16.157269,0.0,0.0,0.0,0.0,0.0,56.0,0.0
2022-08-23 03:00:00,15.80727,0.0,0.0,0.0,0.0,0.0,56.0,0.0
2022-08-23 04:00:00,15.697269,0.0,0.0,0.0,0.0,0.0,56.0,0.0
2022-08-23 05:00:00,15.53727,0.0,0.0,0.0,0.0,0.0,55.0,1.5
2022-08-23 06:00:00,15.71727,27.433332,6.23,3.6659489,2.5640512,0.0,54.0,0.0
2022-08-23 07:00:00,17.137268,60.0,121.93,65.92056,56.009438,0.0,62.0,0.0
2022-08-23 08:00:00,18.19727,60.0,292.81,167.48347,125.32652,0.0,55.0,0.0
2022-08-23 09:00:00,19.337269,60.0,448.56,269.66333,178.89668,0.0,50.0,0.0
2022-08-23 10:00:00,20.217268,60.0,590.07,369.51154,220.55847,0.0,49.0,0.0
2022-08-23 11:00:00,21.09727,59.808514,696.87,449.75977,247.11023,0.0,49.0,0.3
2022-08-23 12:00:00,21.797268,57.510635,753.83,495.57916,258.25085,0.0,52.0,3.9
2022-08-23 13:00:00,22.157269,60.0,784.98,519.2173,265.76273,0.0,58.0,0.0
2022-08-23 14:00:00,22.247269,60.0,760.06,499.50885,260.55115,0.0,62.0,0.0
2022-08-23 15:00:00,22.077269,60.0,691.52997,446.01712,245.51285,0.0,62.0,0.0
2022-08-23 16:00:00,21.807268,60.0,583.83997,365.24744,218.59254,0.0,60.0,0.0
2022-08-23 17:00:00,21.387268,60.0,447.66998,268.7746,178.89537,0.0,61.0,0.0
2022-08-23 18:00:00,20.61727,60.0,288.36,164.67055,123.68944,0.0,63.0,0.0
2022-08-23 19:00:00,19.34727,60.0,121.93,65.79487,56.13513,0.0,59.0,0.0
2022-08-23 20:00:00,18.69727,25.283333,6.23,3.2808228,2.9491773,0.0,56.0,0.0
2022-08-23 21:00:00,18.427269,0.0,0.0,0.0,0.0,0.0,55.0,0.0
2022-08-23 22:00:00,18.137268,0.0,0.0,0.0,0.0,0.0,58.0,0.0
2022-08-23 23:00:00,17.827269,0.0,0.0,0.0,0.0,0.0,60.0,2.4
2022-08-24 00:00:00,17.52727,0.0,0.0,0.0,0.0,0.0,60.0,4.2000003
2022-08-24 01:00:00,16.807268,0.0,0.0,0.0,0.0,0.0,62.0,4.5
2022-08-24 02:00:00,16.43727,0.0,0.0,0.0,0.0,0.0,61.0,4.5
2022-08-24 03:00:00,16.077269,0.0,0.0,0.0,0.0,0.0,61.0,4.8
2022-08-24 04:00:00,14.6172695,0.0,0.0,0.0,0.0,0.0,66.0,4.2000003
2022-08-24 05:00:00,14.34727,0.0,0.0,0.0,0.0,0.0,66.0,3.9
2022-08-24 06:00:00,14.92727,24.532995,6.23,3.4479387,2.7820613,0.0,62.0,5.7000003
2022-08-24 07:00:00,16.497269,56.744682,130.83,70.64886,60.181145,0.0,63.0,5.1000004
2022-08-24 08:00:00,18.34727,55.97872,299.04,170.86588,128.17413,0.0,60.0,6.3
2022-08-24 09:00:00,19.747269,54.82979,455.68,273.67676,182.00322,0.0,55.0,8.1
2022-08-24 10:00:00,20.927269,56.170216,590.07,369.1695,220.90053,0.0,51.0,6.0
2022-08-24 11:00:00,21.757269,54.44681,689.75,444.7589,244.99109,0.0,52.0,8.700001
2022-08-24 12:00:00,22.35727,57.70213,753.83,495.11914,258.71088,0.0,53.0,3.6000001
2022-08-24 13:00:00,22.887268,57.89362,772.51996,510.4774,262.04257,0.0,59.0,3.3000002
2022-08-24 14:00:00,23.337269,57.510635,749.38,491.97372,257.40628,0.0,60.0,3.9
2022-08-24 15:00:00,23.137268,56.170216,684.41,440.9187,243.49129,0.0,60.0,6.0
2022-08-24 16:00:00,22.927269,55.404255,581.17,363.11584,218.05415,0.0,59.0,7.2000003
2022-08-24 17:00:00,22.51727,54.063828,448.56,268.9289,179.63112,0.0,60.0,9.3
2022-08-24 18:00:00,21.68727,51.957447,292.81,166.94913,125.86088,0.0,64.0,12.6
2022-08-24 19:00:00,20.427269,51.19149,127.27,68.55687,58.71313,0.0,64.0,13.8
2022-08-24 20:00:00,19.737268,21.084894,6.23,3.2293801,3.00062,0.0,58.0,9.3
2022-08-24 21:00:00,19.487268,0.0,0.0,0.0,0.0,0.0,56.0,7.2000003
2022-08-24 22:00:00,19.11727,0.0,0.0,0.0,0.0,0.0,57.0,7.2000003
2022-08-24 23:00:00,18.497269,0.0,0.0,0.0,0.0,0.0,60.0,6.6000004
2022-08-25 00:00:00,18.167269,0.0,0.0,0.0,0.0,0.0,59.0,6.0
2022-08-25 01:00:00,16.927269,0.0,0.0,0.0,0.0,0.0,62.0,3.0
2022-08-25 02:00:00,16.86727,0.0,0.0,0.0,0.0,0.0,64.0,3.9
2022-08-25 03:00:00,16.797268,0.0,0.0,0.0,0.0,0.0,67.0,0.0
2022-08-25 04:00:00,16.727268,0.0,0.0,0.0,0.0,0.0,65.0,0.0
2022-08-25 05:00:00,16.177269,0.0,0.0,0.0,0.0,0.0,62.0,0.0
2022-08-25 06:00:00,16.067268,24.8,4.45,3.8195722,0.63042754,0.0,58.0,0.0
2022-08-25 07:00:00,17.76727,60.0,114.81,61.924526,52.88547,0.0,57.0,0.0
2022-08-25 08:00:00,19.567268,60.0,281.24,160.52412,120.715866,0.0,63.0,0.0
2022-08-25 09:00:00,20.94727,60.0,440.55,264.33002,176.21999,0.0,61.0,0.0
2022-08-25 10:00:00,21.987268,60.0,579.39,362.14886,217.24113,0.0,58.0,0.0
2022-08-25 11:00:00,22.817268,60.0,683.52,440.33588,243.18414,0.0,57.0,0.0
2022-08-25 12:00:00,23.34727,60.0,751.16,492.90253,258.25745,0.0,57.0,0.0
2022-08-25 13:00:00,23.567268,60.0,773.41,510.56235,262.84763,0.0,65.0,0.0
2022-08-25 14:00:00,24.077269,60.0,749.38,491.45337,257.92664,0.0,64.0,0.0
2022-08-25 15:00:00,24.19727,60.0,678.18,436.40005,241.77994,0.0,63.0,0.0
2022-08-25 16:00:00,24.067268,60.0,569.6,355.43225,214.16771,0.0,63.0,0.0
2022-08-25 17:00:00,23.427269,60.0,432.53998,258.9562,173.58377,0.0,64.0,0.0
2022-08-25 18:00:00,22.077269,60.0,273.22998,155.53958,117.69039,0.0,69.0,0.0
2022-08-25 19:00:00,20.26727,60.0,109.47,58.865547,50.604454,0.0,71.0,0.0
2022-08-25 20:00:00,20.34727,21.533333,3.56,3.1465695,0.41343045,0.0,66.0,0.0
2022-08-25 21:00:00,20.52727,0.0,0.0,0.0,0.0,0.0,63.0,0.0
2022-08-25 22:00:00,20.737268,0.0,0.0,0.0,0.0,0.0,57.0,0.0
2022-08-25 23:00:00,20.417269,0.0,0.0,0.0,0.0,0.0,53.0,0.0
2022-08-26 00:00:00,20.19727,0.0,0.0,0.0,0.0,0.0,52.0,10.0
2022-08-26 01:00:00,19.93727,0.0,0.0,0.0,0.0,0.0,52.0,10.0
2022-08-26 02:00:00,19.807268,0.0,0.0,0.0,0.0,0.0,54.0,10.0
2022-08-26 03:00:00,19.52727,0.0,0.0,0.0,0.0,0.0,56.0,5.4
2022-08-26 04:00:00,18.977268,0.0,0.0,0.0,0.0,0.0,58.0,6.3
2022-08-26 05:00:00,18.747269,0.0,0.0,0.0,0.0,0.0,59.0,7.5000005
2022-08-26 06:00:00,18.76727,22.075,4.45,2.7626557,1.6873442,0.0,59.0,5.7000003
2022-08-26 07:00:00,20.167269,55.404255,117.479996,63.289413,54.190582,0.0,64.0,7.2000003
2022-08-26 08:00:00,21.52727,53.29787,279.46,159.33759,120.1224,0.0,67.0,10.5
2022-08-26 09:00:00,22.717268,51.765957,432.53998,259.2676,173.27237,0.0,62.0,12.900001
2022-08-26 10:00:00,23.397268,20.425533,538.45,338.72607,199.72392,0.0,60.0,62.0
2022-08-26 11:00:00,24.35727,53.872337,654.14996,423.41113,230.73885,0.0,59.0,9.6
2022-08-26 12:00:00,24.997269,45.31915,724.45996,478.47873,245.98123,0.0,57.0,23.0
2022-08-26 13:00:00,24.957268,0.0,711.11,489.4096,221.70036,0.0,61.0,100.0
2022-08-26 14:00:00,24.797268,0.0,604.31,446.15662,158.15338,0.0,61.0,100.0
2022-08-26 15:00:00,23.087269,0.0,345.32,137.63506,207.68495,0.0,66.0,100.0
2022-08-26 16:00:00,22.237268,0.0,168.20999,7.1582794,161.05171,0.0,71.0,100.0
2022-08-26 17:00:00,20.887268,0.0,111.25,5.2831573,105.96684,0.0,79.0,100.0
2022-08-26 18:00:00,20.137268,0.0,81.88,16.372894,65.5071,0.0,84.0,100.0
2022-08-26 19:00:00,19.03727,4.468085,40.05,28.225323,11.824677,0.0,88.0,87.0
2022-08-26 20:00:00,19.157269,0.0,3.56,2.0834703,1.4765295,0.0,80.0,100.0
2022-08-26 21:00:00,19.01727,0.0,0.0,0.0,0.0,0.0,77.0,100.0
2022-08-26 22:00:00,18.807268,0.0,0.0,0.0,0.0,0.0,77.0,97.0
2022-08-26 23:00:00,17.977268,0.0,0.0,0.0,0.0,0.0,77.0,10.0
2022-08-27 00:00:00,17.76727,0.0,0.0,0.0,0.0,0.0,78.0,10.5
2022-08-27 01:00:00,17.61727,0.0,0.0,0.0,0.0,0.0,73.0,6.9
2022-08-27 02:00:00,17.51727,0.0,0.0,0.0,0.0,0.0,73.0,0.0
2022-08-27 03:00:00,17.247269,0.0,0.0,0.0,0.0,0.0,71.0,0.0
2022-08-27 04:00:00,16.94727,0.0,0.0,0.0,0.0,0.0,69.0,17.0
2022-08-27 05:00:00,17.007269,0.0,0.0,0.0,0.0,0.0,68.0,0.0
2022-08-27 06:00:00,16.807268,22.2,2.67,1.3518331,1.318167,0.0,68.0,0.0
2022-08-27 07:00:00,17.387268,60.0,105.909996,56.98848,48.921516,0.0,73.0,0.0
2022-08-27 08:00:00,18.707268,60.0,268.78,153.08372,115.69627,0.0,73.0,0.0
2022-08-27 09:00:00,19.84727,60.0,426.31,255.27939,171.03061,0.0,70.0,0.0
2022-08-27 10:00:00,20.637268,60.0,563.37,351.46997,211.90001,0.0,68.0,0.0
2022-08-27 11:00:00,21.11727,60.0,666.61,428.641,237.969,0.0,67.0,0.0
2022-08-27 12:00:00,21.86727,60.0,733.36,480.30695,253.05305,0.0,69.0,0.0
2022-08-27 13:00:00,19.68727,42.127663,433.43,202.4348,230.9952,0.0,85.0,28.0
2022-08-27 14:00:00,20.637268,44.04255,420.97,201.56664,219.40337,0.0,82.0,25.0
2022-08-27 15:00:00,20.387268,47.234047,352.44,149.62622,202.81378,0.0,84.0,20.0
2022-08-27 16:00:00,19.337269,0.0,312.38998,163.21245,149.17754,0.0,88.0,100.0
2022-08-27 17:00:00,19.53727,0.0,345.32,222.04895,123.27106,0.0,85.0,100.0
2022-08-27 18:00:00,18.627268,0.0,198.47,119.84925,78.62075,0.0,87.0,100.0
2022-08-27 19:00:00,17.567268,0.0,82.77,44.352123,38.417873,0.0,89.0,100.0
2022-08-27 20:00:00,16.04727,16.853191,1.78,0.8798006,0.90019935,0.0,92.0,5.0
2022-08-27 21:00:00,15.76727,0.0,0.0,0.0,0.0,0.0,95.0,10.0
2022-08-27 22:00:00,15.397269,0.0,0.0,0.0,0.0,0.0,96.0,2.0
2022-08-27 23:00:00,15.29727,0.0,0.0,0.0,0.0,0.0,96.0,12.900001
2022-08-28 00:00:00,15.37727,0.0,0.0,0.0,0.0,0.0,95.0,0.0
2022-08-28 01:00:00,15.147269,0.0,0.0,0.0,0.0,0.0,97.0,0.6
2022-08-28 02:00:00,14.687269,0.0,0.0,0.0,0.0,0.0,99.0,19.0
2022-08-28 03:00:00,14.21727,0.0,0.0,0.0,0.0,0.0,100.0,37.0
2022-08-28 04:00:00,14.13727,0.0,0.0,0.0,0.0,0.0,100.0,100.0
2022-08-28 05:00:00,14.647269,0.0,0.0,0.0,0.0,0.0,97.0,100.0
2022-08-28 06:00:00,14.46727,0.0,2.67,1.6106484,1.0593517,0.0,96.0,100.0
2022-08-28 07:00:00,15.197269,0.0,88.11,47.35407,40.75593,0.0,95.0,100.0
2022-08-28 08:00:00,16.69727,0.0,251.87,143.29802,108.571976,0.0,89.0,100.0
2022-08-28 09:00:00,18.207268,39.57447,422.75,252.89458,169.85542,0.0,84.0,32.0
2022-08-28 10:00:00,19.217268,58.085106,561.58997,350.02444,211.56552,0.0,78.0,3.0
2022-08-28 11:00:00,20.36727,60.0,662.16,425.37698,236.78299,0.0,74.0,0.0
2022-08-28 12:00:00,21.207268,57.510635,726.24,475.18475,251.05525,0.0,72.0,3.9
2022-08-28 13:00:00,21.137268,60.0,755.61,497.3121,258.29788,0.0,70.0,0.0
2022-08-28 14:00:00,21.927269,60.0,731.58,478.2311,253.3489,0.0,69.0,0.0
2022-08-28 15:00:00,22.10727,60.0,662.16,424.59003,237.56993,0.0,71.0,0.0
2022-08-28 16:00:00,21.977268,60.0,553.58,344.09308,209.48692,0.0,72.0,0.0
2022-08-28 17:00:00,21.407269,60.0,415.63,247.75993,167.87007,0.0,74.0,0.0
2022-08-28 18:00:00,20.28727,60.0,258.1,146.22415,111.875854,0.0,77.0,0.0
2022-08-28 19:00:00,18.43727,60.0,94.34,50.461727,43.87827,0.0,80.0,0.0
2022-08-28 20:00:00,18.207268,15.916667,0.89,0.13274741,0.7572526,0.0,77.0,0.0
2022-08-28 21:00:00,17.987268,0.0,0.0,0.0,0.0,0.0,76.0,0.0
2022-08-28 22:00:00,17.477268,0.0,0.0,0.0,0.0,0.0,80.0,0.0
2022-08-28 23:00:00,16.85727,0.0,0.0,0.0,0.0,0.0,83.0,0.0
2022-08-29 00:00:00,16.18727,0.0,0.0,0.0,0.0,0.0,85.0,0.0
2022-08-29 01:00:00,15.95727,0.0,0.0,0.0,0.0,0.0,87.0,0.0
2022-08-29 02:00:00,16.317268,0.0,0.0,0.0,0.0,0.0,87.0,0.0
2022-08-29 03:00:00,15.8672695,0.0,0.0,0.0,0.0,0.0,90.0,0.0
2022-08-29 04:00:00,15.107269,0.0,0.0,0.0,0.0,0.0,93.0,0.0
2022-08-29 05:00:00,15.03727,0.0,0.0,0.0,0.0,0.0,89.0,0.0
2022-08-29 06:00:00,15.397269,19.6,1.78,0.61673737,1.1632626,0.0,83.0,0.0
2022-08-29 07:00:00,16.927269,60.0,100.57,53.98474,46.58526,0.0,79.0,0.0
2022-08-29 08:00:00,18.53727,55.97872,272.34,154.77295,117.567055,0.0,78.0,6.3
2022-08-29 09:00:00,19.77727,56.170216,429.87,256.88928,172.98071,0.0,71.0,6.0
2022-08-29 10:00:00,20.93727,56.170216,561.58997,349.67834,211.91164,0.0,68.0,6.0
2022-08-29 11:00:00,21.757269,56.55319,659.49,423.24524,236.24474,0.0,68.0,5.4
2022-08-29 12:00:00,22.247269,58.085106,722.68,472.37848,250.30151,0.0,68.0,3.0
2022-08-29 13:00:00,21.987268,60.0,759.17,499.12378,260.0462,0.0,73.0,0.0
2022-08-29 14:00:00,22.587269,60.0,733.36,478.8465,254.5135,0.0,70.0,0.0
2022-08-29 15:00:00,22.717268,59.61702,663.94,425.20007,238.73991,0.0,68.0,0.6
2022-08-29 16:00:00,22.68727,59.04255,555.36,344.7248,210.63521,0.0,67.0,1.5
2022-08-29 17:00:00,22.237268,55.02128,423.63998,252.15038,171.48961,0.0,68.0,7.8
2022-08-29 18:00:00,21.297268,57.89362,267.88998,151.51498,116.375,0.0,71.0,3.3000002
2022-08-29 19:00:00,19.477268,55.78723,102.35,54.644672,47.705326,0.0,71.0,6.6000004
2022-08-29 20:00:00,19.217268,12.823014,0.89,0.27722615,0.61277384,0.0,70.0,7.8
2022-08-29 21:00:00,18.93727,0.0,0.0,0.0,0.0,0.0,71.0,7.5000005
2022-08-29 22:00:00,18.78727,0.0,0.0,0.0,0.0,0.0,74.0,4.5
2022-08-29 23:00:00,18.887268,0.0,0.0,0.0,0.0,0.0,70.0,3.0
2022-08-30 00:00:00,18.477268,0.0,0.0,0.0,0.0,0.0,65.0,0.0
2022-08-30 01:00:00,18.257269,0.0,0.0,0.0,0.0,0.0,61.0,0.3
2022-08-30 02:00:00,18.207268,0.0,0.0,0.0,0.0,0.0,59.0,0.0
2022-08-30 03:00:00,18.067268,0.0,0.0,0.0,0.0,0.0,57.0,0.0
2022-08-30 04:00:00,17.727268,0.0,0.0,0.0,0.0,0.0,55.0,0.0
2022-08-30 05:00:00,17.78727,0.0,0.0,0.0,0.0,0.0,53.0,0.0
2022-08-30 06:00:00,17.977268,18.283333,0.89,0.036724508,0.8532755,0.0,52.0,0.0
2022-08-30 07:00:00,19.077269,60.0,97.9,52.486935,45.413067,0.0,53.0,0.0
2022-08-30 08:00:00,20.147268,60.0,263.44,149.548,113.892006,0.0,61.0,0.0
2022-08-30 09:00:00,21.567268,60.0,423.63998,252.90302,170.73697,0.0,56.0,0.0
2022-08-30 10:00:00,22.547268,60.0,563.37,350.43573,212.93425,0.0,52.0,0.0
2022-08-30 11:00:00,23.177269,60.0,668.39,428.5305,239.85953,0.0,51.0,0.0
2022-08-30 12:00:00,23.887268,60.0,736.02997,480.614,255.41594,0.0,50.0,0.0
2022-08-30 13:00:00,23.737268,0.0,581.17,442.46957,138.70041,0.0,60.0,100.0
2022-08-30 14:00:00,24.467268,21.063831,697.76,462.17426,235.58577,0.0,58.0,61.0
2022-08-30 15:00:00,24.59727,0.0,639.91,409.29523,230.61476,0.0,56.0,100.0
2022-08-30 16:00:00,24.51727,0.0,490.38998,316.32687,174.06311,0.0,58.0,100.0
2022-08-30 17:00:00,23.09727,0.0,216.26999,119.86878,96.40121,0.0,67.0,100.0
2022-08-30 18:00:00,21.61727,0.0,149.52,128.79037,20.72963,0.0,72.0,100.0
2022-08-30 19:00:00,19.717268,0.0,71.2,37.94297,33.257027,0.0,78.0,100.0
2022-08-30 20:00:00,18.997269,0.0,0.0,0.0,0.0,0.0,76.0,100.0
2022-08-30 21:00:00,18.917269,0.0,0.0,0.0,0.0,0.0,75.0,100.0
2022-08-30 22:00:00,19.317268,0.0,0.0,0.0,0.0,0.0,74.0,100.0
2022-08-30 23:00:00,18.977268,0.0,0.0,0.0,0.0,0.0,77.0,100.0
2022-08-31 00:00:00,18.817268,0.0,0.0,0.0,0.0,0.0,74.0,100.0
2022-08-31 01:00:00,18.407269,0.0,0.0,0.0,0.0,0.0,76.0,100.0
2022-08-31 02:00:00,18.60727,0.0,0.0,0.0,0.0,0.0,75.0,90.0
2022-08-31 03:00:00,18.407269,0.0,0.0,0.0,0.0,0.0,79.0,100.0
2022-08-31 04:00:00,17.86727,0.0,0.0,0.0,0.0,0.0,78.0,100.0
2022-08-31 05:00:00,17.167269,0.0,0.0,0.0,0.0,0.0,77.0,100.0
2022-08-31 06:00:00,16.657269,0.0,0.89,0.044559658,0.8454403,0.0,80.0,100.0
2022-08-31 07:00:00,16.957268,0.0,71.2,38.1253,33.074696,0.0,87.0,100.0
2022-08-31 08:00:00,16.327269,0.0,64.08,4.8370705,59.24293,0.0,93.0,100.0
2022-08-31 09:00:00,15.477269,0.0,41.829998,0.10473633,41.72526,0.0,97.0,100.0
2022-08-31 10:00:00,16.35727,0.0,82.77,1.0480728,81.721924,0.0,95.0,100.0
2022-08-31 11:00:00,15.55727,0.0,204.7,7.1397552,197.56024,0.0,96.0,100.0
2022-08-31 12:00:00,17.507269,0.0,590.07,434.58423,155.4858,0.0,85.0,100.0
2022-08-31 13:00:00,19.52727,0.0,716.45,479.52234,236.92767,0.0,78.0,100.0
2022-08-31 14:00:00,18.26727,0.0,520.64996,391.42554,129.22441,0.0,84.0,100.0
2022-08-31 15:00:00,19.18727,0.0,414.74,260.14905,154.59096,0.0,82.0,100.0
2022-08-31 16:00:00,18.397268,40.851067,434.32,300.96967,133.35034,0.0,84.0,30.0
2022-08-31 17:00:00,18.007269,43.404255,275.9,236.84581,39.05418,0.0,88.0,26.0
2022-08-31 18:00:00,16.837269,35.106384,221.61,124.91515,96.69485,0.0,92.0,39.0
2022-08-31 19:00:00,14.84727,36.38298,81.88,43.55301,38.32699,0.0,94.0,37.0
2022-08-31 20:00:00,14.03727,9.363297,0.0,0.0,0.0,0.0,93.0,7.0
2022-08-31 21:00:00,14.37727,0.0,0.0,0.0,0.0,0.0,87.0,13.8
2022-08-31 22:00:00,14.447269,0.0,0.0,0.0,0.0,0.0,82.0,15.000001
2022-08-31 23:00:00,14.04727,0.0,0.0,0.0,0.0,0.0,87.0,68.0
2022-09-01 00:00:00,13.67727,0.0,0.0,0.0,0.0,0.0,87.0,54.0
2022-09-01 01:00:00,13.49727,0.0,0.0,0.0,0.0,0.0,86.0,42.0
2022-09-01 02:00:00,12.777269,0.0,0.0,0.0,0.0,0.0,88.0,37.0
2022-09-01 03:00:00,11.857269,0.0,0.0,0.0,0.0,0.0,94.0,53.0
2022-09-01 04:00:00,12.1572695,0.0,0.0,0.0,0.0,0.0,92.0,100.0
2022-09-01 05:00:00,12.187269,0.0,0.0,0.0,0.0,0.0,92.0,89.0
2022-09-01 06:00:00,11.82727,10.000001,0.89,0.14165789,0.7483421,0.0,95.0,34.0
2022-09-01 07:00:00,13.237269,43.404255,101.46,54.261513,47.198486,0.0,89.0,26.0
2022-09-01 08:00:00,14.75727,53.61702,267.0,151.22891,115.771095,0.0,83.0,10.0
2022-09-01 09:00:00,16.27727,57.70213,422.75,251.8424,170.9076,0.0,76.0,3.6000001
2022-09-01 10:00:00,17.497269,57.70213,556.25,345.30698,210.94302,0.0,76.0,3.6000001
2022-09-01 11:00:00,18.387268,56.170216,655.04,419.12518,235.91478,0.0,76.0,6.0
2022-09-01 12:00:00,19.387268,52.531914,717.33997,467.4414,249.89857,0.0,74.0,11.700001
2022-09-01 13:00:00,18.827269,57.70213,739.58997,484.67172,254.91824,0.0,74.0,3.6000001
2022-09-01 14:00:00,19.417269,53.106384,714.67,465.0156,249.65439,0.0,72.0,10.8
2022-09-01 15:00:00,19.637268,55.212765,647.02997,412.79642,234.23355,0.0,70.0,7.5000005
2022-09-01 16:00:00,19.827269,33.19149,542.89996,335.58337,207.3166,0.0,67.0,42.0
2022-09-01 17:00:00,19.677269,0.0,391.6,232.00589,159.59412,0.0,68.0,100.0
2022-09-01 18:00:00,18.907269,26.80851,232.29,130.71188,101.57811,0.0,72.0,52.0
2022-09-01 19:00:00,16.667269,29.361702,84.549995,44.889065,39.66093,0.0,75.0,48.0
2022-09-01 20:00:00,16.35727,4.7978725,0.0,0.0,0.0,0.0,72.0,39.0
2022-09-01 21:00:00,16.03727,0.0,0.0,0.0,0.0,0.0,71.0,1.0
2022-09-01 22:00:00,15.437269,0.0,0.0,0.0,0.0,0.0,71.0,0.0
2022-09-01 23:00:00,15.07727,0.0,0.0,0.0,0.0,0.0,75.0,0.0
2022-09-02 00:00:00,13.947269,0.0,0.0,0.0,0.0,0.0,80.0,0.0
2022-09-02 01:00:00,14.28727,0.0,0.0,0.0,0.0,0.0,81.0,0.0
2022-09-02 02:00:00,14.07727,0.0,0.0,0.0,0.0,0.0,84.0,0.0
2022-09-02 03:00:00,13.42727,0.0,0.0,0.0,0.0,0.0,86.0,0.0
2022-09-02 04:00:00,12.96727,0.0,0.0,0.0,0.0,0.0,86.0,0.3
2022-09-02 05:00:00,12.647269,0.0,0.0,0.0,0.0,0.0,85.0,0.0
2022-09-02 06:00:00,12.25727,10.8514185,0.0,0.0,0.0,0.0,85.0,23.0
2022-09-02 07:00:00,13.88727,47.872337,97.9,52.29286,45.607143,0.0,80.0,19.0
2022-09-02 08:00:00,15.76727,54.063828,265.22,150.0511,115.1689,0.0,78.0,9.3
2022-09-02 09:00:00,17.647268,54.255318,420.08,249.98691,170.09308,0.0,71.0,9.0
2022-09-02 10:00:00,18.86727,59.234043,552.69,342.74585,209.94417,0.0,67.0,1.2
2022-09-02 11:00:00,19.897268,56.361702,650.58997,415.85278,234.7372,0.0,64.0,5.7000003
2022-09-02 12:00:00,20.717268,59.61702,711.11,462.89578,248.2142,0.0,62.0,0.6
2022-09-02 13:00:00,21.007269,42.127663,729.8,477.7282,252.07176,0.0,65.0,28.0
2022-09-02 14:00:00,21.707268,59.04255,700.43,455.20972,245.22029,0.0,63.0,1.5
2022-09-02 15:00:00,21.94727,56.93617,639.91,407.7268,232.18318,0.0,63.0,4.8
2022-09-02 16:00:00,21.747269,50.425533,534.0,329.6138,204.3862,0.0,63.0,15.0
2022-09-02 17:00:00,21.09727,0.0,372.02,220.06078,151.95921,0.0,67.0,100.0
2022-09-02 18:00:00,19.18727,0.0,120.15,83.34404,36.80596,0.0,77.0,100.0
2022-09-02 19:00:00,19.177269,0.0,9.79,0.4730873,9.316913,0.0,77.0,100.0
2022-09-02 20:00:00,17.157269,0.0,0.0,0.0,0.0,0.0,89.0,100.0
2022-09-02 21:00:00,15.76727,0.0,0.0,0.0,0.0,0.0,88.0,100.0
2022-09-02 22:00:00,14.95727,0.0,0.0,0.0,0.0,0.0,85.0,100.0
2022-09-02 23:00:00,17.057268,0.0,0.0,0.0,0.0,0.0,75.0,100.0
2022-09-03 00:00:00,15.79727,0.0,0.0,0.0,0.0,0.0,84.0,100.0
2022-09-03 01:00:00,14.92727,0.0,0.0,0.0,0.0,0.0,85.0,100.0
2022-09-03 02:00:00,15.487269,0.0,0.0,0.0,0.0,0.0,78.0,100.0
2022-09-03 03:00:00,15.3672695,0.0,0.0,0.0,0.0,0.0,78.0,100.0
2022-09-03 04:00:00,15.277269,0.0,0.0,0.0,0.0,0.0,75.0,100.0
2022-09-03 05:00:00,16.02727,0.0,0.0,0.0,0.0,0.0,69.0,100.0
2022-09-03 06:00:00,16.38727,0.0,0.0,0.0,0.0,0.0,69.0,100.0
2022-09-03 07:00:00,15.857269,0.0,86.33,46.055,40.275,0.0,80.0,100.0
2022-09-03 08:00:00,17.26727,21.063831,248.31,140.3229,107.9871,0.0,76.0,61.0
2022-09-03 09:00:00,18.167269,0.0,363.12,218.21169,144.90831,0.0,75.0,100.0
2022-09-03 10:00:00,18.817268,0.0,429.87,301.15433,128.71567,0.0,74.0,100.0
2022-09-03 11:00:00,17.53727,0.0,350.66,158.24846,192.41154,0.0,78.0,100.0
2022-09-03 12:00:00,17.827269,0.0,183.34,6.8047028,176.5353,0.0,78.0,100.0
2022-09-03 13:00:00,18.927269,60.0,730.69,477.76312,252.92686,0.0,69.0,0.0
2022-09-03 14:00:00,20.307268,60.0,711.11,461.58176,249.52823,0.0,65.0,0.0
2022-09-03 15:00:00,21.84727,58.723404,640.8,407.74664,233.05333,0.0,59.0,2.0
2022-09-03 16:00:00,22.077269,51.06383,528.66,325.8377,202.82227,0.0,61.0,14.0
2022-09-03 17:00:00,19.44727,53.61702,376.47,222.33249,154.13751,0.0,72.0,10.0
2022-09-03 18:00:00,18.02727,58.723404,229.62,128.75682,100.863174,0.0,75.0,2.0
2022-09-03 19:00:00,15.21727,60.0,68.53,36.284245,32.245754,0.0,84.0,0.0
2022-09-03 20:00:00,15.99727,4.1921988,0.0,0.0,0.0,0.0,79.0,2.0
2022-09-03 21:00:00,16.11727,0.0,0.0,0.0,0.0,0.0,80.0,100.0
2022-09-03 22:00:00,15.70727,0.0,0.0,0.0,0.0,0.0,78.0,100.0
2022-09-03 23:00:00,15.9072695,0.0,0.0,0.0,0.0,0.0,74.0,100.0
2022-09-04 00:00:00,15.76727,0.0,0.0,0.0,0.0,0.0,69.0,0.0
2022-09-04 01:00:00,15.67727,0.0,0.0,0.0,0.0,0.0,68.0,0.0
2022-09-04 02:00:00,15.6572695,0.0,0.0,0.0,0.0,0.0,67.0,50.0
2022-09-04 03:00:00,15.74727,0.0,0.0,0.0,0.0,0.0,68.0,100.0
2022-09-04 04:00:00,15.447269,0.0,0.0,0.0,0.0,0.0,68.0,0.0
2022-09-04 05:00:00,14.9072695,0.0,0.0,0.0,0.0,0.0,67.0,0.0
2022-09-04 06:00:00,15.04727,11.75,0.0,0.0,0.0,0.0,66.0,0.0
2022-09-04 07:00:00,16.877268,60.0,80.99,43.15177,37.838226,0.0,67.0,0.0
2022-09-04 08:00:00,17.957268,60.0,245.64,138.6536,106.9864,0.0,66.0,0.0
2022-09-04 09:00:00,18.817268,60.0,404.94998,240.46071,164.48927,0.0,65.0,0.0
2022-09-04 10:00:00,19.77727,60.0,543.79,336.51633,207.27365,0.0,63.0,0.0
2022-09-04 11:00:00,20.59727,60.0,647.92,413.27173,234.64827,0.0,61.0,0.0
2022-09-04 12:00:00,21.407269,60.0,714.67,464.20013,250.46983,0.0,62.0,0.0
2022-09-04 13:00:00,22.09727,60.0,737.81,481.861,255.949,0.0,58.0,0.0
2022-09-04 14:00:00,22.487268,60.0,711.11,461.0086,250.10136,0.0,57.0,0.0
2022-09-04 15:00:00,22.457268,60.0,639.91,406.6304,233.27957,0.0,57.0,0.0
2022-09-04 16:00:00,22.167269,60.0,527.77,324.80762,202.96242,0.0,60.0,0.0
2022-09-04 17:00:00,21.407269,60.0,387.15,228.26758,158.88242,0.0,62.0,0.0
2022-09-04 18:00:00,20.03727,60.0,226.06,126.533875,99.52612,0.0,67.0,0.0
2022-09-04 19:00:00,18.61727,60.0,63.19,33.424805,29.765192,0.0,63.0,0.0
2022-09-04 20:00:00,18.667269,2.3166666,0.0,0.0,0.0,0.0,60.0,0.0
2022-09-04 21:00:00,18.667269,0.0,0.0,0.0,0.0,0.0,60.0,0.0
2022-09-04 22:00:00,18.667269,0.0,0.0,0.0,0.0,0.0,62.0,0.0
2022-09-04 23:00:00,18.03727,0.0,0.0,0.0,0.0,0.0,66.0,0.0
2022-09-05 00:00:00,16.93727,0.0,0.0,0.0,0.0,0.0,70.0,0.0
2022-09-05 01:00:00,17.317268,0.0,0.0,0.0,0.0,0.0,65.0,4.8
2022-09-05 02:00:00,17.44727,0.0,0.0,0.0,0.0,0.0,59.0,12.6
2022-09-05 03:00:00,17.257269,0.0,0.0,0.0,0.0,0.0,57.0,9.6
2022-09-05 04:00:00,17.02727,0.0,0.0,0.0,0.0,0.0,56.0,30.000002
2022-09-05 05:00:00,16.86727,0.0,0.0,0.0,0.0,0.0,57.0,30.000002
2022-09-05 06:00:00,16.547268,5.1138296,0.0,0.0,0.0,0.0,60.0,48.0
2022-09-05 07:00:00,18.137268,0.0,73.869995,39.30849,34.561504,0.0,59.0,100.0
2022-09-05 08:00:00,19.837269,0.0,231.4,130.46414,100.93585,0.0,61.0,97.0
2022-09-05 09:00:00,20.917269,60.0,403.16998,239.14139,164.0286,0.0,60.0,0.0
2022-09-05 10:00:00,21.677269,60.0,537.56,332.30597,205.25403,0.0,59.0,0.0
2022-09-05 11:00:00,22.34727,60.0,640.8,408.29245,232.50754,0.0,59.0,0.0
2022-09-05 12:00:00,23.077269,60.0,706.66,458.49014,248.16983,0.0,58.0,0.0
2022-09-05 13:00:00,23.987268,60.0,731.58,477.235,254.34503,0.0,52.0,0.0
2022-09-05 14:00:00,24.247269,60.0,705.76996,456.97366,248.7963,0.0,50.0,0.0
2022-09-05 15:00:00,24.10727,60.0,634.57,402.68826,231.88174,0.0,51.0,0.0
2022-09-05 16:00:00,23.717268,60.0,522.43,321.04205,201.38792,0.0,53.0,0.0
2022-09-05 17:00:00,23.177269,60.0,380.03,223.70284,156.32716,0.0,56.0,0.0
2022-09-05 18:00:00,21.967268,60.0,218.94,122.32851,96.611496,0.0,66.0,0.0
2022-09-05 19:00:00,20.707268,60.0,57.85,30.57073,27.279268,0.0,59.0,0.0
2022-09-05 20:00:00,20.34727,0.35,0.0,0.0,0.0,0.0,59.0,0.0
2022-09-05 21:00:00,19.927269,0.0,0.0,0.0,0.0,0.0,60.0,0.0
2022-09-05 22:00:00,19.417269,0.0,0.0,0.0,0.0,0.0,62.0,0.0
2022-09-05 23:00:00,19.257269,0.0,0.0,0.0,0.0,0.0,60.0,0.0
2022-09-06 00:00:00,19.19727,0.0,0.0,0.0,0.0,0.0,58.0,0.0
2022-09-06 01:00:00,19.087269,0.0,0.0,0.0,0.0,0.0,54.0,0.0
2022-09-06 02:00:00,18.997269,0.0,0.0,0.0,0.0,0.0,53.0,10.0
2022-09-06 03:00:00,18.897268,0.0,0.0,0.0,0.0,0.0,52.0,0.0
2022-09-06 04:00:00,18.44727,0.0,0.0,0.0,0.0,0.0,54.0,10.0
2022-09-06 05:00:00,18.397268,0.0,0.0,0.0,0.0,0.0,54.0,2.0
2022-09-06 06:00:00,18.68727,9.052659,0.0,0.0,0.0,0.0,53.0,1.0
2022-09-06 07:00:00,19.957268,60.0,73.869995,39.258736,34.61126,0.0,61.0,0.0
2022-09-06 08:00:00,20.827269,60.0,242.08,136.32654,105.75347,0.0,63.0,0.0
2022-09-06 09:00:00,21.76727,60.0,396.05,234.65916,161.39082,0.0,58.0,0.0
2022-09-06 10:00:00,23.047268,60.0,532.22,328.65118,203.5688,0.0,58.0,0.0
2022-09-06 11:00:00,23.85727,60.0,636.35,405.01892,231.33104,0.0,54.0,0.0
2022-09-06 12:00:00,24.377268,58.468086,695.08997,450.48035,244.6096,0.0,52.0,2.4
2022-09-06 13:00:00,24.68727,0.0,676.39996,456.87927,219.52068,0.0,53.0,100.0
2022-09-06 14:00:00,25.01727,0.0,674.62,439.50916,235.11086,0.0,51.0,100.0
2022-09-06 15:00:00,24.837269,10.212765,615.88,390.29187,225.58815,0.0,54.0,78.0
2022-09-06 16:00:00,24.61727,60.0,510.86,313.46124,197.39876,0.0,57.0,0.0
2022-09-06 17:00:00,23.93727,60.0,357.78,210.25902,147.52098,0.0,59.0,0.0
2022-09-06 18:00:00,22.627268,60.0,210.04,117.144226,92.89577,0.0,67.0,0.0
2022-09-06 19:00:00,21.567268,58.466667,52.51,27.72204,24.787958,0.0,61.0,0.0
2022-09-06 20:00:00,21.957268,0.0,0.0,0.0,0.0,0.0,61.0,100.0
2022-09-06 21:00:00,20.247269,0.0,0.0,0.0,0.0,0.0,69.0,100.0
2022-09-06 22:00:00,19.747269,0.0,0.0,0.0,0.0,0.0,73.0,100.0
2022-09-06 23:00:00,20.69727,0.0,0.0,0.0,0.0,0.0,69.0,100.0
2022-09-07 00:00:00,20.407269,0.0,0.0,0.0,0.0,0.0,71.0,77.0
2022-09-07 01:00:00,19.27727,0.0,0.0,0.0,0.0,0.0,75.0,100.0
2022-09-07 02:00:00,17.667269,0.0,0.0,0.0,0.0,0.0,84.0,100.0
2022-09-07 03:00:00,17.94727,0.0,0.0,0.0,0.0,0.0,81.0,100.0
2022-09-07 04:00:00,18.43727,0.0,0.0,0.0,0.0,0.0,78.0,100.0
2022-09-07 05:00:00,17.917269,0.0,0.0,0.0,0.0,0.0,80.0,100.0
2022-09-07 06:00:00,16.78727,0.0,0.0,0.0,0.0,0.0,84.0,100.0
2022-09-07 07:00:00,17.93727,48.51064,79.21,42.04334,37.16666,0.0,83.0,18.0
2022-09-07 08:00:00,18.717268,54.255318,246.53,138.67014,107.85987,0.0,87.0,9.0
2022-09-07 09:00:00,20.10727,56.55319,402.28,238.0861,164.1939,0.0,78.0,5.4
2022-09-07 10:00:00,21.377268,56.170216,534.89,329.94208,204.94795,0.0,69.0,6.0
2022-09-07 11:00:00,22.10727,55.404255,631.89996,401.7483,230.15167,0.0,65.0,7.2000003
2022-09-07 12:00:00,22.637268,55.97872,695.98,450.5495,245.43047,0.0,62.0,6.3
2022-09-07 13:00:00,23.257269,55.78723,712.89,463.9439,248.94609,0.0,59.0,6.6000004
2022-09-07 14:00:00,23.407269,57.31915,679.95996,439.14554,240.81442,0.0,60.0,4.2000003
2022-09-07 15:00:00,23.737268,54.893616,611.43,386.93536,224.49461,0.0,62.0,8.0
2022-09-07 16:00:00,23.217268,40.851063,485.94,297.71902,188.22098,0.0,66.0,30.000002
2022-09-07 17:00:00,22.34727,13.404254,341.76,200.51099,141.24902,0.0,68.0,73.0
2022-09-07 18:00:00,21.78727,0.0,173.55,96.616844,76.93316,0.0,71.0,100.0
2022-09-07 19:00:00,22.167269,0.0,12.46,4.775861,7.6841393,0.0,66.0,100.0
2022-09-07 20:00:00,20.307268,0.0,0.0,0.0,0.0,0.0,77.0,100.0
2022-09-07 21:00:00,19.26727,0.0,0.0,0.0,0.0,0.0,79.0,73.0
2022-09-07 22:00:00,18.157269,0.0,0.0,0.0,0.0,0.0,75.0,100.0
2022-09-07 23:00:00,17.68727,0.0,0.0,0.0,0.0,0.0,73.0,63.0
2022-09-08 00:00:00,18.02727,0.0,0.0,0.0,0.0,0.0,71.0,100.0
2022-09-08 01:00:00,18.837269,0.0,0.0,0.0,0.0,0.0,71.0,100.0
2022-09-08 02:00:00,18.327269,0.0,0.0,0.0,0.0,0.0,80.0,100.0
2022-09-08 03:00:00,17.207268,0.0,0.0,0.0,0.0,0.0,84.0,100.0
2022-09-08 04:00:00,15.42727,0.0,0.0,0.0,0.0,0.0,83.0,100.0
2022-09-08 05:00:00,14.277269,0.0,0.0,0.0,0.0,0.0,75.0,100.0
2022-09-08 06:00:00,15.107269,0.0,0.0,0.0,0.0,0.0,69.0,100.0
2022-09-08 07:00:00,14.897269,28.085108,39.16,20.759174,18.400826,0.0,78.0,50.0
2022-09-08 08:00:00,17.01727,60.0,234.95999,132.0047,102.955284,0.0,75.0,0.0
2022-09-08 09:00:00,18.397268,60.0,394.27,233.08112,161.18887,0.0,64.0,0.0
2022-09-08 10:00:00,18.257269,60.0,532.22,327.93076,204.28922,0.0,64.0,0.0
2022-09-08 11:00:00,18.647268,60.0,635.45996,403.55942,231.90054,0.0,64.0,0.0
2022-09-08 12:00:00,19.27727,32.553192,671.95,439.18152,232.76851,0.0,64.0,43.0
2022-09-08 13:00:00,20.327269,60.0,721.79,469.16086,252.62912,0.0,63.0,0.0
2022-09-08 14:00:00,19.467268,53.61702,494.84,376.4447,118.3953,0.0,65.0,10.0
2022-09-08 15:00:00,21.047268,53.61702,461.91,392.16013,69.74988,0.0,58.0,10.0
2022-09-08 16:00:00,19.667269,53.61702,367.57,264.0343,103.53571,0.0,64.0,10.0
2022-09-08 17:00:00,19.667269,53.61702,344.43,201.73352,142.69647,0.0,62.0,10.0
2022-09-08 18:00:00,17.59727,53.61702,193.12999,107.31714,85.81285,0.0,72.0,10.0
2022-09-08 19:00:00,15.737269,54.483334,45.39,23.915995,21.474005,0.0,69.0,0.0
2022-09-08 20:00:00,15.527269,0.0,0.0,0.0,0.0,0.0,68.0,0.0
2022-09-08 21:00:00,15.897269,0.0,0.0,0.0,0.0,0.0,63.0,0.0
2022-09-08 22:00:00,15.96727,0.0,0.0,0.0,0.0,0.0,63.0,6.9
2022-09-08 23:00:00,15.04727,0.0,0.0,0.0,0.0,0.0,65.0,9.900001
2022-09-09 00:00:00,14.6572695,0.0,0.0,0.0,0.0,0.0,64.0,10.200001
2022-09-09 01:00:00,14.487269,0.0,0.0,0.0,0.0,0.0,63.0,10.200001
2022-09-09 02:00:00,14.29727,0.0,0.0,0.0,0.0,0.0,62.0,0.0
2022-09-09 03:00:00,14.49727,0.0,0.0,0.0,0.0,0.0,61.0,92.0
2022-09-09 04:00:00,14.58727,0.0,0.0,0.0,0.0,0.0,62.0,100.0
2022-09-09 05:00:00,14.067269,0.0,0.0,0.0,0.0,0.0,67.0,100.0
2022-09-09 06:00:00,12.897269,5.233333,0.0,0.0,0.0,0.0,70.0,0.0
2022-09-09 07:00:00,14.55727,60.0,66.75,35.36246,31.387539,0.0,72.0,0.0
2022-09-09 08:00:00,15.857269,60.0,232.29,130.34799,101.942,0.0,72.0,0.0
2022-09-09 09:00:00,17.147268,60.0,395.16,233.34027,161.81973,0.0,66.0,0.0
2022-09-09 10:00:00,18.307268,60.0,531.33,327.01544,204.31459,0.0,64.0,0.0
2022-09-09 11:00:00,19.647268,53.61702,626.56,397.45734,229.10268,0.0,59.0,10.0
2022-09-09 12:00:00,20.86727,60.0,669.27997,436.1941,233.08586,0.0,54.0,0.0
2022-09-09 13:00:00,19.03727,55.531918,715.56,464.53687,251.02312,0.0,63.0,7.0
2022-09-09 14:00:00,18.977268,53.61702,686.19,442.00098,244.18904,0.0,63.0,10.0
2022-09-09 15:00:00,18.03727,53.61702,302.6,117.23631,185.3637,0.0,67.0,10.0
2022-09-09 16:00:00,17.177269,21.063831,205.59,57.258408,148.33159,0.0,68.0,61.0
2022-09-09 17:00:00,16.35727,0.0,120.15,24.385994,95.76401,0.0,74.0,100.0
2022-09-09 18:00:00,16.227268,0.0,56.96,13.402241,43.55776,0.0,79.0,100.0
2022-09-09 19:00:00,15.067269,0.0,16.02,11.993979,4.026021,0.0,73.0,100.0
2022-09-09 20:00:00,13.70727,0.0,0.0,0.0,0.0,0.0,80.0,100.0
2022-09-09 21:00:00,14.1572695,0.0,0.0,0.0,0.0,0.0,75.0,100.0
2022-09-09 22:00:00,14.26727,0.0,0.0,0.0,0.0,0.0,71.0,100.0
2022-09-09 23:00:00,14.187269,0.0,0.0,0.0,0.0,0.0,72.0,100.0
2022-09-10 00:00:00,13.67727,0.0,0.0,0.0,0.0,0.0,75.0,100.0
2022-09-10 01:00:00,13.17727,0.0,0.0,0.0,0.0,0.0,78.0,100.0
2022-09-10 02:00:00,13.00727,0.0,0.0,0.0,0.0,0.0,79.0,100.0
2022-09-10 03:00:00,12.84727,0.0,0.0,0.0,0.0,0.0,80.0,100.0
2022-09-10 04:00:00,12.49727,0.0,0.0,0.0,0.0,0.0,82.0,100.0
2022-09-10 05:00:00,12.08727,0.0,0.0,0.0,0.0,0.0,84.0,100.0
2022-09-10 06:00:00,11.74727,0.0,0.0,0.0,0.0,0.0,86.0,100.0
2022-09-10 07:00:00,12.32727,0.0,24.92,21.511248,3.408752,0.0,87.0,100.0
2022-09-10 08:00:00,13.03727,0.0,95.229996,46.581287,48.64871,0.0,87.0,100.0
2022-09-10 09:00:00,12.727269,0.0,89.0,3.6391373,85.36086,0.0,88.0,100.0
2022-09-10 10:00:00,13.1172695,0.0,119.259995,4.1819687,115.078026,0.0,86.0,100.0
2022-09-10 11:00:00,14.29727,0.0,252.76,54.716125,198.04387,0.0,82.0,100.0
2022-09-10 12:00:00,15.937269,0.0,403.16998,209.64589,193.5241,0.0,75.0,100.0
2022-09-10 13:00:00,17.837269,60.0,703.1,455.87903,247.22093,0.0,67.0,0.0
2022-09-10 14:00:00,17.59727,60.0,685.3,440.83817,244.46182,0.0,67.0,0.0
2022-09-10 15:00:00,17.747269,45.95745,612.32,385.83273,226.48727,0.0,65.0,22.0
2022-09-10 16:00:00,17.18727,45.31915,500.18,305.00693,195.17307,0.0,68.0,23.0
2022-09-10 17:00:00,16.27727,0.0,341.76,199.48361,142.2764,0.0,71.0,100.0
2022-09-10 18:00:00,15.197269,0.0,179.78,99.52531,80.25469,0.0,74.0,100.0
2022-09-10 19:00:00,13.697269,0.0,19.58,11.562111,8.017889,0.0,81.0,100.0
2022-09-10 20:00:00,13.26727,0.0,0.0,0.0,0.0,0.0,84.0,100.0
2022-09-10 21:00:00,13.66727,0.0,0.0,0.0,0.0,0.0,85.0,100.0
2022-09-10 22:00:00,13.45727,0.0,0.0,0.0,0.0,0.0,85.0,78.0
2022-09-10 23:00:00,13.05727,0.0,0.0,0.0,0.0,0.0,78.0,54.0
2022-09-11 00:00:00,13.227269,0.0,0.0,0.0,0.0,0.0,80.0,100.0
2022-09-11 01:00:00,12.57727,0.0,0.0,0.0,0.0,0.0,87.0,100.0
2022-09-11 02:00:00,12.67727,0.0,0.0,0.0,0.0,0.0,89.0,100.0
2022-09-11 03:00:00,12.54727,0.0,0.0,0.0,0.0,0.0,86.0,100.0
2022-09-11 04:00:00,12.24727,0.0,0.0,0.0,0.0,0.0,88.0,100.0
2022-09-11 05:00:00,12.13727,0.0,0.0,0.0,0.0,0.0,85.0,100.0
2022-09-11 06:00:00,11.16727,2.6166666,0.0,0.0,0.0,0.0,78.0,0.0
2022-09-11 07:00:00,12.41727,50.425533,62.3,32.962822,29.33718,0.0,79.0,15.0
2022-09-11 08:00:00,13.647269,50.425533,230.51,129.03691,101.47308,0.0,84.0,15.0
2022-09-11 09:00:00,14.607269,60.0,387.15,228.08339,159.0666,0.0,78.0,0.0
2022-09-11 10:00:00,15.447269,60.0,524.21,321.9022,202.30783,0.0,74.0,0.0
2022-09-11 11:00:00,16.28727,60.0,628.33997,397.67377,230.6662,0.0,71.0,0.0
2022-09-11 12:00:00,16.94727,60.0,695.08997,447.86215,247.22781,0.0,68.0,0.0
2022-09-11 13:00:00,17.737268,60.0,718.23,465.10358,253.12642,0.0,61.0,0.0
2022-09-11 14:00:00,18.007269,60.0,690.64,443.67505,246.96495,0.0,59.0,0.0
2022-09-11 15:00:00,18.077269,60.0,616.77,388.07068,228.69933,0.0,57.0,0.0
2022-09-11 16:00:00,17.917269,60.0,501.96,305.60727,196.35272,0.0,57.0,0.0
2022-09-11 17:00:00,17.34727,60.0,357.78,208.47348,149.30652,0.0,61.0,0.0
2022-09-11 18:00:00,15.78727,60.0,192.23999,106.222786,86.017204,0.0,71.0,0.0
2022-09-11 19:00:00,14.58727,48.483334,35.6,18.701475,16.898523,0.0,61.0,0.0
2022-09-11 20:00:00,14.50727,0.0,0.0,0.0,0.0,0.0,60.0,0.0
2022-09-11 21:00:00,14.26727,0.0,0.0,0.0,0.0,0.0,58.0,0.0
2022-09-11 22:00:00,13.92727,0.0,0.0,0.0,0.0,0.0,58.0,0.0
2022-09-11 23:00:00,13.3672695,0.0,0.0,0.0,0.0,0.0,60.0,0.0
2022-09-12 00:00:00,13.24727,0.0,0.0,0.0,0.0,0.0,58.0,0.0
2022-09-12 01:00:00,12.41727,0.0,0.0,0.0,0.0,0.0,61.0,0.0
2022-09-12 02:00:00,11.26727,0.0,0.0,0.0,0.0,0.0,69.0,0.3
2022-09-12 03:00:00,11.51727,0.0,0.0,0.0,0.0,0.0,71.0,3.6000001
2022-09-12 04:00:00,11.4072695,0.0,0.0,0.0,0.0,0.0,74.0,0.0
2022-09-12 05:00:00,11.20727,0.0,0.0,0.0,0.0,0.0,74.0,0.0
2022-09-12 06:00:00,10.95727,1.3166667,0.0,0.0,0.0,0.0,68.0,0.0
2022-09-12 07:00:00,12.3672695,60.0,59.629997,31.529886,28.100111,0.0,72.0,0.0
2022-09-12 08:00:00,14.17727,60.0,228.73,127.88492,100.84508,0.0,62.0,0.0
2022-09-12 09:00:00,16.077269,60.0,393.38,231.48402,161.89598,0.0,61.0,0.0
2022-09-12 10:00:00,17.397268,60.0,534.89,328.08395,206.80606,0.0,57.0,0.0
2022-09-12 11:00:00,18.51727,60.0,639.02,403.96393,235.0561,0.0,50.0,0.0
2022-09-12 12:00:00,19.427269,60.0,703.99,453.05148,250.9385,0.0,49.0,0.0
2022-09-12 13:00:00,20.247269,60.0,718.23,464.51364,253.71634,0.0,56.0,0.0
2022-09-12 14:00:00,20.797268,60.0,687.08,440.78833,246.29169,0.0,55.0,0.0
2022-09-12 15:00:00,20.927269,60.0,610.54,383.58618,226.95378,0.0,55.0,0.0
2022-09-12 16:00:00,20.907269,60.0,494.84,300.79068,194.04932,0.0,56.0,0.0
2022-09-12 17:00:00,20.237268,56.55319,354.22,206.03928,148.18073,0.0,60.0,5.4
2022-09-12 18:00:00,18.317268,55.97872,197.58,108.9662,88.6138,0.0,73.0,6.3
2022-09-12 19:00:00,17.68727,42.92291,37.38,19.61672,17.76328,0.0,65.0,7.2000003
2022-09-12 20:00:00,17.77727,0.0,0.0,0.0,0.0,0.0,61.0,2.7
2022-09-12 21:00:00,17.957268,0.0,0.0,0.0,0.0,0.0,55.0,0.0
2022-09-12 22:00:00,18.43727,0.0,0.0,0.0,0.0,0.0,47.0,0.0
2022-09-12 23:00:00,18.26727,0.0,0.0,0.0,0.0,0.0,44.0,0.0
2022-09-13 00:00:00,17.877268,0.0,0.0,0.0,0.0,0.0,41.0,0.0
2022-09-13 01:00:00,17.807268,0.0,0.0,0.0,0.0,0.0,41.0,0.0
2022-09-13 02:00:00,17.737268,0.0,0.0,0.0,0.0,0.0,40.0,0.0
2022-09-13 03:00:00,17.60727,0.0,0.0,0.0,0.0,0.0,39.0,2.4
2022-09-13 04:00:00,17.507269,0.0,0.0,0.0,0.0,0.0,40.0,5.4
2022-09-13 05:00:00,17.557268,0.0,0.0,0.0,0.0,0.0,39.0,2.1000001
2022-09-13 06:00:00,17.737268,0.0,0.0,0.0,0.0,0.0,38.0,0.3
2022-09-13 07:00:00,19.297268,59.95,54.29,28.687578,25.602423,0.0,42.0,0.0
2022-09-13 08:00:00,20.177269,59.61702,227.84,127.22957,100.61043,0.0,50.0,0.6
2022-09-13 09:00:00,22.067268,56.93617,385.37,226.50082,158.86917,0.0,50.0,4.8
2022-09-13 10:00:00,23.60727,54.44681,517.08997,316.7933,200.29666,0.0,47.0,8.700001
2022-09-13 11:00:00,24.43727,56.361702,614.1,387.74774,226.35225,0.0,46.0,5.7000003
2022-09-13 12:00:00,25.09727,49.787235,671.06,431.32547,239.73453,0.0,46.0,16.0
2022-09-13 13:00:00,23.647268,0.0,351.55,132.49866,219.05133,0.0,54.0,100.0
2022-09-13 14:00:00,24.637268,3.8297868,451.22998,314.27045,136.95952,0.0,51.0,88.0
2022-09-13 15:00:00,25.10727,40.851063,574.94,360.6741,214.2659,0.0,44.0,30.000002
2022-09-13 16:00:00,25.067268,51.0,443.22,268.9713,174.24869,0.0,45.0,14.1
2022-09-13 17:00:00,25.057268,46.97872,347.1,201.53746,145.56255,0.0,49.0,20.400002
2022-09-13 18:00:00,22.84727,57.89362,184.23,101.40661,82.82339,0.0,63.0,3.3000002
2022-09-13 19:00:00,21.76727,42.74766,33.82,17.730188,16.089811,0.0,62.0,3.6000001
2022-09-13 20:00:00,22.217268,0.0,0.0,0.0,0.0,0.0,61.0,100.0
2022-09-13 21:00:00,22.18727,0.0,0.0,0.0,0.0,0.0,62.0,100.0
2022-09-13 22:00:00,20.927269,0.0,0.0,0.0,0.0,0.0,60.0,30.000002
2022-09-13 23:00:00,20.657269,0.0,0.0,0.0,0.0,0.0,56.0,10.0
2022-09-14 00:00:00,20.467268,0.0,0.0,0.0,0.0,0.0,55.0,100.0
2022-09-14 01:00:00,20.36727,0.0,0.0,0.0,0.0,0.0,58.0,100.0
2022-09-14 02:00:00,20.157269,0.0,0.0,0.0,0.0,0.0,59.0,13.500001
2022-09-14 03:00:00,20.557268,0.0,0.0,0.0,0.0,0.0,55.0,85.0
2022-09-14 04:00:00,21.477268,0.0,0.0,0.0,0.0,0.0,54.0,100.0
2022-09-14 05:00:00,21.237268,0.0,0.0,0.0,0.0,0.0,54.0,60.0
2022-09-14 06:00:00,20.167269,0.0,0.0,0.0,0.0,0.0,58.0,23.7
2022-09-14 07:00:00,21.067268,45.160145,51.62,27.258774,24.361225,0.0,61.0,21.6
2022-09-14 08:00:00,21.78727,0.0,180.67,100.76315,79.906845,0.0,64.0,100.0
2022-09-14 09:00:00,23.43727,40.851063,207.37,132.22644,75.14356,0.0,57.0,30.000002
2022-09-14 10:00:00,24.987268,52.148937,440.55,284.50592,156.04405,0.0,55.0,12.3
2022-09-14 11:00:00,24.307268,54.063828,558.92,365.24524,193.67473,0.0,58.0,9.3
2022-09-14 12:00:00,24.68727,49.468082,638.13,417.82355,220.30644,0.0,58.0,16.5
2022-09-14 13:00:00,20.11727,0.0,146.84999,3.8841248,142.96587,0.0,81.0,100.0
2022-09-14 14:00:00,21.467268,0.0,264.33,52.318176,212.01181,0.0,78.0,100.0
2022-09-14 15:00:00,22.047268,0.0,508.19,341.39932,166.79068,0.0,73.0,100.0
2022-09-14 16:00:00,22.797268,0.0,385.37,255.79338,129.57661,0.0,67.0,100.0
2022-09-14 17:00:00,21.647268,17.234043,230.51,154.8512,75.658806,0.0,70.0,67.0
2022-09-14 18:00:00,20.077269,14.042552,71.2,42.187546,29.012453,0.0,82.0,72.0
2022-09-14 19:00:00,19.547268,0.0,8.01,3.4289036,4.5810966,0.0,79.0,100.0
2022-09-14 20:00:00,18.907269,0.0,0.0,0.0,0.0,0.0,79.0,100.0
2022-09-14 21:00:00,18.337269,0.0,0.0,0.0,0.0,0.0,81.0,100.0
2022-09-14 22:00:00,18.10727,0.0,0.0,0.0,0.0,0.0,80.0,100.0
2022-09-14 23:00:00,18.34727,0.0,0.0,0.0,0.0,0.0,76.0,100.0
2022-09-15 00:00:00,18.427269,0.0,0.0,0.0,0.0,0.0,76.0,100.0
2022-09-15 01:00:00,17.807268,0.0,0.0,0.0,0.0,0.0,78.0,100.0
2022-09-15 02:00:00,18.147268,0.0,0.0,0.0,0.0,0.0,79.0,100.0
2022-09-15 03:00:00,16.94727,0.0,0.0,0.0,0.0,0.0,82.0,100.0
2022-09-15 04:00:00,17.01727,0.0,0.0,0.0,0.0,0.0,78.0,100.0
2022-09-15 05:00:00,17.827269,0.0,0.0,0.0,0.0,0.0,72.0,100.0
2022-09-15 06:00:00,17.44727,0.0,0.0,0.0,0.0,0.0,71.0,38.0
2022-09-15 07:00:00,17.977268,0.0,52.51,27.710464,24.799534,0.0,74.0,100.0
2022-09-15 08:00:00,19.707268,0.0,148.63,88.13499,60.495018,0.0,72.0,100.0
2022-09-15 09:00:00,21.917269,3.8297868,288.36,184.19272,104.167274,0.0,61.0,88.0
2022-09-15 10:00:00,22.837269,37.02128,500.18,305.70392,194.47607,0.0,56.0,36.0
2022-09-15 11:00:00,23.297268,58.723404,598.97,377.28067,221.6893,0.0,55.0,2.0
2022-09-15 12:00:00,24.007269,56.170216,663.94,425.67938,238.26064,0.0,53.0,6.0
2022-09-15 13:00:00,20.26727,0.0,221.61,11.5868225,210.02318,0.0,68.0,100.0
2022-09-15 14:00:00,19.877268,0.0,202.92,7.306793,195.6132,0.0,70.0,100.0
2022-09-15 15:00:00,18.68727,0.0,133.5,4.480118,129.01988,0.0,78.0,100.0
2022-09-15 16:00:00,18.84727,0.0,184.23,47.518555,136.71144,0.0,78.0,100.0
2022-09-15 17:00:00,18.76727,0.0,234.95999,153.85242,81.107574,0.0,77.0,100.0
2022-09-15 18:00:00,17.34727,0.0,97.01,60.91191,36.09809,0.0,84.0,100.0
2022-09-15 19:00:00,16.397268,0.0,11.57,10.502949,1.0670506,0.0,86.0,100.0
2022-09-15 20:00:00,16.38727,0.0,0.0,0.0,0.0,0.0,82.0,100.0
2022-09-15 21:00:00,16.077269,0.0,0.0,0.0,0.0,0.0,83.0,100.0
2022-09-15 22:00:00,15.74727,0.0,0.0,0.0,0.0,0.0,86.0,100.0
2022-09-15 23:00:00,14.74727,0.0,0.0,0.0,0.0,0.0,92.0,100.0
2022-09-16 00:00:00,14.027269,0.0,0.0,0.0,0.0,0.0,95.0,100.0
2022-09-16 01:00:00,13.6172695,0.0,0.0,0.0,0.0,0.0,96.0,100.0
2022-09-16 02:00:00,13.277269,0.0,0.0,0.0,0.0,0.0,97.0,100.0
2022-09-16 03:00:00,13.277269,0.0,0.0,0.0,0.0,0.0,97.0,100.0
2022-09-16 04:00:00,13.24727,0.0,0.0,0.0,0.0,0.0,97.0,100.0
2022-09-16 05:00:00,13.03727,0.0,0.0,0.0,0.0,0.0,97.0,100.0
2022-09-16 06:00:00,12.67727,0.0,0.0,0.0,0.0,0.0,97.0,100.0
2022-09-16 07:00:00,12.96727,0.0,23.14,13.922285,9.217714,0.0,97.0,100.0
2022-09-16 08:00:00,14.05727,0.0,165.54,92.09313,73.44686,0.0,93.0,100.0
2022-09-16 09:00:00,15.12727,0.0,301.71,184.76431,116.94567,0.0,90.0,100.0
2022-09-16 10:00:00,15.03727,0.0,339.09,264.75012,74.33988,0.0,87.0,100.0
2022-09-16 11:00:00,15.147269,0.0,250.98,62.18904,188.79095,0.0,84.0,100.0
2022-09-16 12:00:00,17.077269,0.0,487.72,388.81802,98.90197,0.0,74.0,100.0
2022-09-16 13:00:00,17.61727,60.0,680.85,438.0113,242.83867,0.0,71.0,0.0
2022-09-16 14:00:00,17.747269,60.0,656.82,418.9948,237.82521,0.0,69.0,0.0
2022-09-16 15:00:00,16.46727,0.0,453.9,321.82922,132.07076,0.0,73.0,100.0
2022-09-16 16:00:00,15.26727,0.0,125.49,6.1176453,119.37235,0.0,84.0,100.0
2022-09-16 17:00:00,14.527269,0.0,112.14,28.81424,83.32576,0.0,87.0,100.0
2022-09-16 18:00:00,13.34727,0.0,101.46,59.674797,41.785202,0.0,89.0,100.0
2022-09-16 19:00:00,11.437269,0.0,11.57,7.0431967,4.526803,0.0,94.0,100.0
2022-09-16 20:00:00,10.91727,0.0,0.0,0.0,0.0,0.0,94.0,100.0
2022-09-16 21:00:00,10.38727,0.0,0.0,0.0,0.0,0.0,95.0,100.0
2022-09-16 22:00:00,10.1572695,0.0,0.0,0.0,0.0,0.0,95.0,100.0
2022-09-16 23:00:00,9.647269,0.0,0.0,0.0,0.0,0.0,95.0,100.0
2022-09-17 00:00:00,9.37727,0.0,0.0,0.0,0.0,0.0,93.0,100.0
2022-09-17 01:00:00,9.197269,0.0,0.0,0.0,0.0,0.0,94.0,100.0
2022-09-17 02:00:00,8.57727,0.0,0.0,0.0,0.0,0.0,94.0,100.0
2022-09-17 03:00:00,8.1172695,0.0,0.0,0.0,0.0,0.0,94.0,100.0
2022-09-17 04:00:00,7.7672696,0.0,0.0,0.0,0.0,0.0,94.0,100.0
2022-09-17 05:00:00,7.6372695,0.0,0.0,0.0,0.0,0.0,93.0,100.0
2022-09-17 06:00:00,7.4972696,0.0,0.0,0.0,0.0,0.0,94.0,100.0
2022-09-17 07:00:00,7.6472697,0.0,24.92,13.735801,11.184199,0.0,93.0,100.0
2022-09-17 08:00:00,8.017269,0.0,132.61,82.394775,50.21523,0.0,90.0,100.0
2022-09-17 09:00:00,7.6972694,0.0,226.06,177.41705,48.642952,0.0,91.0,100.0
2022-09-17 10:00:00,7.9472694,37.659573,309.72,211.10837,98.611626,0.0,88.0,35.0
2022-09-17 11:00:00,8.78727,56.170216,408.50998,300.2038,108.3062,0.0,82.0,6.0
2022-09-17 12:00:00,10.237269,52.340427,451.22998,319.52924,131.70073,0.0,75.0,12.0
2022-09-17 13:00:00,10.82727,52.340427,381.81,186.09901,195.71098,0.0,71.0,12.0
2022-09-17 14:00:00,10.88727,44.68085,259.88,53.601578,206.27843,0.0,69.0,24.0
2022-09-17 15:00:00,10.95727,0.0,202.03,28.911484,173.11852,0.0,67.0,100.0
2022-09-17 16:00:00,10.487269,0.0,223.39,99.04743,124.34257,0.0,69.0,100.0
2022-09-17 17:00:00,9.58727,0.0,137.95,61.055023,76.89497,0.0,72.0,100.0
2022-09-17 18:00:00,9.4072695,0.0,91.67,55.946087,35.72391,0.0,72.0,100.0
2022-09-17 19:00:00,9.25727,1.9335104,14.24,7.434475,6.805525,0.0,70.0,89.0
2022-09-17 20:00:00,9.107269,0.0,0.0,0.0,0.0,0.0,72.0,100.0
2022-09-17 21:00:00,9.817269,0.0,0.0,0.0,0.0,0.0,70.0,100.0
2022-09-17 22:00:00,9.567269,0.0,0.0,0.0,0.0,0.0,74.0,100.0
2022-09-17 23:00:00,8.37727,0.0,0.0,0.0,0.0,0.0,75.0,37.0
2022-09-18 00:00:00,8.79727,0.0,0.0,0.0,0.0,0.0,77.0,23.0
2022-09-18 01:00:00,8.67727,0.0,0.0,0.0,0.0,0.0,76.0,14.0
2022-09-18 02:00:00,7.4872694,0.0,0.0,0.0,0.0,0.0,78.0,15.0
2022-09-18 03:00:00,7.1172695,0.0,0.0,0.0,0.0,0.0,78.0,13.0
2022-09-18 04:00:00,6.9872694,0.0,0.0,0.0,0.0,0.0,78.0,14.0
2022-09-18 05:00:00,6.9072695,0.0,0.0,0.0,0.0,0.0,77.0,50.0
2022-09-18 06:00:00,6.8472695,0.0,0.0,0.0,0.0,0.0,76.0,14.0
2022-09-18 07:00:00,8.07727,46.000534,24.92,13.231751,11.688249,0.0,74.0,13.0
2022-09-18 08:00:00,9.737269,52.97872,192.23999,106.67546,85.56453,0.0,68.0,11.0
2022-09-18 09:00:00,10.937269,56.808514,369.35,215.76828,153.58173,0.0,63.0,5.0
2022-09-18 10:00:00,12.03727,57.44681,506.41,308.3841,198.0259,0.0,59.0,4.0
2022-09-18 11:00:00,12.727269,42.127663,599.86,376.44113,223.41885,0.0,58.0,28.0
2022-09-18 12:00:00,13.357269,18.510641,664.83,424.61026,240.21976,0.0,57.0,65.0
2022-09-18 13:00:00,12.687269,60.0,688.86,441.9585,246.90147,0.0,61.0,0.0
2022-09-18 14:00:00,13.16727,57.70213,655.93,417.212,238.71799,0.0,61.0,3.6000001
2022-09-18 15:00:00,13.76727,22.978725,581.17,361.77533,219.39467,0.0,61.0,58.0
2022-09-18 16:00:00,13.76727,0.0,422.75,254.41147,168.33853,0.0,62.0,100.0
2022-09-18 17:00:00,13.80727,17.234043,243.86,148.21274,95.647255,0.0,63.0,67.0
2022-09-18 18:00:00,12.937269,0.0,160.2,87.31808,72.88192,0.0,66.0,100.0
2022-09-18 19:00:00,12.05727,0.0,16.91,8.8192215,8.090778,0.0,65.0,100.0
2022-09-18 20:00:00,11.487269,0.0,0.0,0.0,0.0,0.0,66.0,100.0
2022-09-18 21:00:00,11.42727,0.0,0.0,0.0,0.0,0.0,64.0,100.0
2022-09-18 22:00:00,12.17727,0.0,0.0,0.0,0.0,0.0,56.0,100.0
2022-09-18 23:00:00,12.237269,0.0,0.0,0.0,0.0,0.0,52.0,100.0
2022-09-19 00:00:00,12.41727,0.0,0.0,0.0,0.0,0.0,49.0,100.0
2022-09-19 01:00:00,12.187269,0.0,0.0,0.0,0.0,0.0,51.0,100.0
2022-09-19 02:00:00,11.25727,0.0,0.0,0.0,0.0,0.0,57.0,100.0
2022-09-19 03:00:00,9.53727,0.0,0.0,0.0,0.0,0.0,68.0,100.0
2022-09-19 04:00:00,8.08727,0.0,0.0,0.0,0.0,0.0,77.0,100.0
2022-09-19 05:00:00,7.31727,0.0,0.0,0.0,0.0,0.0,84.0,100.0
2022-09-19 06:00:00,6.5572696,0.0,0.0,0.0,0.0,0.0,90.0,100.0
2022-09-19 07:00:00,6.7272696,0.0,19.58,12.081782,7.4982176,0.0,92.0,100.0
2022-09-19 08:00:00,7.9072695,0.0,151.3,83.84979,67.45021,0.0,89.0,100.0
2022-09-19 09:00:00,8.20727,19.787235,339.97998,198.36343,141.61655,0.0,87.0,63.0
2022-09-19 10:00:00,8.55727,60.0,503.74,306.3779,197.36209,0.0,85.0,0.0
2022-09-19 11:00:00,9.70727,60.0,606.98,380.42834,226.55164,0.0,77.0,0.0
2022-09-19 12:00:00,10.62727,60.0,671.95,428.59497,243.35506,0.0,72.0,0.0
2022-09-19 13:00:00,11.07727,60.0,695.08997,445.33923,249.75075,0.0,67.0,0.0
2022-09-19 14:00:00,11.687269,60.0,665.72,422.8152,242.90477,0.0,63.0,0.0
2022-09-19 15:00:00,11.987269,60.0,589.18,366.18115,222.99883,0.0,60.0,0.0
2022-09-19 16:00:00,11.82727,60.0,471.69998,283.3851,188.31488,0.0,58.0,0.0
2022-09-19 17:00:00,11.227269,60.0,321.29,184.52597,136.76404,0.0,60.0,0.0
2022-09-19 18:00:00,9.317269,60.0,152.19,82.787315,69.40269,0.0,69.0,0.0
2022-09-19 19:00:00,8.6172695,32.3,13.349999,6.955261,6.394738,0.0,60.0,0.0
2022-09-19 20:00:00,8.427269,0.0,0.0,0.0,0.0,0.0,62.0,100.0
2022-09-19 21:00:00,9.08727,0.0,0.0,0.0,0.0,0.0,62.0,100.0
2022-09-19 22:00:00,8.8672695,0.0,0.0,0.0,0.0,0.0,64.0,100.0
2022-09-19 23:00:00,6.9672694,0.0,0.0,0.0,0.0,0.0,69.0,0.0
2022-09-20 00:00:00,6.7472696,0.0,0.0,0.0,0.0,0.0,67.0,0.0
2022-09-20 01:00:00,6.6572695,0.0,0.0,0.0,0.0,0.0,66.0,0.0
2022-09-20 02:00:00,6.50727,0.0,0.0,0.0,0.0,0.0,63.0,0.0
2022-09-20 03:00:00,6.5572696,0.0,0.0,0.0,0.0,0.0,61.0,2.0
2022-09-20 04:00:00,6.2472696,0.0,0.0,0.0,0.0,0.0,61.0,2.0
2022-09-20 05:00:00,6.0972695,0.0,0.0,0.0,0.0,0.0,62.0,0.0
2022-09-20 06:00:00,5.9472694,0.0,0.0,0.0,0.0,0.0,62.0,1.0
2022-09-20 07:00:00,6.9672694,32.922695,40.05,21.064583,18.985416,0.0,65.0,33.0
2022-09-20 08:00:00,8.49727,56.808514,203.81,112.80509,91.004906,0.0,57.0,5.0
2022-09-20 09:00:00,9.71727,57.44681,366.68,213.67374,153.00626,0.0,55.0,4.0
2022-09-20 10:00:00,10.74727,58.085106,504.63,306.53595,198.09404,0.0,55.0,3.0
2022-09-20 11:00:00,11.6172695,54.255318,606.08997,379.387,226.70297,0.0,58.0,9.0
2022-09-20 12:00:00,12.317269,45.95745,666.61,424.62677,241.98322,0.0,61.0,22.0
2022-09-20 13:00:00,13.13727,60.0,686.19,439.02448,247.16554,0.0,63.0,0.0
2022-09-20 14:00:00,13.317269,60.0,652.37,413.72116,238.64883,0.0,63.0,0.0
2022-09-20 15:00:00,13.25727,60.0,574.05,356.2093,217.8407,0.0,62.0,0.0
2022-09-20 16:00:00,12.727269,55.531918,455.68,273.2907,182.38927,0.0,63.0,7.0
2022-09-20 17:00:00,11.67727,9.574467,312.38998,179.08215,133.30783,0.0,67.0,79.0
2022-09-20 18:00:00,10.697269,0.0,118.369995,64.261734,54.108265,0.0,68.0,100.0
2022-09-20 19:00:00,9.937269,0.0,5.34,3.161579,2.1784213,0.0,71.0,100.0
2022-09-20 20:00:00,9.78727,0.0,0.0,0.0,0.0,0.0,70.0,100.0
2022-09-20 21:00:00,9.26727,0.0,0.0,0.0,0.0,0.0,74.0,100.0
2022-09-20 22:00:00,9.07727,0.0,0.0,0.0,0.0,0.0,74.0,100.0
2022-09-20 23:00:00,7.2472696,0.0,0.0,0.0,0.0,0.0,76.0,0.0
2022-09-21 00:00:00,7.0772696,0.0,0.0,0.0,0.0,0.0,74.0,0.0
2022-09-21 01:00:00,6.6372695,0.0,0.0,0.0,0.0,0.0,76.0,0.0
2022-09-21 02:00:00,6.7872696,0.0,0.0,0.0,0.0,0.0,73.0,0.0
2022-09-21 03:00:00,6.3672695,0.0,0.0,0.0,0.0,0.0,73.0,0.0
2022-09-21 04:00:00,5.4972696,0.0,0.0,0.0,0.0,0.0,76.0,0.0
2022-09-21 05:00:00,5.1372695,0.0,0.0,0.0,0.0,0.0,75.0,0.0
2022-09-21 06:00:00,4.3972697,0.0,0.0,0.0,0.0,0.0,77.0,0.0
2022-09-21 07:00:00,5.9572697,49.433334,35.6,18.711414,16.888584,0.0,70.0,0.0
2022-09-21 08:00:00,8.12727,60.0,195.8,108.23153,87.568474,0.0,63.0,0.0
2022-09-21 09:00:00,9.53727,60.0,362.22998,210.8147,151.41528,0.0,56.0,0.0
2022-09-21 10:00:00,10.857269,60.0,505.52,306.69043,198.82954,0.0,55.0,0.0
2022-09-21 11:00:00,12.01727,60.0,610.54,381.6822,228.8578,0.0,57.0,0.0
2022-09-21 12:00:00,12.88727,60.0,674.62,429.1562,245.46382,0.0,59.0,0.0
2022-09-21 13:00:00,13.62727,60.0,684.41,437.2704,247.1396,0.0,65.0,0.0
2022-09-21 14:00:00,13.80727,60.0,650.58997,411.97507,238.6149,0.0,66.0,0.0
2022-09-21 15:00:00,13.46727,60.0,572.27,354.53516,217.73485,0.0,67.0,0.0
2022-09-21 16:00:00,13.08727,60.0,453.00998,271.22028,181.7897,0.0,68.0,0.0
2022-09-21 17:00:00,12.397269,60.0,304.38,174.16568,130.21432,0.0,70.0,0.0
2022-09-21 18:00:00,10.88727,60.0,137.95,74.74165,63.208347,0.0,73.0,0.0
2022-09-21 19:00:00,10.16727,28.266666,8.9,4.62712,4.2728796,0.0,71.0,0.0
2022-09-21 20:00:00,10.04727,0.0,0.0,0.0,0.0,0.0,72.0,0.0
2022-09-21 21:00:00,10.107269,0.0,0.0,0.0,0.0,0.0,71.0,0.0
2022-09-21 22:00:00,8.91727,0.0,0.0,0.0,0.0,0.0,76.0,0.0
2022-09-21 23:00:00,7.52727,0.0,0.0,0.0,0.0,0.0,83.0,0.0
2022-09-22 00:00:00,7.04727,0.0,0.0,0.0,0.0,0.0,85.0,0.0
2022-09-22 01:00:00,6.9472694,0.0,0.0,0.0,0.0,0.0,84.0,0.0
2022-09-22 02:00:00,6.3972697,0.0,0.0,0.0,0.0,0.0,85.0,0.0
2022-09-22 03:00:00,5.9572697,0.0,0.0,0.0,0.0,0.0,86.0,0.0
2022-09-22 04:00:00,5.3772697,0.0,0.0,0.0,0.0,0.0,89.0,0.0
2022-09-22 05:00:00,5.06727,0.0,0.0,0.0,0.0,0.0,88.0,0.0
2022-09-22 06:00:00,4.7472696,0.0,0.0,0.0,0.0,0.0,87.0,0.0
2022-09-22 07:00:00,5.7872696,48.116665,32.93,17.296326,15.633674,0.0,81.0,0.0
2022-09-22 08:00:00,8.017269,60.0,189.56999,104.65174,84.91825,0.0,72.0,0.0
2022-09-22 09:00:00,10.067269,60.0,353.33,205.37445,147.95554,0.0,67.0,0.0
2022-09-22 10:00:00,11.78727,60.0,493.94998,299.2916,194.65839,0.0,64.0,0.0
2022-09-22 11:00:00,12.96727,60.0,598.08,373.4092,224.6708,0.0,61.0,0.0
2022-09-22 12:00:00,13.92727,60.0,662.16,420.6636,241.49637,0.0,59.0,0.0
2022-09-22 13:00:00,13.83727,60.0,678.18,432.6764,245.50362,0.0,66.0,0.0
2022-09-22 14:00:00,14.447269,60.0,645.25,407.97778,237.27222,0.0,64.0,0.0
2022-09-22 15:00:00,14.58727,60.0,565.14996,349.5588,215.59116,0.0,64.0,0.0
2022-09-22 16:00:00,14.55727,60.0,446.78,267.02603,179.75397,0.0,63.0,0.0
2022-09-22 17:00:00,13.687269,60.0,298.15,170.28226,127.86774,0.0,68.0,0.0
2022-09-22 18:00:00,11.46727,60.0,131.72,71.22309,60.49691,0.0,76.0,0.0
2022-09-22 19:00:00,11.04727,26.233334,7.12,3.7951977,3.3248022,0.0,68.0,0.0
2022-09-22 20:00:00,11.01727,0.0,0.0,0.0,0.0,0.0,72.0,0.0
2022-09-22 21:00:00,11.00727,0.0,0.0,0.0,0.0,0.0,69.0,0.0
2022-09-22 22:00:00,10.79727,0.0,0.0,0.0,0.0,0.0,59.0,0.0
2022-09-22 23:00:00,10.92727,0.0,0.0,0.0,0.0,0.0,49.0,0.0
2022-09-23 00:00:00,10.727269,0.0,0.0,0.0,0.0,0.0,44.0,0.0
2022-09-23 01:00:00,10.1572695,0.0,0.0,0.0,0.0,0.0,43.0,0.0
2022-09-23 02:00:00,9.91727,0.0,0.0,0.0,0.0,0.0,47.0,0.0
2022-09-23 03:00:00,10.09727,0.0,0.0,0.0,0.0,0.0,47.0,0.0
2022-09-23 04:00:00,10.25727,0.0,0.0,0.0,0.0,0.0,42.0,3.9
2022-09-23 05:00:00,10.147269,0.0,0.0,0.0,0.0,0.0,44.0,3.9
2022-09-23 06:00:00,9.99727,0.0,0.0,0.0,0.0,0.0,46.0,4.5
2022-09-23 07:00:00,10.91727,43.663406,35.6,18.685966,16.914032,0.0,47.0,6.3
2022-09-23 08:00:00,12.17727,56.93617,195.8,107.949486,87.85052,0.0,51.0,4.8
2022-09-23 09:00:00,14.01727,57.510635,355.11,206.145,148.96498,0.0,52.0,3.9
2022-09-23 10:00:00,15.16727,54.82979,488.61,295.6772,192.93279,0.0,52.0,8.1
2022-09-23 11:00:00,16.05727,53.106384,582.95,363.48737,219.46265,0.0,53.0,10.8
2022-09-23 12:00:00,16.567268,37.659573,639.02,405.4123,233.60774,0.0,54.0,35.0
2022-09-23 13:00:00,16.85727,40.851063,652.37,415.6156,236.7544,0.0,54.0,30.000002
2022-09-23 14:00:00,17.337269,28.085108,602.52997,380.38904,222.14093,0.0,53.0,50.0
2022-09-23 15:00:00,17.637268,54.063828,551.8,340.748,211.05202,0.0,53.0,9.3
2022-09-23 16:00:00,17.727268,56.361702,439.66,262.31317,177.34682,0.0,56.0,5.7000003
2022-09-23 17:00:00,16.837269,55.97872,297.26,169.4564,127.803604,0.0,62.0,6.3
2022-09-23 18:00:00,15.067269,17.872341,133.5,72.04077,61.459232,0.0,64.0,66.0
2022-09-23 19:00:00,14.897269,0.0,7.12,3.6939294,3.4260705,0.0,61.0,100.0
2022-09-23 20:00:00,15.3672695,0.0,0.0,0.0,0.0,0.0,60.0,100.0
2022-09-23 21:00:00,14.95727,0.0,0.0,0.0,0.0,0.0,62.0,100.0
2022-09-23 22:00:00,14.727269,0.0,0.0,0.0,0.0,0.0,62.0,100.0
2022-09-23 23:00:00,14.75727,0.0,0.0,0.0,0.0,0.0,62.0,100.0
2022-09-24 00:00:00,14.76727,0.0,0.0,0.0,0.0,0.0,64.0,100.0
2022-09-24 01:00:00,14.00727,0.0,0.0,0.0,0.0,0.0,73.0,100.0
2022-09-24 02:00:00,12.07727,0.0,0.0,0.0,0.0,0.0,81.0,100.0
2022-09-24 03:00:00,11.46727,0.0,0.0,0.0,0.0,0.0,86.0,100.0
2022-09-24 04:00:00,12.75727,0.0,0.0,0.0,0.0,0.0,81.0,100.0
2022-09-24 05:00:00,12.50727,0.0,0.0,0.0,0.0,0.0,87.0,100.0
2022-09-24 06:00:00,12.01727,0.0,0.0,0.0,0.0,0.0,91.0,100.0
2022-09-24 07:00:00,12.857269,0.0,8.9,3.6445608,5.255439,0.0,89.0,100.0
2022-09-24 08:00:00,11.75727,0.0,82.77,57.456932,25.313065,0.0,94.0,100.0
2022-09-24 09:00:00,10.16727,0.0,98.79,13.641212,85.14879,0.0,96.0,100.0
2022-09-24 10:00:00,11.62727,0.0,122.82,5.684143,117.13586,0.0,93.0,100.0
2022-09-24 11:00:00,12.54727,0.0,168.20999,6.333832,161.87616,0.0,92.0,100.0
2022-09-24 12:00:00,13.227269,0.0,249.2,50.104614,199.09538,0.0,88.0,100.0
2022-09-24 13:00:00,15.49727,0.0,350.66,162.94844,187.71156,0.0,74.0,100.0
2022-09-24 14:00:00,15.34727,0.0,340.87,170.67834,170.19165,0.0,75.0,100.0
2022-09-24 15:00:00,15.197269,0.0,220.72,58.783875,161.93613,0.0,80.0,100.0
2022-09-24 16:00:00,14.82727,0.0,158.42,39.8788,118.5412,0.0,85.0,100.0
2022-09-24 17:00:00,13.4072695,0.0,158.42,122.1505,36.2695,0.0,89.0,100.0
2022-09-24 18:00:00,12.04727,0.0,56.96,36.06661,20.89339,0.0,92.0,100.0
2022-09-24 19:00:00,10.70727,7.3267736,4.45,2.7217736,1.7282263,0.0,91.0,63.0
2022-09-24 20:00:00,10.987269,0.0,0.0,0.0,0.0,0.0,90.0,100.0
2022-09-24 21:00:00,11.1172695,0.0,0.0,0.0,0.0,0.0,88.0,86.0
2022-09-24 22:00:00,10.947269,0.0,0.0,0.0,0.0,0.0,88.0,0.0
2022-09-24 23:00:00,10.79727,0.0,0.0,0.0,0.0,0.0,89.0,0.0
2022-09-25 00:00:00,10.25727,0.0,0.0,0.0,0.0,0.0,90.0,47.0
2022-09-25 01:00:00,10.32727,0.0,0.0,0.0,0.0,0.0,88.0,56.0
2022-09-25 02:00:00,9.91727,0.0,0.0,0.0,0.0,0.0,87.0,9.0
2022-09-25 03:00:00,10.32727,0.0,0.0,0.0,0.0,0.0,80.0,91.0
2022-09-25 04:00:00,9.88727,0.0,0.0,0.0,0.0,0.0,81.0,97.0
2022-09-25 05:00:00,10.08727,0.0,0.0,0.0,0.0,0.0,79.0,100.0
2022-09-25 06:00:00,9.66727,0.0,0.0,0.0,0.0,0.0,80.0,74.0
2022-09-25 07:00:00,10.437269,12.681384,28.48,14.928266,13.551734,0.0,80.0,67.0
2022-09-25 08:00:00,12.13727,0.0,178.0,97.87733,80.12267,0.0,76.0,100.0
2022-09-25 09:00:00,13.4072695,0.0,315.06,182.4236,132.6364,0.0,69.0,100.0
2022-09-25 10:00:00,13.17727,0.0,323.96,272.54236,51.417633,0.0,70.0,100.0
2022-09-25 11:00:00,11.20727,0.0,118.369995,3.400467,114.96953,0.0,85.0,100.0
2022-09-25 12:00:00,10.397269,0.0,51.62,-0.32328033,51.94328,0.0,95.0,100.0
2022-09-25 13:00:00,12.41727,0.0,204.7,12.514633,192.18536,0.0,89.0,100.0
2022-09-25 14:00:00,12.13727,0.0,215.37999,28.98053,186.39946,0.0,92.0,100.0
2022-09-25 15:00:00,11.95727,0.0,215.37999,55.467117,159.91287,0.0,92.0,100.0
2022-09-25 16:00:00,11.67727,0.0,163.76,47.402954,116.35704,0.0,93.0,100.0
2022-09-25 17:00:00,10.84727,0.0,103.24,37.8543,65.3857,0.0,94.0,100.0
2022-09-25 18:00:00,10.38727,0.0,38.27,22.61243,15.65757,0.0,95.0,100.0
2022-09-25 19:00:00,10.33727,0.0,1.78,0.46819544,1.3118045,0.0,90.0,100.0
2022-09-25 20:00:00,10.41727,0.0,0.0,0.0,0.0,0.0,88.0,100.0
2022-09-25 21:00:00,9.80727,0.0,0.0,0.0,0.0,0.0,89.0,100.0
2022-09-25 22:00:00,9.45727,0.0,0.0,0.0,0.0,0.0,91.0,100.0
2022-09-25 23:00:00,8.96727,0.0,0.0,0.0,0.0,0.0,93.0,100.0
2022-09-26 00:00:00,8.75727,0.0,0.0,0.0,0.0,0.0,93.0,100.0
2022-09-26 01:00:00,8.697269,0.0,0.0,0.0,0.0,0.0,92.0,100.0
2022-09-26 02:00:00,8.527269,0.0,0.0,0.0,0.0,0.0,90.0,100.0
2022-09-26 03:00:00,7.7872696,0.0,0.0,0.0,0.0,0.0,81.0,8.0
2022-09-26 04:00:00,8.16727,0.0,0.0,0.0,0.0,0.0,82.0,100.0
2022-09-26 05:00:00,8.177269,0.0,0.0,0.0,0.0,0.0,81.0,100.0
2022-09-26 06:00:00,8.12727,0.0,0.0,0.0,0.0,0.0,82.0,100.0
2022-09-26 07:00:00,8.63727,0.0,15.13,8.765577,6.3644233,0.0,83.0,100.0
2022-09-26 08:00:00,8.817269,0.0,72.979996,45.32801,27.651983,0.0,89.0,100.0
2022-09-26 09:00:00,9.58727,0.0,118.369995,33.17749,85.192505,0.0,86.0,100.0
2022-09-26 10:00:00,11.21727,49.148937,283.91,195.93198,87.97803,0.0,81.0,17.0
2022-09-26 11:00:00,13.277269,58.851063,569.6,353.75122,215.84875,0.0,72.0,1.8000001
2022-09-26 12:00:00,14.24727,54.893616,584.73,375.53467,209.19533,0.0,66.0,8.0
2022-09-26 13:00:00,13.70727,0.0,648.81,411.55206,237.25795,0.0,68.0,100.0
2022-09-26 14:00:00,13.57727,0.0,445.88998,374.8934,70.996574,0.0,67.0,100.0
2022-09-26 15:00:00,14.197269,0.0,334.63998,231.32336,103.31661,0.0,64.0,100.0
2022-09-26 16:00:00,14.6172695,0.0,339.09,213.80194,125.28805,0.0,62.0,100.0
2022-09-26 17:00:00,13.6572695,0.0,218.05,123.59957,94.45043,0.0,62.0,100.0
2022-09-26 18:00:00,12.50727,0.0,74.76,40.09905,34.660954,0.0,66.0,100.0
2022-09-26 19:00:00,12.53727,0.0,1.78,0.712677,1.067323,0.0,61.0,100.0
2022-09-26 20:00:00,12.737269,0.0,0.0,0.0,0.0,0.0,59.0,100.0
2022-09-26 21:00:00,10.84727,0.0,0.0,0.0,0.0,0.0,66.0,100.0
2022-09-26 22:00:00,12.187269,0.0,0.0,0.0,0.0,0.0,57.0,100.0
2022-09-26 23:00:00,12.527269,0.0,0.0,0.0,0.0,0.0,50.0,100.0
2022-09-27 00:00:00,12.6172695,0.0,0.0,0.0,0.0,0.0,49.0,100.0
2022-09-27 01:00:00,11.51727,0.0,0.0,0.0,0.0,0.0,67.0,100.0
2022-09-27 02:00:00,11.34727,0.0,0.0,0.0,0.0,0.0,68.0,39.0
2022-09-27 03:00:00,9.987269,0.0,0.0,0.0,0.0,0.0,76.0,100.0
2022-09-27 04:00:00,9.147269,0.0,0.0,0.0,0.0,0.0,87.0,100.0
2022-09-27 05:00:00,8.91727,0.0,0.0,0.0,0.0,0.0,84.0,100.0
2022-09-27 06:00:00,8.41727,0.0,0.0,0.0,0.0,0.0,83.0,100.0
2022-09-27 07:00:00,7.8272696,4.8583326,23.14,12.112495,11.027504,0.0,80.0,83.0
2022-09-27 08:00:00,8.607269,0.0,108.58,63.502434,45.077568,0.0,74.0,100.0
2022-09-27 09:00:00,9.24727,0.0,150.41,74.65953,75.75047,0.0,72.0,100.0
2022-09-27 10:00:00,9.42727,0.0,249.2,139.09052,110.109474,0.0,73.0,97.0
2022-09-27 11:00:00,10.55727,23.617023,342.65,217.05634,125.593666,0.0,69.0,57.0
2022-09-27 12:00:00,10.34727,25.531916,214.48999,25.625092,188.8649,0.0,65.0,54.0
2022-09-27 13:00:00,13.37727,26.170214,431.65,313.58975,118.06025,0.0,55.0,53.0
2022-09-27 14:00:00,13.777269,26.170214,307.05,132.02136,175.02863,0.0,54.0,53.0
2022-09-27 15:00:00,13.24727,47.234047,209.15,53.413696,155.7363,0.0,56.0,20.0
2022-09-27 16:00:00,13.08727,47.872337,187.79,81.38415,106.405846,0.0,56.0,19.0
2022-09-27 17:00:00,12.6572695,0.0,204.7,117.76868,86.93132,0.0,60.0,100.0
2022-09-27 18:00:00,11.107269,0.0,62.3,33.348133,28.951866,0.0,70.0,100.0
2022-09-27 19:00:00,10.26727,0.0,0.89,0.046501696,0.8434983,0.0,75.0,100.0
2022-09-27 20:00:00,10.487269,0.0,0.0,0.0,0.0,0.0,75.0,100.0
2022-09-27 21:00:00,10.3672695,0.0,0.0,0.0,0.0,0.0,70.0,100.0
2022-09-27 22:00:00,10.21727,0.0,0.0,0.0,0.0,0.0,71.0,100.0
2022-09-27 23:00:00,9.397269,0.0,0.0,0.0,0.0,0.0,75.0,60.0
2022-09-28 00:00:00,9.227269,0.0,0.0,0.0,0.0,0.0,72.0,54.0
2022-09-28 01:00:00,10.92727,0.0,0.0,0.0,0.0,0.0,66.0,100.0
2022-09-28 02:00:00,11.17727,0.0,0.0,0.0,0.0,0.0,67.0,100.0
2022-09-28 03:00:00,11.03727,0.0,0.0,0.0,0.0,0.0,71.0,100.0
2022-09-28 04:00:00,10.26727,0.0,0.0,0.0,0.0,0.0,78.0,100.0
2022-09-28 05:00:00,10.38727,0.0,0.0,0.0,0.0,0.0,74.0,100.0
2022-09-28 06:00:00,9.80727,0.0,0.0,0.0,0.0,0.0,77.0,100.0
2022-09-28 07:00:00,9.13727,0.0,6.23,1.9036684,4.3263316,0.0,85.0,100.0
2022-09-28 08:00:00,8.1572695,0.0,40.05,7.324562,32.725437,0.0,92.0,100.0
2022-09-28 09:00:00,9.67727,0.0,112.14,29.655975,82.484024,0.0,89.0,100.0
2022-09-28 10:00:00,10.227269,0.0,152.19,24.293762,127.89624,0.0,90.0,100.0
2022-09-28 11:00:00,9.9072695,0.0,123.71,4.086525,119.623474,0.0,94.0,100.0
2022-09-28 12:00:00,9.50727,0.0,89.89,0.9916153,88.898384,0.0,97.0,100.0
2022-09-28 13:00:00,9.07727,0.0,61.41,-0.1289978,61.538998,0.0,97.0,100.0
2022-09-28 14:00:00,9.21727,0.0,64.97,0.10297394,64.86703,0.0,97.0,100.0
2022-09-28 15:00:00,9.37727,0.0,55.18,0.13893509,55.041065,0.0,97.0,100.0
2022-09-28 16:00:00,9.71727,0.0,52.51,0.64756393,51.862434,0.0,97.0,100.0
2022-09-28 17:00:00,9.397269,0.0,29.369999,0.391119,28.97888,0.0,97.0,100.0
2022-09-28 18:00:00,8.67727,0.0,14.24,0.6769829,13.563017,0.0,97.0,100.0
2022-09-28 19:00:00,7.6872697,0.0,0.0,0.0,0.0,0.0,97.0,100.0
2022-09-28 20:00:00,6.4072695,0.0,0.0,0.0,0.0,0.0,96.0,100.0
2022-09-28 21:00:00,5.6272697,0.0,0.0,0.0,0.0,0.0,96.0,92.0
2022-09-28 22:00:00,5.4772696,0.0,0.0,0.0,0.0,0.0,93.0,67.0
2022-09-28 23:00:00,6.58727,0.0,0.0,0.0,0.0,0.0,89.0,100.0
2022-09-29 00:00:00,6.3972697,0.0,0.0,0.0,0.0,0.0,87.0,100.0
2022-09-29 01:00:00,6.8972697,0.0,0.0,0.0,0.0,0.0,90.0,100.0
2022-09-29 02:00:00,6.9772696,0.0,0.0,0.0,0.0,0.0,90.0,100.0
2022-09-29 03:00:00,6.4272695,0.0,0.0,0.0,0.0,0.0,92.0,100.0
2022-09-29 04:00:00,6.33727,0.0,0.0,0.0,0.0,0.0,93.0,100.0
2022-09-29 05:00:00,6.3072696,0.0,0.0,0.0,0.0,0.0,95.0,100.0
2022-09-29 06:00:00,6.1672697,0.0,0.0,0.0,0.0,0.0,96.0,100.0
2022-09-29 07:00:00,6.4172697,0.0,12.46,7.315788,5.1442122,0.0,95.0,100.0
2022-09-29 08:00:00,7.8472695,0.0,108.58,60.15523,48.42477,0.0,93.0,100.0
2022-09-29 09:00:00,9.187269,0.0,240.3,149.73727,90.56274,0.0,91.0,100.0
2022-09-29 10:00:00,10.70727,0.0,377.36,240.53369,136.8263,0.0,83.0,100.0
2022-09-29 11:00:00,11.067269,0.0,413.85,296.25754,117.59246,0.0,80.0,100.0
2022-09-29 12:00:00,12.027269,0.0,431.65,338.7542,92.89578,0.0,75.0,100.0
2022-09-29 13:00:00,12.4072695,0.0,472.59,346.2108,126.37921,0.0,71.0,100.0
2022-09-29 14:00:00,11.477269,0.0,388.04,273.22107,114.81893,0.0,74.0,100.0
2022-09-29 15:00:00,11.00727,0.0,214.48999,63.442245,151.04774,0.0,74.0,100.0
2022-09-29 16:00:00,10.80727,0.0,127.27,20.798836,106.47116,0.0,76.0,100.0
2022-09-29 17:00:00,8.75727,0.0,86.33,27.381725,58.948277,0.0,87.0,100.0
2022-09-29 18:00:00,7.3072696,0.0,40.05,24.642443,15.407557,0.0,94.0,100.0
2022-09-29 19:00:00,6.7472696,0.0,0.0,0.0,0.0,0.0,95.0,100.0
2022-09-29 20:00:00,6.58727,0.0,0.0,0.0,0.0,0.0,95.0,100.0
2022-09-29 21:00:00,6.4372697,0.0,0.0,0.0,0.0,0.0,96.0,100.0
2022-09-29 22:00:00,6.1572695,0.0,0.0,0.0,0.0,0.0,96.0,100.0
2022-09-29 23:00:00,5.8872695,0.0,0.0,0.0,0.0,0.0,96.0,99.0
2022-09-30 00:00:00,5.7372694,0.0,0.0,0.0,0.0,0.0,95.0,100.0
2022-09-30 01:00:00,5.7472696,0.0,0.0,0.0,0.0,0.0,95.0,100.0
2022-09-30 02:00:00,5.5972695,0.0,0.0,0.0,0.0,0.0,94.0,100.0
2022-09-30 03:00:00,5.4672694,0.0,0.0,0.0,0.0,0.0,95.0,100.0
2022-09-30 04:00:00,5.3472695,0.0,0.0,0.0,0.0,0.0,95.0,100.0
2022-09-30 05:00:00,5.2872696,0.0,0.0,0.0,0.0,0.0,95.0,100.0
2022-09-30 06:00:00,5.2172694,0.0,0.0,0.0,0.0,0.0,95.0,100.0
2022-09-30 07:00:00,5.4872694,0.0,10.68,6.662734,4.0172663,0.0,94.0,100.0
2022-09-30 08:00:00,6.52727,0.0,111.25,60.763355,50.486645,0.0,89.0,100.0
2022-09-30 09:00:00,7.5972695,0.0,275.01,158.18347,116.826546,0.0,86.0,100.0
2022-09-30 10:00:00,8.447269,60.0,449.44998,269.4775,179.97247,0.0,83.0,0.0
2022-09-30 11:00:00,9.3672695,49.787235,556.25,343.57504,212.67496,0.0,78.0,16.0
2022-09-30 12:00:00,10.29727,56.170216,615.88,386.91406,228.96593,0.0,73.0,6.0
2022-09-30 13:00:00,10.487269,0.0,345.32,175.50348,169.81653,0.0,77.0,100.0
2022-09-30 14:00:00,11.70727,0.0,349.77,208.7565,141.01349,0.0,72.0,100.0
2022-09-30 15:00:00,12.1172695,10.851063,397.83,272.02826,125.801735,0.0,71.0,77.0
2022-09-30 16:00:00,12.277269,27.446808,393.38,231.8016,161.5784,0.0,70.0,51.0
2022-09-30 17:00:00,11.817269,35.106384,250.98,141.18529,109.79471,0.0,73.0,39.0
2022-09-30 18:00:00,10.1572695,34.468082,88.11,46.877655,41.232346,0.0,78.0,40.0
2022-09-30 19:00:00,10.83727,0.0,0.0,0.0,0.0,0.0,74.0,100.0
2022-09-30 20:00:00,10.13727,0.0,0.0,0.0,0.0,0.0,77.0,100.0
2022-09-30 21:00:00,8.75727,0.0,0.0,0.0,0.0,0.0,80.0,7.0
2022-09-30 22:00:00,8.50727,0.0,0.0,0.0,0.0,0.0,84.0,0.0
2022-09-30 23:00:00,8.76727,0.0,0.0,0.0,0.0,0.0,86.0,1.0
2022-10-01 00:00:00,8.397269,0.0,0.0,0.0,0.0,0.0,83.0,0.0
2022-10-01 01:00:00,7.83727,0.0,0.0,0.0,0.0,0.0,80.0,1.2
2022-10-01 02:00:00,7.8472695,0.0,0.0,0.0,0.0,0.0,82.0,3.3000002
2022-10-01 03:00:00,8.027269,0.0,0.0,0.0,0.0,0.0,81.0,27.6
2022-10-01 04:00:00,7.6272697,0.0,0.0,0.0,0.0,0.0,82.0,8.700001
2022-10-01 05:00:00,7.3272696,0.0,0.0,0.0,0.0,0.0,77.0,22.5
2022-10-01 06:00:00,7.52727,0.0,0.0,0.0,0.0,0.0,77.0,83.0
2022-10-01 07:00:00,8.237269,0.0,13.349999,6.96838,6.3816195,0.0,79.0,100.0
2022-10-01 08:00:00,9.9072695,0.0,121.93,66.50571,55.424294,0.0,76.0,100.0
2022-10-01 09:00:00,10.96727,0.0,231.4,144.36798,87.03202,0.0,72.0,100.0
2022-10-01 10:00:00,12.237269,0.0,275.9,200.3476,75.55239,0.0,68.0,100.0
2022-10-01 11:00:00,11.09727,0.0,161.09,8.860916,152.22908,0.0,74.0,100.0
2022-10-01 12:00:00,12.53727,0.0,152.19,6.0802155,146.10979,0.0,66.0,100.0
2022-10-01 13:00:00,15.13727,0.0,213.59999,26.79657,186.80342,0.0,67.0,100.0
2022-10-01 14:00:00,14.92727,0.0,184.23,14.981918,169.24808,0.0,73.0,100.0
2022-10-01 15:00:00,14.6172695,0.0,148.63,10.282867,138.34714,0.0,77.0,100.0
2022-10-01 16:00:00,15.027269,0.0,138.84,34.475708,104.36429,0.0,75.0,100.0
2022-10-01 17:00:00,14.05727,0.0,64.08,10.0746155,54.005386,0.0,82.0,100.0
2022-10-01 18:00:00,13.99727,28.085108,36.489998,20.918148,15.571849,0.0,79.0,50.0
2022-10-01 19:00:00,13.067269,0.0,0.0,0.0,0.0,0.0,80.0,100.0
2022-10-01 20:00:00,14.46727,0.0,0.0,0.0,0.0,0.0,76.0,100.0
2022-10-01 21:00:00,15.41727,0.0,0.0,0.0,0.0,0.0,73.0,100.0
2022-10-01 22:00:00,15.51727,0.0,0.0,0.0,0.0,0.0,74.0,100.0
2022-10-01 23:00:00,15.1172695,0.0,0.0,0.0,0.0,0.0,79.0,100.0
2022-10-02 00:00:00,14.88727,0.0,0.0,0.0,0.0,0.0,80.0,100.0
2022-10-02 01:00:00,14.01727,0.0,0.0,0.0,0.0,0.0,84.0,100.0
2022-10-02 02:00:00,15.42727,0.0,0.0,0.0,0.0,0.0,80.0,100.0
2022-10-02 03:00:00,15.24727,0.0,0.0,0.0,0.0,0.0,82.0,100.0
2022-10-02 04:00:00,14.78727,0.0,0.0,0.0,0.0,0.0,85.0,100.0
2022-10-02 05:00:00,13.697269,0.0,0.0,0.0,0.0,0.0,89.0,100.0
2022-10-02 06:00:00,12.05727,0.0,0.0,0.0,0.0,0.0,96.0,100.0
2022-10-02 07:00:00,12.737269,0.0,5.34,2.0364366,3.3035636,0.0,93.0,100.0
2022-10-02 08:00:00,12.59727,0.0,79.21,50.992195,28.217806,0.0,94.0,100.0
2022-10-02 09:00:00,13.447269,0.0,190.45999,163.18686,27.27314,0.0,93.0,100.0
2022-10-02 10:00:00,13.647269,0.0,162.87,39.12538,123.74461,0.0,93.0,100.0
2022-10-02 11:00:00,15.83727,0.0,270.56,119.640366,150.91963,0.0,88.0,100.0
2022-10-02 12:00:00,17.227268,0.0,286.58,107.6077,178.97229,0.0,80.0,100.0
2022-10-02 13:00:00,20.477268,39.57447,603.42,379.3284,224.09158,0.0,64.0,32.0
2022-10-02 14:00:00,19.667269,48.51064,571.38,355.65887,215.72115,0.0,65.0,18.0
2022-10-02 15:00:00,19.087269,35.106384,495.72998,301.5526,194.17735,0.0,66.0,39.0
2022-10-02 16:00:00,18.317268,49.148937,380.03,223.12573,156.90427,0.0,67.0,17.0
2022-10-02 17:00:00,17.727268,60.0,237.62999,133.16223,104.467766,0.0,66.0,0.0
2022-10-02 18:00:00,16.667269,20.425533,72.979996,38.673588,34.306408,0.0,64.0,62.0
2022-10-02 19:00:00,16.327269,0.0,0.0,0.0,0.0,0.0,64.0,100.0
2022-10-02 20:00:00,15.63727,0.0,0.0,0.0,0.0,0.0,71.0,100.0
2022-10-02 21:00:00,15.37727,0.0,0.0,0.0,0.0,0.0,75.0,100.0
2022-10-02 22:00:00,14.63727,0.0,0.0,0.0,0.0,0.0,80.0,100.0
2022-10-02 23:00:00,14.30727,0.0,0.0,0.0,0.0,0.0,82.0,100.0
2022-10-03 00:00:00,13.96727,0.0,0.0,0.0,0.0,0.0,86.0,100.0
2022-10-03 01:00:00,12.78727,0.0,0.0,0.0,0.0,0.0,93.0,100.0
2022-10-03 02:00:00,11.55727,0.0,0.0,0.0,0.0,0.0,97.0,100.0
2022-10-03 03:00:00,10.83727,0.0,0.0,0.0,0.0,0.0,97.0,100.0
2022-10-03 04:00:00,10.33727,0.0,0.0,0.0,0.0,0.0,97.0,100.0
2022-10-03 05:00:00,9.977269,0.0,0.0,0.0,0.0,0.0,97.0,100.0
2022-10-03 06:00:00,9.947269,0.0,0.0,0.0,0.0,0.0,97.0,100.0
2022-10-03 07:00:00,10.00727,0.0,4.45,1.3259251,3.1240747,0.0,97.0,100.0
2022-10-03 08:00:00,11.08727,0.0,127.27,69.226944,58.04305,0.0,93.0,100.0
2022-10-03 09:00:00,11.697269,0.0,234.06999,140.92427,93.14572,0.0,92.0,100.0
2022-10-03 10:00:00,12.55727,0.0,327.52,221.03976,106.480225,0.0,89.0,100.0
2022-10-03 11:00:00,13.987269,0.0,458.35,299.5251,158.8249,0.0,83.0,100.0
2022-10-03 12:00:00,14.817269,28.085108,586.51,366.8552,219.65482,0.0,80.0,50.0
2022-10-03 13:00:00,14.21727,53.61702,377.36,240.82367,136.53632,0.0,87.0,10.0
2022-10-03 14:00:00,14.947269,60.0,577.61,358.9588,218.65117,0.0,82.0,0.0
2022-10-03 15:00:00,14.92727,60.0,504.63,306.44556,198.18445,0.0,75.0,0.0
2022-10-03 16:00:00,14.977269,58.085106,390.71,228.9841,161.72589,0.0,74.0,3.0
2022-10-03 17:00:00,14.397269,33.82979,245.64,137.38893,108.25107,0.0,78.0,41.0
2022-10-03 18:00:00,12.20727,50.425533,79.21,41.93212,37.277878,0.0,85.0,15.0
2022-10-03 19:00:00,12.21727,3.9180853,0.0,0.0,0.0,0.0,78.0,7.0
2022-10-03 20:00:00,11.687269,0.0,0.0,0.0,0.0,0.0,79.0,3.9
2022-10-03 21:00:00,11.527269,0.0,0.0,0.0,0.0,0.0,76.0,35.0
2022-10-03 22:00:00,11.067269,0.0,0.0,0.0,0.0,0.0,78.0,0.0
2022-10-03 23:00:00,9.447269,0.0,0.0,0.0,0.0,0.0,86.0,0.3
2022-10-04 00:00:00,9.25727,0.0,0.0,0.0,0.0,0.0,91.0,7.0
2022-10-04 01:00:00,9.50727,0.0,0.0,0.0,0.0,0.0,89.0,18.0
2022-10-04 02:00:00,9.01727,0.0,0.0,0.0,0.0,0.0,91.0,20.0
2022-10-04 03:00:00,8.4072695,0.0,0.0,0.0,0.0,0.0,94.0,18.0
2022-10-04 04:00:00,8.467269,0.0,0.0,0.0,0.0,0.0,91.0,100.0
2022-10-04 05:00:00,8.277269,0.0,0.0,0.0,0.0,0.0,89.0,83.0
2022-10-04 06:00:00,7.83727,0.0,0.0,0.0,0.0,0.0,86.0,31.0
2022-10-04 07:00:00,7.8772697,20.841667,13.349999,6.9534802,6.396519,0.0,78.0,33.0
2022-10-04 08:00:00,9.76727,1.9148934,149.52,81.21591,68.30409,0.0,76.0,91.0
2022-10-04 09:00:00,11.51727,56.55319,308.83,176.66727,132.16272,0.0,79.0,5.4
2022-10-04 10:00:00,12.95727,55.97872,443.22,264.28058,178.9394,0.0,77.0,6.3
2022-10-04 11:00:00,14.447269,40.851063,537.56,330.16174,207.39827,0.0,72.0,30.000002
2022-10-04 12:00:00,15.937269,40.851063,568.70996,355.19644,213.51352,0.0,66.0,30.000002
2022-10-04 13:00:00,15.59727,56.744682,611.43,383.1847,228.24532,0.0,67.0,5.1000004
2022-10-04 14:00:00,16.20727,54.638298,578.5,358.93018,219.56981,0.0,66.0,8.400001
2022-10-04 15:00:00,16.577269,60.0,497.50998,301.60602,195.90396,0.0,67.0,0.0
2022-10-04 16:00:00,16.507269,60.0,374.69,219.19879,155.49121,0.0,68.0,0.0
2022-10-04 17:00:00,15.6172695,60.0,225.17,125.69932,99.47068,0.0,76.0,0.0
2022-10-04 18:00:00,13.95727,60.0,64.97,34.358555,30.611446,0.0,81.0,0.0
2022-10-04 19:00:00,14.55727,2.2666667,0.0,0.0,0.0,0.0,75.0,0.0
2022-10-04 20:00:00,14.55727,0.0,0.0,0.0,0.0,0.0,71.0,0.0
2022-10-04 21:00:00,14.58727,0.0,0.0,0.0,0.0,0.0,64.0,0.0
2022-10-04 22:00:00,14.527269,0.0,0.0,0.0,0.0,0.0,53.0,0.0
2022-10-04 23:00:00,14.567269,0.0,0.0,0.0,0.0,0.0,42.0,0.0
2022-10-05 00:00:00,14.24727,0.0,0.0,0.0,0.0,0.0,38.0,0.0
2022-10-05 01:00:00,14.46727,0.0,0.0,0.0,0.0,0.0,35.0,1.2
2022-10-05 02:00:00,14.6572695,0.0,0.0,0.0,0.0,0.0,32.0,9.900001
2022-10-05 03:00:00,14.58727,0.0,0.0,0.0,0.0,0.0,31.0,30.000002
2022-10-05 04:00:00,14.027269,0.0,0.0,0.0,0.0,0.0,32.0,11.1
2022-10-05 05:00:00,14.067269,0.0,0.0,0.0,0.0,0.0,32.0,7.8
2022-10-05 06:00:00,13.947269,0.0,0.0,0.0,0.0,0.0,32.0,23.7
2022-10-05 07:00:00,14.29727,21.230585,11.57,6.02201,5.54799,0.0,34.0,29.1
2022-10-05 08:00:00,15.00727,52.531914,146.84999,79.65376,67.19623,0.0,39.0,11.700001
2022-10-05 09:00:00,16.627268,50.42553,305.27,174.38771,130.88228,0.0,52.0,15.000001
2022-10-05 10:00:00,18.02727,40.851063,411.18,244.8317,166.3483,0.0,46.0,30.000002
2022-10-05 11:00:00,18.85727,40.851063,485.05,298.71097,186.33902,0.0,45.0,30.000002
2022-10-05 12:00:00,19.34727,47.361702,573.16,357.4436,215.71635,0.0,48.0,19.800001
2022-10-05 13:00:00,19.94727,60.0,607.87,380.3627,227.5073,0.0,50.0,0.0
2022-10-05 14:00:00,19.76727,60.0,571.38,353.93518,217.44482,0.0,51.0,0.0
2022-10-05 15:00:00,19.817268,60.0,489.5,296.24054,193.25945,0.0,53.0,0.0
2022-10-05 16:00:00,19.837269,60.0,367.57,214.64339,152.92662,0.0,58.0,0.0
2022-10-05 17:00:00,18.417269,60.0,218.94,121.98716,96.95284,0.0,69.0,0.0
2022-10-05 18:00:00,16.60727,60.0,59.629997,31.502218,28.127779,0.0,58.0,0.0
2022-10-05 19:00:00,16.43727,0.3,0.0,0.0,0.0,0.0,54.0,0.0
2022-10-05 20:00:00,16.647268,0.0,0.0,0.0,0.0,0.0,54.0,0.0
2022-10-05 21:00:00,16.53727,0.0,0.0,0.0,0.0,0.0,56.0,0.0
2022-10-05 22:00:00,16.177269,0.0,0.0,0.0,0.0,0.0,60.0,0.0
2022-10-05 23:00:00,15.777269,0.0,0.0,0.0,0.0,0.0,61.0,0.0
2022-10-06 00:00:00,15.26727,0.0,0.0,0.0,0.0,0.0,60.0,0.0
2022-10-06 01:00:00,14.91727,0.0,0.0,0.0,0.0,0.0,58.0,0.0
2022-10-06 02:00:00,14.95727,0.0,0.0,0.0,0.0,0.0,56.0,0.0
2022-10-06 03:00:00,14.9072695,0.0,0.0,0.0,0.0,0.0,56.0,0.0
2022-10-06 04:00:00,14.66727,0.0,0.0,0.0,0.0,0.0,56.0,0.0
2022-10-06 05:00:00,14.21727,0.0,0.0,0.0,0.0,0.0,57.0,0.0
2022-10-06 06:00:00,13.447269,0.0,0.0,0.0,0.0,0.0,59.0,0.0
2022-10-06 07:00:00,13.687269,29.383333,8.01,4.506773,3.503227,0.0,59.0,0.0
2022-10-06 08:00:00,14.95727,60.0,129.94,70.38234,59.557663,0.0,62.0,0.0
2022-10-06 09:00:00,16.21727,60.0,286.58,163.48195,123.09804,0.0,63.0,0.0
2022-10-06 10:00:00,16.917269,60.0,421.86,250.83604,171.02394,0.0,62.0,0.0
2022-10-06 11:00:00,17.667269,60.0,520.64996,318.85443,201.79552,0.0,63.0,0.0
2022-10-06 12:00:00,18.307268,60.0,580.27997,361.3421,218.93785,0.0,61.0,0.0
2022-10-06 13:00:00,18.10727,60.0,592.74,370.316,222.42398,0.0,67.0,0.0
2022-10-06 14:00:00,17.77727,60.0,557.14,344.54858,212.59142,0.0,68.0,0.0
2022-10-06 15:00:00,17.94727,60.0,476.15,287.6636,188.48639,0.0,67.0,0.0
2022-10-06 16:00:00,17.76727,60.0,356.0,207.50807,148.49193,0.0,70.0,0.0
2022-10-06 17:00:00,16.957268,60.0,210.04,116.80314,93.236855,0.0,76.0,0.0
2022-10-06 18:00:00,15.477269,58.4,53.399998,28.181946,25.218052,0.0,78.0,0.0
2022-10-06 19:00:00,15.357269,0.0,0.0,0.0,0.0,0.0,80.0,0.0
2022-10-06 20:00:00,14.987269,0.0,0.0,0.0,0.0,0.0,81.0,7.0
2022-10-06 21:00:00,14.95727,0.0,0.0,0.0,0.0,0.0,80.0,0.0
2022-10-06 22:00:00,14.277269,0.0,0.0,0.0,0.0,0.0,83.0,0.0
2022-10-06 23:00:00,13.01727,0.0,0.0,0.0,0.0,0.0,88.0,0.0
2022-10-07 00:00:00,13.05727,0.0,0.0,0.0,0.0,0.0,88.0,3.3000002
2022-10-07 01:00:00,12.777269,0.0,0.0,0.0,0.0,0.0,91.0,0.0
2022-10-07 02:00:00,12.55727,0.0,0.0,0.0,0.0,0.0,93.0,5.0
2022-10-07 03:00:00,12.03727,0.0,0.0,0.0,0.0,0.0,96.0,24.0
2022-10-07 04:00:00,11.63727,0.0,0.0,0.0,0.0,0.0,96.0,31.0
2022-10-07 05:00:00,11.277269,0.0,0.0,0.0,0.0,0.0,97.0,33.0
2022-10-07 06:00:00,10.857269,0.0,0.0,0.0,0.0,0.0,97.0,31.0
2022-10-07 07:00:00,11.32727,19.063831,8.01,4.194031,3.8159692,0.0,92.0,30.0
2022-10-07 08:00:00,13.107269,44.04255,136.17,73.652695,62.517307,0.0,84.0,25.0
2022-10-07 09:00:00,14.817269,60.0,289.25,164.77316,124.47684,0.0,81.0,0.0
2022-10-07 10:00:00,16.237268,60.0,413.85,245.72357,168.12643,0.0,74.0,0.0
2022-10-07 11:00:00,17.507269,60.0,511.75,312.9475,198.8025,0.0,70.0,0.0
2022-10-07 12:00:00,18.657269,60.0,570.49,354.71027,215.77972,0.0,66.0,0.0
2022-10-07 13:00:00,17.297268,58.723404,579.39,361.40625,217.98378,0.0,79.0,2.0
2022-10-07 14:00:00,17.93727,60.0,545.57,336.83734,208.73265,0.0,77.0,0.0
2022-10-07 15:00:00,18.247269,59.234043,465.47,280.72406,184.74593,0.0,75.0,1.2
2022-10-07 16:00:00,18.237268,57.70213,356.88998,207.64732,149.24266,0.0,75.0,3.6000001
2022-10-07 17:00:00,17.26727,55.78723,211.81999,117.566826,94.25317,0.0,79.0,6.6000004
2022-10-07 18:00:00,15.33727,24.021276,56.96,30.030014,26.929985,0.0,81.0,54.0
2022-10-07 19:00:00,15.71727,0.0,0.0,0.0,0.0,0.0,76.0,72.0
2022-10-07 20:00:00,15.34727,0.0,0.0,0.0,0.0,0.0,78.0,46.0
2022-10-07 21:00:00,15.3672695,0.0,0.0,0.0,0.0,0.0,78.0,100.0
2022-10-07 22:00:00,15.107269,0.0,0.0,0.0,0.0,0.0,76.0,100.0
2022-10-07 23:00:00,14.857269,0.0,0.0,0.0,0.0,0.0,72.0,86.0
2022-10-08 00:00:00,15.1172695,0.0,0.0,0.0,0.0,0.0,68.0,100.0
2022-10-08 01:00:00,15.13727,0.0,0.0,0.0,0.0,0.0,67.0,100.0
2022-10-08 02:00:00,15.027269,0.0,0.0,0.0,0.0,0.0,68.0,100.0
2022-10-08 03:00:00,14.83727,0.0,0.0,0.0,0.0,0.0,70.0,100.0
2022-10-08 04:00:00,14.07727,0.0,0.0,0.0,0.0,0.0,75.0,100.0
2022-10-08 05:00:00,13.6572695,0.0,0.0,0.0,0.0,0.0,79.0,100.0
2022-10-08 06:00:00,13.45727,0.0,0.0,0.0,0.0,0.0,83.0,100.0
2022-10-08 07:00:00,13.54727,0.0,6.23,3.7125294,2.5174706,0.0,86.0,100.0
2022-10-08 08:00:00,14.17727,0.0,73.869995,41.959816,31.910181,0.0,86.0,100.0
2022-10-08 09:00:00,14.477269,0.0,123.71,61.691563,62.018436,0.0,88.0,100.0
2022-10-08 10:00:00,13.17727,0.0,97.9,4.1693954,93.730606,0.0,96.0,100.0
2022-10-08 11:00:00,13.21727,0.0,76.54,1.1201401,75.41986,0.0,96.0,100.0
2022-10-08 12:00:00,13.83727,0.0,218.94,46.58957,172.35043,0.0,93.0,100.0
2022-10-08 13:00:00,13.237269,0.0,97.9,1.7780304,96.12197,0.0,95.0,100.0
2022-10-08 14:00:00,12.88727,0.0,79.21,1.0090408,78.20096,0.0,95.0,100.0
2022-10-08 15:00:00,12.947269,0.0,82.77,1.9877548,80.78224,0.0,94.0,100.0
2022-10-08 16:00:00,13.237269,0.0,106.799995,17.911263,88.88873,0.0,94.0,100.0
2022-10-08 17:00:00,13.187269,0.0,103.24,81.77268,21.467314,0.0,94.0,100.0
2022-10-08 18:00:00,12.1572695,0.0,27.59,14.531306,13.058694,0.0,98.0,100.0
2022-10-08 19:00:00,12.107269,0.0,0.0,0.0,0.0,0.0,96.0,100.0
2022-10-08 20:00:00,11.727269,0.0,0.0,0.0,0.0,0.0,93.0,100.0
2022-10-08 21:00:00,11.17727,0.0,0.0,0.0,0.0,0.0,93.0,100.0
2022-10-08 22:00:00,11.067269,0.0,0.0,0.0,0.0,0.0,95.0,100.0
2022-10-08 23:00:00,11.027269,0.0,0.0,0.0,0.0,0.0,95.0,100.0
2022-10-09 00:00:00,10.977269,0.0,0.0,0.0,0.0,0.0,95.0,100.0
2022-10-09 01:00:00,10.54727,0.0,0.0,0.0,0.0,0.0,96.0,100.0
2022-10-09 02:00:00,10.487269,0.0,0.0,0.0,0.0,0.0,94.0,100.0
2022-10-09 03:00:00,10.1572695,0.0,0.0,0.0,0.0,0.0,94.0,100.0
2022-10-09 04:00:00,9.8672695,0.0,0.0,0.0,0.0,0.0,94.0,100.0
2022-10-09 05:00:00,9.45727,0.0,0.0,0.0,0.0,0.0,94.0,100.0
2022-10-09 06:00:00,9.05727,0.0,0.0,0.0,0.0,0.0,94.0,100.0
2022-10-09 07:00:00,8.897269,0.0,4.45,3.337726,1.1122736,0.0,93.0,100.0
2022-10-09 08:00:00,9.38727,0.0,94.34,50.882782,43.457214,0.0,93.0,100.0
2022-10-09 09:00:00,10.67727,0.0,230.51,130.94142,99.56857,0.0,89.0,100.0
2022-10-09 10:00:00,12.03727,0.0,369.35,218.678,150.67201,0.0,85.0,100.0
2022-10-09 11:00:00,13.197269,0.0,431.65,279.13904,152.51097,0.0,83.0,100.0
2022-10-09 12:00:00,14.25727,0.0,501.06998,323.42657,177.6434,0.0,79.0,100.0
2022-10-09 13:00:00,14.397269,0.0,456.57,318.4358,138.1342,0.0,80.0,100.0
2022-10-09 14:00:00,15.1572695,0.0,352.44,257.4865,94.9535,0.0,78.0,100.0
2022-10-09 15:00:00,15.357269,0.0,276.79,188.86617,87.92384,0.0,79.0,100.0
2022-10-09 16:00:00,14.88727,0.0,151.3,68.14736,83.15264,0.0,82.0,100.0
2022-10-09 17:00:00,14.83727,0.0,65.86,24.830242,41.02976,0.0,84.0,100.0
2022-10-09 18:00:00,14.82727,0.0,20.47,12.197496,8.272503,0.0,84.0,100.0
2022-10-09 19:00:00,14.79727,0.0,0.0,0.0,0.0,0.0,83.0,100.0
2022-10-09 20:00:00,14.37727,0.0,0.0,0.0,0.0,0.0,83.0,48.0
2022-10-09 21:00:00,14.25727,0.0,0.0,0.0,0.0,0.0,83.0,9.0
2022-10-09 22:00:00,13.697269,0.0,0.0,0.0,0.0,0.0,85.0,6.3
2022-10-09 23:00:00,13.66727,0.0,0.0,0.0,0.0,0.0,85.0,6.9
2022-10-10 00:00:00,13.12727,0.0,0.0,0.0,0.0,0.0,88.0,30.0
2022-10-10 01:00:00,14.277269,0.0,0.0,0.0,0.0,0.0,81.0,100.0
2022-10-10 02:00:00,14.027269,0.0,0.0,0.0,0.0,0.0,78.0,100.0
2022-10-10 03:00:00,13.91727,0.0,0.0,0.0,0.0,0.0,75.0,100.0
2022-10-10 04:00:00,14.01727,0.0,0.0,0.0,0.0,0.0,77.0,100.0
2022-10-10 05:00:00,13.647269,0.0,0.0,0.0,0.0,0.0,83.0,100.0
2022-10-10 06:00:00,13.227269,0.0,0.0,0.0,0.0,0.0,87.0,100.0
2022-10-10 07:00:00,12.80727,0.0,0.89,0.014867902,0.8751321,0.0,89.0,100.0
2022-10-10 08:00:00,13.4072695,0.0,44.5,29.543987,14.956013,0.0,84.0,100.0
2022-10-10 09:00:00,14.32727,0.0,121.93,63.899117,58.030884,0.0,83.0,100.0
2022-10-10 10:00:00,15.09727,0.0,152.19,41.328636,110.86137,0.0,77.0,100.0
2022-10-10 11:00:00,15.76727,0.0,187.79,41.06366,146.72633,0.0,78.0,100.0
2022-10-10 12:00:00,15.777269,0.0,187.79,23.541351,164.24864,0.0,80.0,100.0
2022-10-10 13:00:00,17.747269,60.0,566.04,351.42987,214.61012,0.0,60.0,0.0
2022-10-10 14:00:00,18.09727,60.0,533.11,327.53998,205.57002,0.0,59.0,0.0
2022-10-10 15:00:00,17.957268,60.0,453.9,272.34842,181.55157,0.0,60.0,0.0
2022-10-10 16:00:00,17.057268,60.0,334.63998,193.6584,140.98158,0.0,64.0,0.0
2022-10-10 17:00:00,15.6572695,56.744682,193.12999,106.59034,86.53965,0.0,71.0,5.1000004
2022-10-10 18:00:00,14.05727,46.508263,45.39,23.858643,21.531357,0.0,72.0,7.8
2022-10-10 19:00:00,14.1572695,0.0,0.0,0.0,0.0,0.0,69.0,10.200001
2022-10-10 20:00:00,14.147269,0.0,0.0,0.0,0.0,0.0,67.0,6.6000004
2022-10-10 21:00:00,14.01727,0.0,0.0,0.0,0.0,0.0,65.0,4.2000003
2022-10-10 22:00:00,13.67727,0.0,0.0,0.0,0.0,0.0,64.0,20.0
2022-10-10 23:00:00,14.07727,0.0,0.0,0.0,0.0,0.0,65.0,71.0
2022-10-11 00:00:00,13.71727,0.0,0.0,0.0,0.0,0.0,67.0,70.0
2022-10-11 01:00:00,12.6572695,0.0,0.0,0.0,0.0,0.0,69.0,96.0
2022-10-11 02:00:00,12.687269,0.0,0.0,0.0,0.0,0.0,67.0,6.0
2022-10-11 03:00:00,12.76727,0.0,0.0,0.0,0.0,0.0,65.0,57.0
2022-10-11 04:00:00,12.647269,0.0,0.0,0.0,0.0,0.0,64.0,41.0
2022-10-11 05:00:00,12.277269,0.0,0.0,0.0,0.0,0.0,65.0,21.0
2022-10-11 06:00:00,11.91727,0.0,0.0,0.0,0.0,0.0,65.0,4.2000003
2022-10-11 07:00:00,12.12727,20.904716,4.45,2.7182264,1.7317734,0.0,64.0,6.6000004
2022-10-11 08:00:00,13.817269,54.638298,121.04,65.09744,55.94256,0.0,64.0,8.400001
2022-10-11 09:00:00,14.857269,54.82979,275.01,155.77542,119.23459,0.0,63.0,8.1
2022-10-11 10:00:00,15.63727,55.78723,404.94998,239.06606,165.88393,0.0,62.0,6.6000004
2022-10-11 11:00:00,16.397268,55.97872,498.4,303.0055,195.39452,0.0,62.0,6.3
2022-10-11 12:00:00,17.127268,55.212765,552.69,341.5761,211.11389,0.0,63.0,7.5000005
2022-10-11 13:00:00,16.60727,0.0,480.6,319.41425,161.18578,0.0,70.0,100.0
2022-10-11 14:00:00,16.68727,0.0,401.38998,281.40018,119.9898,0.0,69.0,100.0
2022-10-11 15:00:00,16.78727,0.0,319.51,223.53122,95.9788,0.0,70.0,100.0
2022-10-11 16:00:00,16.69727,0.0,255.43,157.51042,97.91957,0.0,73.0,100.0
2022-10-11 17:00:00,15.58727,0.0,168.20999,92.66118,75.54881,0.0,78.0,100.0
2022-10-11 18:00:00,13.947269,0.0,40.05,21.030682,19.019318,0.0,82.0,98.0
2022-10-11 19:00:00,13.84727,0.0,0.0,0.0,0.0,0.0,82.0,33.0
2022-10-11 20:00:00,13.477269,0.0,0.0,0.0,0.0,0.0,82.0,97.0
2022-10-11 21:00:00,13.42727,0.0,0.0,0.0,0.0,0.0,84.0,100.0
2022-10-11 22:00:00,13.3672695,0.0,0.0,0.0,0.0,0.0,82.0,100.0
2022-10-11 23:00:00,13.25727,0.0,0.0,0.0,0.0,0.0,83.0,100.0
2022-10-12 00:00:00,13.00727,0.0,0.0,0.0,0.0,0.0,84.0,100.0
2022-10-12 01:00:00,12.79727,0.0,0.0,0.0,0.0,0.0,85.0,100.0
2022-10-12 02:00:00,12.82727,0.0,0.0,0.0,0.0,0.0,85.0,100.0
2022-10-12 03:00:00,12.01727,0.0,0.0,0.0,0.0,0.0,88.0,100.0
2022-10-12 04:00:00,11.697269,0.0,0.0,0.0,0.0,0.0,88.0,100.0
2022-10-12 05:00:00,12.107269,0.0,0.0,0.0,0.0,0.0,86.0,100.0
2022-10-12 06:00:00,12.067269,0.0,0.0,0.0,0.0,0.0,87.0,100.0
2022-10-12 07:00:00,11.527269,17.50851,2.67,1.4613985,1.2086016,0.0,91.0,16.0
2022-10-12 08:00:00,12.947269,53.61702,57.85,34.107765,23.742233,0.0,86.0,10.0
2022-10-12 09:00:00,13.75727,53.61702,129.94,82.278,47.662006,0.0,82.0,10.0
2022-10-12 10:00:00,15.33727,60.0,337.31,203.33365,133.97635,0.0,74.0,0.0
2022-10-12 11:00:00,16.237268,60.0,491.28,298.2334,193.0466,0.0,72.0,0.0
2022-10-12 12:00:00,17.03727,60.0,550.02,339.40533,210.6147,0.0,69.0,0.0
2022-10-12 13:00:00,15.34727,0.0,542.01,335.44495,206.56506,0.0,82.0,100.0
2022-10-12 14:00:00,15.4072695,38.297874,523.32,320.46393,202.85608,0.0,82.0,34.0
2022-10-12 15:00:00,15.527269,56.55319,449.44998,268.74838,180.7016,0.0,82.0,5.4
2022-10-12 16:00:00,15.37727,58.723404,332.86,191.93336,140.92662,0.0,82.0,2.0
2022-10-12 17:00:00,14.29727,60.0,179.78,98.847984,80.932014,0.0,87.0,0.0
2022-10-12 18:00:00,12.67727,46.883335,32.04,16.807825,15.232176,0.0,87.0,0.0
2022-10-12 19:00:00,12.74727,0.0,0.0,0.0,0.0,0.0,83.0,10.0
2022-10-12 20:00:00,12.57727,0.0,0.0,0.0,0.0,0.0,81.0,0.0
2022-10-12 21:00:00,12.45727,0.0,0.0,0.0,0.0,0.0,83.0,0.0
2022-10-12 22:00:00,12.42727,0.0,0.0,0.0,0.0,0.0,80.0,0.0
2022-10-12 23:00:00,12.357269,0.0,0.0,0.0,0.0,0.0,75.0,0.0
2022-10-13 00:00:00,12.21727,0.0,0.0,0.0,0.0,0.0,74.0,1.8000001
2022-10-13 01:00:00,12.237269,0.0,0.0,0.0,0.0,0.0,74.0,0.0
2022-10-13 02:00:00,12.16727,0.0,0.0,0.0,0.0,0.0,73.0,0.0
2022-10-13 03:00:00,11.84727,0.0,0.0,0.0,0.0,0.0,72.0,0.0
2022-10-13 04:00:00,11.687269,0.0,0.0,0.0,0.0,0.0,66.0,1.5
2022-10-13 05:00:00,11.487269,0.0,0.0,0.0,0.0,0.0,69.0,0.0
2022-10-13 06:00:00,11.237269,0.0,0.0,0.0,0.0,0.0,70.0,0.3
2022-10-13 07:00:00,11.59727,19.574255,2.67,1.794909,0.87509114,0.0,67.0,0.6
2022-10-13 08:00:00,12.78727,57.89362,108.58,58.228527,50.351475,0.0,66.0,3.3000002
2022-10-13 09:00:00,13.87727,54.82979,269.66998,152.31248,117.3575,0.0,66.0,8.1
2022-10-13 10:00:00,14.947269,58.085106,398.72,234.70557,164.01443,0.0,65.0,3.0
2022-10-13 11:00:00,15.737269,55.595745,493.94998,299.4111,194.53888,0.0,65.0,6.9
2022-10-13 12:00:00,16.29727,0.0,511.75,315.31104,196.43898,0.0,66.0,100.0
2022-10-13 13:00:00,14.8672695,0.0,294.59,145.42874,149.16125,0.0,71.0,100.0
2022-10-13 14:00:00,15.4072695,0.0,284.8,155.84435,128.95564,0.0,70.0,100.0
2022-10-13 15:00:00,15.37727,0.0,288.36,233.18443,55.17555,0.0,70.0,100.0
2022-10-13 16:00:00,13.96727,0.0,121.04,40.58603,80.45397,0.0,77.0,100.0
2022-10-13 17:00:00,13.08727,0.0,24.92,0.7517986,24.168201,0.0,83.0,100.0
2022-10-13 18:00:00,12.09727,0.0,12.46,9.988771,2.4712284,0.0,86.0,100.0
2022-10-13 19:00:00,11.30727,0.0,0.0,0.0,0.0,0.0,87.0,100.0
2022-10-13 20:00:00,12.16727,0.0,0.0,0.0,0.0,0.0,83.0,100.0
2022-10-13 21:00:00,11.87727,0.0,0.0,0.0,0.0,0.0,86.0,100.0
2022-10-13 22:00:00,11.38727,0.0,0.0,0.0,0.0,0.0,91.0,100.0
2022-10-13 23:00:00,10.88727,0.0,0.0,0.0,0.0,0.0,94.0,100.0
2022-10-14 00:00:00,10.74727,0.0,0.0,0.0,0.0,0.0,92.0,100.0
2022-10-14 01:00:00,10.527269,0.0,0.0,0.0,0.0,0.0,92.0,100.0
2022-10-14 02:00:00,10.527269,0.0,0.0,0.0,0.0,0.0,90.0,100.0
2022-10-14 03:00:00,10.357269,0.0,0.0,0.0,0.0,0.0,89.0,100.0
2022-10-14 04:00:00,9.70727,0.0,0.0,0.0,0.0,0.0,88.0,100.0
2022-10-14 05:00:00,9.70727,0.0,0.0,0.0,0.0,0.0,82.0,39.0
2022-10-14 06:00:00,10.28727,0.0,0.0,0.0,0.0,0.0,77.0,92.0
2022-10-14 07:00:00,10.83727,0.0,1.78,0.7439127,1.0360873,0.0,77.0,100.0
2022-10-14 08:00:00,12.1172695,0.0,80.1,42.89337,37.206627,0.0,74.0,100.0
2022-10-14 09:00:00,13.027269,0.0,159.31,105.90737,53.402626,0.0,75.0,100.0
2022-10-14 10:00:00,14.25727,17.872341,324.85,196.67818,128.17183,0.0,68.0,66.0
2022-10-14 11:00:00,15.00727,0.0,481.49,291.425,190.06502,0.0,68.0,100.0
2022-10-14 12:00:00,15.937269,19.148937,445.0,298.18164,146.81834,0.0,66.0,64.0
2022-10-14 13:00:00,14.82727,0.0,166.43,11.327652,155.10234,0.0,72.0,100.0
2022-10-14 14:00:00,14.1572695,0.0,113.03,3.8740845,109.155914,0.0,78.0,100.0
2022-10-14 15:00:00,14.437269,0.0,153.08,32.929985,120.15002,0.0,78.0,100.0
2022-10-14 16:00:00,13.80727,0.0,102.35,23.348259,79.00174,0.0,84.0,100.0
2022-10-14 17:00:00,11.88727,0.0,38.27,5.607258,32.662743,0.0,95.0,100.0
2022-10-14 18:00:00,11.41727,0.0,6.23,1.524013,4.705987,0.0,96.0,100.0
2022-10-14 19:00:00,11.26727,0.0,0.0,0.0,0.0,0.0,95.0,100.0
2022-10-14 20:00:00,11.83727,0.0,0.0,0.0,0.0,0.0,92.0,100.0
2022-10-14 21:00:00,12.147269,0.0,0.0,0.0,0.0,0.0,89.0,100.0
2022-10-14 22:00:00,11.99727,0.0,0.0,0.0,0.0,0.0,92.0,100.0
2022-10-14 23:00:00,13.83727,0.0,0.0,0.0,0.0,0.0,82.0,100.0
2022-10-15 00:00:00,15.12727,0.0,0.0,0.0,0.0,0.0,76.0,100.0
2022-10-15 01:00:00,15.54727,0.0,0.0,0.0,0.0,0.0,74.0,100.0
2022-10-15 02:00:00,15.42727,0.0,0.0,0.0,0.0,0.0,75.0,100.0
2022-10-15 03:00:00,15.107269,0.0,0.0,0.0,0.0,0.0,77.0,100.0
2022-10-15 04:00:00,15.357269,0.0,0.0,0.0,0.0,0.0,78.0,100.0
2022-10-15 05:00:00,15.397269,0.0,0.0,0.0,0.0,0.0,73.0,100.0
2022-10-15 06:00:00,15.07727,0.0,0.0,0.0,0.0,0.0,72.0,100.0
2022-10-15 07:00:00,13.817269,0.0,0.89,0.04371208,0.8462879,0.0,76.0,100.0
2022-10-15 08:00:00,14.21727,0.0,70.31,37.596252,32.713745,0.0,80.0,100.0
2022-10-15 09:00:00,15.937269,17.234043,210.93,118.79106,92.13893,0.0,79.0,67.0
2022-10-15 10:00:00,17.11727,60.0,386.25998,226.70692,159.55305,0.0,69.0,0.0
2022-10-15 11:00:00,17.76727,0.0,469.03,283.45935,185.57065,0.0,66.0,100.0
2022-10-15 12:00:00,18.317268,54.893616,511.75,314.34753,197.40248,0.0,65.0,8.0
2022-10-15 13:00:00,18.327269,40.212765,412.07,291.2006,120.869415,0.0,61.0,31.0
2022-10-15 14:00:00,18.36727,2.5531912,497.50998,303.1707,194.3393,0.0,61.0,90.0
2022-10-15 15:00:00,19.137268,57.31915,427.19998,254.14723,173.05275,0.0,60.0,4.2000003
2022-10-15 16:00:00,18.567268,54.255318,315.94998,181.22005,134.72993,0.0,62.0,9.0
2022-10-15 17:00:00,17.61727,0.0,165.54,90.51772,75.02227,0.0,66.0,100.0
2022-10-15 18:00:00,15.8672695,0.0,15.13,8.034744,7.095256,0.0,65.0,100.0
2022-10-15 19:00:00,15.6572695,0.0,0.0,0.0,0.0,0.0,61.0,100.0
2022-10-15 20:00:00,15.6572695,0.0,0.0,0.0,0.0,0.0,59.0,100.0
2022-10-15 21:00:00,15.1572695,0.0,0.0,0.0,0.0,0.0,54.0,100.0
2022-10-15 22:00:00,15.01727,0.0,0.0,0.0,0.0,0.0,52.0,65.0
2022-10-15 23:00:00,15.437269,0.0,0.0,0.0,0.0,0.0,50.0,84.0
2022-10-16 00:00:00,15.79727,0.0,0.0,0.0,0.0,0.0,48.0,100.0
2022-10-16 01:00:00,15.487269,0.0,0.0,0.0,0.0,0.0,48.0,100.0
2022-10-16 02:00:00,14.63727,0.0,0.0,0.0,0.0,0.0,50.0,100.0
2022-10-16 03:00:00,15.30727,0.0,0.0,0.0,0.0,0.0,46.0,48.0
2022-10-16 04:00:00,15.357269,0.0,0.0,0.0,0.0,0.0,44.0,0.0
2022-10-16 05:00:00,15.37727,0.0,0.0,0.0,0.0,0.0,43.0,0.0
2022-10-16 06:00:00,14.83727,0.0,0.0,0.0,0.0,0.0,44.0,0.0
2022-10-16 07:00:00,14.75727,15.483334,0.89,0.1457609,0.7442391,0.0,43.0,0.0
2022-10-16 08:00:00,16.087269,60.0,96.119995,51.322674,44.79732,0.0,43.0,0.0
2022-10-16 09:00:00,17.19727,60.0,246.53,138.63803,107.89197,0.0,52.0,0.0
2022-10-16 10:00:00,18.927269,15.957448,381.81,223.76498,158.04501,0.0,48.0,69.0
2022-10-16 11:00:00,20.18727,22.978725,478.82,288.9411,189.87889,0.0,44.0,58.0
2022-10-16 12:00:00,20.85727,57.12766,534.89,328.05447,206.83554,0.0,45.0,4.5
2022-10-16 13:00:00,20.407269,57.89362,545.57,335.5218,210.04823,0.0,52.0,3.3000002
2022-10-16 14:00:00,20.227268,57.31915,509.97,310.25098,199.71902,0.0,51.0,4.2000003
2022-10-16 15:00:00,20.03727,57.12766,430.75998,255.82637,174.93361,0.0,53.0,4.5
2022-10-16 16:00:00,19.94727,35.106384,314.16998,179.87845,134.29153,0.0,56.0,39.0
2022-10-16 17:00:00,18.707268,58.276596,168.20999,91.80768,76.40231,0.0,61.0,2.7
2022-10-16 18:00:00,17.43727,39.466667,24.92,13.022305,11.897696,0.0,57.0,0.0
2022-10-16 19:00:00,16.667269,0.0,0.0,0.0,0.0,0.0,61.0,0.0
2022-10-16 20:00:00,16.29727,0.0,0.0,0.0,0.0,0.0,65.0,0.0
2022-10-16 21:00:00,16.09727,0.0,0.0,0.0,0.0,0.0,63.0,0.0
2022-10-16 22:00:00,15.95727,0.0,0.0,0.0,0.0,0.0,58.0,1.2
2022-10-16 23:00:00,16.10727,0.0,0.0,0.0,0.0,0.0,55.0,0.0
2022-10-17 00:00:00,15.697269,0.0,0.0,0.0,0.0,0.0,56.0,0.0
2022-10-17 01:00:00,15.9072695,0.0,0.0,0.0,0.0,0.0,56.0,2.1000001
2022-10-17 02:00:00,15.84727,0.0,0.0,0.0,0.0,0.0,56.0,0.0
2022-10-17 03:00:00,15.487269,0.0,0.0,0.0,0.0,0.0,55.0,0.0
2022-10-17 04:00:00,15.09727,0.0,0.0,0.0,0.0,0.0,54.0,3.9
2022-10-17 05:00:00,14.71727,0.0,0.0,0.0,0.0,0.0,51.0,5.7000003
2022-10-17 06:00:00,14.88727,0.0,0.0,0.0,0.0,0.0,49.0,2.7
2022-10-17 07:00:00,13.87727,13.438156,0.89,0.25641173,0.63358825,0.0,57.0,4.2000003
2022-10-17 08:00:00,15.63727,55.97872,97.9,52.19686,45.70314,0.0,54.0,6.3
2022-10-17 09:00:00,17.427269,55.02128,252.76,141.93369,110.82631,0.0,62.0,7.8
2022-10-17 10:00:00,19.44727,55.212765,381.81,223.43369,158.37631,0.0,55.0,7.5000005
2022-10-17 11:00:00,20.51727,18.510641,473.47998,285.28687,188.19313,0.0,53.0,65.0
2022-10-17 12:00:00,21.057268,17.234043,512.64,313.92017,198.71986,0.0,53.0,67.0
2022-10-17 13:00:00,20.247269,12.765956,473.47998,300.7969,172.68307,0.0,51.0,74.0
2022-10-17 14:00:00,20.647268,40.851063,453.9,276.10333,177.79665,0.0,51.0,30.000002
2022-10-17 15:00:00,20.53727,55.595745,411.18,243.77914,167.40085,0.0,54.0,6.9
2022-10-17 16:00:00,19.76727,53.872337,307.94,175.99826,131.94174,0.0,58.0,9.6
2022-10-17 17:00:00,17.887268,52.340427,163.76,89.21452,74.54547,0.0,61.0,12.0
2022-10-17 18:00:00,18.247269,35.47142,22.25,11.615906,10.634094,0.0,48.0,5.4
2022-10-17 19:00:00,18.377268,0.0,0.0,0.0,0.0,0.0,45.0,0.0
2022-10-17 20:00:00,18.147268,0.0,0.0,0.0,0.0,0.0,46.0,0.0
2022-10-17 21:00:00,16.717268,0.0,0.0,0.0,0.0,0.0,53.0,4.5
2022-10-17 22:00:00,16.907269,0.0,0.0,0.0,0.0,0.0,57.0,9.900001
2022-10-17 23:00:00,16.177269,0.0,0.0,0.0,0.0,0.0,56.0,11.1
2022-10-18 00:00:00,15.74727,0.0,0.0,0.0,0.0,0.0,55.0,67.0
2022-10-18 01:00:00,15.687269,0.0,0.0,0.0,0.0,0.0,54.0,4.0
2022-10-18 02:00:00,15.99727,0.0,0.0,0.0,0.0,0.0,54.0,100.0
2022-10-18 03:00:00,15.697269,0.0,0.0,0.0,0.0,0.0,56.0,97.0
2022-10-18 04:00:00,16.167269,0.0,0.0,0.0,0.0,0.0,56.0,100.0
2022-10-18 05:00:00,16.04727,0.0,0.0,0.0,0.0,0.0,57.0,100.0
2022-10-18 06:00:00,15.45727,0.0,0.0,0.0,0.0,0.0,59.0,81.0
2022-10-18 07:00:00,15.04727,12.380851,0.0,0.0,0.0,0.0,60.0,2.0
2022-10-18 08:00:00,16.507269,58.085106,85.44,45.48694,39.953064,0.0,59.0,3.0
2022-10-18 09:00:00,17.817268,58.085106,237.62999,133.24231,104.38767,0.0,63.0,3.0
2022-10-18 10:00:00,18.727268,0.0,354.22,206.9822,147.23781,0.0,60.0,100.0
2022-10-18 11:00:00,19.057268,60.0,456.57,274.68597,181.88403,0.0,59.0,0.0
2022-10-18 12:00:00,19.477268,60.0,513.52997,313.98462,199.54536,0.0,59.0,0.0
2022-10-18 13:00:00,19.967268,60.0,525.1,321.91092,203.18906,0.0,57.0,0.0
2022-10-18 14:00:00,19.907269,60.0,488.61,296.2861,192.32388,0.0,58.0,0.0
2022-10-18 15:00:00,19.827269,60.0,406.72998,240.74057,165.98941,0.0,61.0,0.0
2022-10-18 16:00:00,18.957268,60.0,288.36,164.52515,123.83485,0.0,65.0,0.0
2022-10-18 17:00:00,17.01727,60.0,144.18,78.40851,65.771484,0.0,73.0,0.0
2022-10-18 18:00:00,16.727268,35.85,15.13,7.8915324,7.2384677,0.0,66.0,0.0
2022-10-18 19:00:00,16.61727,0.0,0.0,0.0,0.0,0.0,65.0,0.0
2022-10-18 20:00:00,16.13727,0.0,0.0,0.0,0.0,0.0,66.0,0.0
2022-10-18 21:00:00,15.857269,0.0,0.0,0.0,0.0,0.0,67.0,0.0
2022-10-18 22:00:00,15.70727,0.0,0.0,0.0,0.0,0.0,68.0,0.0
2022-10-18 23:00:00,15.357269,0.0,0.0,0.0,0.0,0.0,71.0,0.0
2022-10-19 00:00:00,15.09727,0.0,0.0,0.0,0.0,0.0,70.0,0.0
2022-10-19 01:00:00,14.54727,0.0,0.0,0.0,0.0,0.0,69.0,0.0
2022-10-19 02:00:00,14.05727,0.0,0.0,0.0,0.0,0.0,72.0,0.0
2022-10-19 03:00:00,13.83727,0.0,0.0,0.0,0.0,0.0,76.0,0.0
2022-10-19 04:00:00,13.277269,0.0,0.0,0.0,0.0,0.0,81.0,0.0
2022-10-19 05:00:00,12.897269,0.0,0.0,0.0,0.0,0.0,82.0,0.0
2022-10-19 06:00:00,12.29727,0.0,0.0,0.0,0.0,0.0,84.0,1.0
2022-10-19 07:00:00,11.41727,6.3242903,0.0,0.0,0.0,0.0,88.0,41.0
2022-10-19 08:00:00,12.45727,33.19149,79.21,42.10827,37.10173,0.0,85.0,42.0
2022-10-19 09:00:00,13.9072695,45.31915,231.4,129.5585,101.84149,0.0,83.0,23.0
2022-10-19 10:00:00,15.437269,60.0,363.12,211.86841,151.25159,0.0,78.0,0.0
2022-10-19 11:00:00,16.827269,60.0,459.24,275.87674,183.36325,0.0,74.0,0.0
2022-10-19 12:00:00,17.897268,60.0,517.98,316.21918,201.7608,0.0,68.0,0.0
2022-10-19 13:00:00,18.477268,60.0,528.66,323.58328,205.07669,0.0,65.0,0.0
2022-10-19 14:00:00,19.10727,60.0,492.16998,297.96185,194.20815,0.0,64.0,0.0
2022-10-19 15:00:00,18.817268,59.425533,409.4,241.9168,167.4832,0.0,67.0,0.90000004
2022-10-19 16:00:00,18.067268,60.0,291.91998,166.26973,125.65025,0.0,68.0,0.0
2022-10-19 17:00:00,16.837269,59.234043,152.19,82.6176,69.5724,0.0,73.0,1.2
2022-10-19 18:00:00,16.10727,33.957943,16.91,8.811806,8.098194,0.0,70.0,0.3
2022-10-19 19:00:00,15.987269,0.0,0.0,0.0,0.0,0.0,70.0,0.0
2022-10-19 20:00:00,15.80727,0.0,0.0,0.0,0.0,0.0,72.0,4.2000003
2022-10-19 21:00:00,15.03727,0.0,0.0,0.0,0.0,0.0,77.0,6.9
2022-10-19 22:00:00,14.57727,0.0,0.0,0.0,0.0,0.0,82.0,12.3
2022-10-19 23:00:00,14.1172695,0.0,0.0,0.0,0.0,0.0,85.0,7.8
2022-10-20 00:00:00,13.92727,0.0,0.0,0.0,0.0,0.0,83.0,0.6
2022-10-20 01:00:00,14.12727,0.0,0.0,0.0,0.0,0.0,77.0,4.2000003
2022-10-20 02:00:00,14.04727,0.0,0.0,0.0,0.0,0.0,69.0,26.400002
2022-10-20 03:00:00,14.317269,0.0,0.0,0.0,0.0,0.0,58.0,18.900002
2022-10-20 04:00:00,14.08727,0.0,0.0,0.0,0.0,0.0,55.0,4.5
2022-10-20 05:00:00,13.687269,0.0,0.0,0.0,0.0,0.0,56.0,0.0
2022-10-20 06:00:00,13.07727,0.0,0.0,0.0,0.0,0.0,59.0,0.0
2022-10-20 07:00:00,12.80727,9.221312,0.0,0.0,0.0,0.0,58.0,5.4
2022-10-20 08:00:00,14.58727,0.0,80.99,42.991142,37.998856,0.0,59.0,100.0
2022-10-20 09:00:00,16.817268,0.0,182.45,102.001274,80.44872,0.0,57.0,100.0
2022-10-20 10:00:00,19.007269,38.93617,359.56,209.479,150.081,0.0,55.0,33.0
2022-10-20 11:00:00,18.987268,0.0,352.44,235.3992,117.04081,0.0,65.0,100.0
2022-10-20 12:00:00,22.587269,0.0,367.57,262.59982,104.97018,0.0,52.0,100.0
2022-10-20 13:00:00,18.737268,0.0,316.84,210.43242,106.40758,0.0,56.0,100.0
2022-10-20 14:00:00,19.09727,0.0,304.38,221.72363,82.656364,0.0,53.0,100.0
2022-10-20 15:00:00,19.19727,0.0,304.38,199.1321,105.24791,0.0,56.0,100.0
2022-10-20 16:00:00,19.01727,0.0,185.12,121.95577,63.164223,0.0,60.0,100.0
2022-10-20 17:00:00,17.897268,40.212765,78.32,46.282585,32.037415,0.0,66.0,31.0
2022-10-20 18:00:00,16.757269,27.955994,12.46,6.48691,5.97309,0.0,67.0,12.6
2022-10-20 19:00:00,17.307268,0.0,0.0,0.0,0.0,0.0,59.0,100.0
2022-10-20 20:00:00,17.047268,0.0,0.0,0.0,0.0,0.0,57.0,100.0
2022-10-20 21:00:00,15.96727,0.0,0.0,0.0,0.0,0.0,60.0,100.0
2022-10-20 22:00:00,17.077269,0.0,0.0,0.0,0.0,0.0,54.0,78.0
2022-10-20 23:00:00,15.74727,0.0,0.0,0.0,0.0,0.0,56.0,56.0
2022-10-21 00:00:00,16.77727,0.0,0.0,0.0,0.0,0.0,52.0,100.0
2022-10-21 01:00:00,16.317268,0.0,0.0,0.0,0.0,0.0,54.0,100.0
2022-10-21 02:00:00,15.16727,0.0,0.0,0.0,0.0,0.0,61.0,100.0
2022-10-21 03:00:00,14.4072695,0.0,0.0,0.0,0.0,0.0,69.0,100.0
2022-10-21 04:00:00,13.45727,0.0,0.0,0.0,0.0,0.0,73.0,100.0
2022-10-21 05:00:00,14.28727,0.0,0.0,0.0,0.0,0.0,68.0,100.0
2022-10-21 06:00:00,13.447269,0.0,0.0,0.0,0.0,0.0,75.0,100.0
2022-10-21 07:00:00,13.66727,0.0,0.0,0.0,0.0,0.0,77.0,100.0
2022-10-21 08:00:00,13.687269,0.0,15.13,4.5222836,10.607717,0.0,77.0,100.0
2022-10-21 09:00:00,13.82727,0.0,48.059998,2.3401604,45.719837,0.0,78.0,100.0
2022-10-21 10:00:00,14.947269,0.0,124.6,31.633629,92.96637,0.0,75.0,100.0
2022-10-21 11:00:00,16.167269,0.0,189.56999,63.864784,125.70521,0.0,71.0,100.0
2022-10-21 12:00:00,16.647268,0.0,198.47,51.084793,147.38521,0.0,72.0,100.0
2022-10-21 13:00:00,16.417269,0.0,328.41,237.0574,91.35259,0.0,84.0,100.0
2022-10-21 14:00:00,17.657269,0.0,335.53,292.49185,43.038147,0.0,77.0,100.0
2022-10-21 15:00:00,17.03727,0.0,256.32,211.76788,44.55212,0.0,77.0,100.0
2022-10-21 16:00:00,15.88727,0.0,155.75,120.78978,34.960217,0.0,80.0,100.0
2022-10-21 17:00:00,15.37727,0.0,43.61,21.663887,21.946114,0.0,83.0,100.0
2022-10-21 18:00:00,15.777269,0.0,2.67,0.1487875,2.5212126,0.0,81.0,100.0
2022-10-21 19:00:00,15.197269,0.0,0.0,0.0,0.0,0.0,81.0,100.0
2022-10-21 20:00:00,14.71727,0.0,0.0,0.0,0.0,0.0,83.0,100.0
2022-10-21 21:00:00,13.447269,0.0,0.0,0.0,0.0,0.0,92.0,100.0
2022-10-21 22:00:00,13.107269,0.0,0.0,0.0,0.0,0.0,93.0,100.0
2022-10-21 23:00:00,13.147269,0.0,0.0,0.0,0.0,0.0,94.0,100.0
2022-10-22 00:00:00,12.76727,0.0,0.0,0.0,0.0,0.0,96.0,100.0
2022-10-22 01:00:00,13.00727,0.0,0.0,0.0,0.0,0.0,95.0,100.0
2022-10-22 02:00:00,12.49727,0.0,0.0,0.0,0.0,0.0,97.0,100.0
2022-10-22 03:00:00,12.107269,0.0,0.0,0.0,0.0,0.0,97.0,100.0
2022-10-22 04:00:00,12.447269,0.0,0.0,0.0,0.0,0.0,96.0,100.0
2022-10-22 05:00:00,12.42727,0.0,0.0,0.0,0.0,0.0,95.0,100.0
2022-10-22 06:00:00,12.25727,0.0,0.0,0.0,0.0,0.0,94.0,100.0
2022-10-22 07:00:00,11.987269,3.6702127,0.0,0.0,0.0,0.0,88.0,44.0
2022-10-22 08:00:00,14.027269,0.0,67.64,35.798645,31.841354,0.0,80.0,100.0
2022-10-22 09:00:00,14.80727,0.0,183.34,102.19504,81.14496,0.0,76.0,100.0
2022-10-22 10:00:00,15.49727,56.170216,322.18,187.13904,135.04095,0.0,73.0,6.0
2022-10-22 11:00:00,15.977269,60.0,444.11,265.5727,178.53731,0.0,72.0,0.0
2022-10-22 12:00:00,16.567268,60.0,497.50998,302.30978,195.2002,0.0,70.0,0.0
2022-10-22 13:00:00,16.497269,60.0,506.41,308.48676,197.92323,0.0,73.0,0.0
2022-10-22 14:00:00,16.897268,60.0,469.03,282.5629,186.4671,0.0,70.0,0.0
2022-10-22 15:00:00,16.44727,60.0,388.04,228.14095,159.89906,0.0,71.0,0.0
2022-10-22 16:00:00,15.857269,60.0,269.66998,152.80127,116.868706,0.0,74.0,0.0
2022-10-22 17:00:00,14.1572695,60.0,126.38,68.24101,58.138985,0.0,82.0,0.0
2022-10-22 18:00:00,14.07727,27.158634,8.9,4.6249986,4.275001,0.0,75.0,5.1000004
2022-10-22 19:00:00,13.88727,0.0,0.0,0.0,0.0,0.0,76.0,4.8
2022-10-22 20:00:00,13.74727,0.0,0.0,0.0,0.0,0.0,77.0,5.4
2022-10-22 21:00:00,13.737269,0.0,0.0,0.0,0.0,0.0,74.0,5.1000004
2022-10-22 22:00:00,13.87727,0.0,0.0,0.0,0.0,0.0,68.0,3.0
2022-10-22 23:00:00,13.687269,0.0,0.0,0.0,0.0,0.0,61.0,3.9
2022-10-23 00:00:00,13.6572695,0.0,0.0,0.0,0.0,0.0,57.0,1.5
2022-10-23 01:00:00,13.74727,0.0,0.0,0.0,0.0,0.0,55.0,6.9
2022-10-23 02:00:00,14.067269,0.0,0.0,0.0,0.0,0.0,53.0,9.3
2022-10-23 03:00:00,13.51727,0.0,0.0,0.0,0.0,0.0,53.0,2.7
2022-10-23 04:00:00,13.37727,0.0,0.0,0.0,0.0,0.0,49.0,3.9
2022-10-23 05:00:00,13.37727,0.0,0.0,0.0,0.0,0.0,47.0,3.6000001
2022-10-23 06:00:00,13.397269,0.0,0.0,0.0,0.0,0.0,44.0,0.0
2022-10-23 07:00:00,13.41727,5.45,0.0,0.0,0.0,0.0,42.0,0.0
2022-10-23 08:00:00,14.71727,60.0,64.97,34.357224,30.612778,0.0,48.0,0.0
2022-10-23 09:00:00,16.827269,59.61702,226.06,125.82268,100.23732,0.0,57.0,0.6
2022-10-23 10:00:00,18.927269,53.489365,354.22,205.44606,148.77394,0.0,60.0,10.200001
2022-10-23 11:00:00,20.427269,51.765957,442.33,264.11407,178.2159,0.0,54.0,12.900001
2022-10-23 12:00:00,22.147268,40.851063,485.94,294.83337,191.10663,0.0,50.0,30.000002
2022-10-23 13:00:00,20.807268,27.446808,473.47998,287.98444,185.49553,0.0,52.0,51.0
2022-10-23 14:00:00,21.93727,60.0,329.3,232.83801,96.46198,0.0,58.0,0.0
2022-10-23 15:00:00,21.677269,34.468082,380.03,223.07425,156.95575,0.0,58.0,40.0
2022-10-23 16:00:00,19.77727,57.70213,275.01,155.57211,119.43789,0.0,60.0,3.6000001
2022-10-23 17:00:00,18.737268,56.55319,132.61,71.48514,61.124863,0.0,57.0,5.4
2022-10-23 18:00:00,18.827269,24.17234,8.9,4.6210103,4.2789893,0.0,52.0,10.0
2022-10-23 19:00:00,17.317268,0.0,0.0,0.0,0.0,0.0,53.0,5.1000004
2022-10-23 20:00:00,17.647268,0.0,0.0,0.0,0.0,0.0,49.0,9.0
2022-10-23 21:00:00,16.52727,0.0,0.0,0.0,0.0,0.0,54.0,46.0
2022-10-23 22:00:00,18.157269,0.0,0.0,0.0,0.0,0.0,48.0,100.0
2022-10-23 23:00:00,15.41727,0.0,0.0,0.0,0.0,0.0,73.0,92.0
2022-10-24 00:00:00,14.777269,0.0,0.0,0.0,0.0,0.0,78.0,100.0
2022-10-24 01:00:00,14.03727,0.0,0.0,0.0,0.0,0.0,76.0,100.0
2022-10-24 02:00:00,14.25727,0.0,0.0,0.0,0.0,0.0,74.0,100.0
2022-10-24 03:00:00,15.33727,0.0,0.0,0.0,0.0,0.0,61.0,42.0
2022-10-24 04:00:00,15.03727,0.0,0.0,0.0,0.0,0.0,62.0,100.0
2022-10-24 05:00:00,14.75727,0.0,0.0,0.0,0.0,0.0,71.0,100.0
2022-10-24 06:00:00,13.737269,0.0,0.0,0.0,0.0,0.0,83.0,100.0
2022-10-24 07:00:00,13.01727,0.0,0.0,0.0,0.0,0.0,91.0,100.0
2022-10-24 08:00:00,14.82727,0.0,20.47,14.88951,5.580489,0.0,78.0,100.0
2022-10-24 09:00:00,16.37727,0.0,91.67,53.00724,38.662758,0.0,79.0,100.0
2022-10-24 10:00:00,17.247269,0.0,221.61,195.3774,26.232607,0.0,73.0,99.0
2022-10-24 11:00:00,15.947269,0.0,189.56999,70.58177,118.98822,0.0,83.0,100.0
2022-10-24 12:00:00,14.647269,0.0,39.16,-0.15475082,39.31475,0.0,92.0,100.0
2022-10-24 13:00:00,14.75727,0.0,42.72,-0.10718918,42.82719,0.0,93.0,100.0
2022-10-24 14:00:00,15.08727,0.0,113.03,4.894058,108.13594,0.0,90.0,100.0
2022-10-24 15:00:00,15.78727,0.0,149.52,48.68978,100.83022,0.0,88.0,100.0
2022-10-24 16:00:00,15.317269,39.57447,238.51999,134.7083,103.81169,0.0,87.0,32.0
2022-10-24 17:00:00,13.95727,44.04255,125.49,67.53348,57.956516,0.0,91.0,25.0
2022-10-24 18:00:00,14.24727,0.0,7.12,3.6936188,3.426381,0.0,87.0,100.0
2022-10-24 19:00:00,14.07727,0.0,0.0,0.0,0.0,0.0,86.0,100.0
2022-10-24 20:00:00,13.9072695,0.0,0.0,0.0,0.0,0.0,84.0,100.0
2022-10-24 21:00:00,13.737269,0.0,0.0,0.0,0.0,0.0,84.0,100.0
2022-10-24 22:00:00,13.4072695,0.0,0.0,0.0,0.0,0.0,83.0,100.0
2022-10-24 23:00:00,12.9072695,0.0,0.0,0.0,0.0,0.0,80.0,10.0
2022-10-25 00:00:00,12.80727,0.0,0.0,0.0,0.0,0.0,76.0,0.6
2022-10-25 01:00:00,13.01727,0.0,0.0,0.0,0.0,0.0,73.0,2.0
2022-10-25 02:00:00,13.42727,0.0,0.0,0.0,0.0,0.0,71.0,100.0
2022-10-25 03:00:00,12.58727,0.0,0.0,0.0,0.0,0.0,73.0,3.0
2022-10-25 04:00:00,12.187269,0.0,0.0,0.0,0.0,0.0,70.0,4.2000003
2022-10-25 05:00:00,12.12727,0.0,0.0,0.0,0.0,0.0,68.0,0.0
2022-10-25 06:00:00,11.937269,0.0,0.0,0.0,0.0,0.0,66.0,36.0
2022-10-25 07:00:00,11.727269,2.2963476,0.0,0.0,0.0,0.0,67.0,9.900001
2022-10-25 08:00:00,12.88727,57.89362,64.08,33.83441,30.245588,0.0,69.0,3.3000002
2022-10-25 09:00:00,13.83727,60.0,211.81999,117.55067,94.269325,0.0,70.0,0.0
2022-10-25 10:00:00,14.817269,59.808514,340.87,197.11838,143.75162,0.0,66.0,0.3
2022-10-25 11:00:00,15.947269,59.61702,437.88,260.67484,177.20517,0.0,62.0,0.6
2022-10-25 12:00:00,16.667269,57.70213,491.28,297.16818,194.11182,0.0,60.0,3.6000001
2022-10-25 13:00:00,16.327269,58.085106,502.85,304.903,197.94699,0.0,62.0,3.0
2022-10-25 14:00:00,16.61727,57.89362,466.36,279.6307,186.72928,0.0,61.0,3.3000002
2022-10-25 15:00:00,16.35727,58.851063,386.25998,226.00177,160.25821,0.0,63.0,1.8000001
2022-10-25 16:00:00,15.937269,57.70213,269.66998,152.04987,117.62012,0.0,65.0,3.6000001
2022-10-25 17:00:00,14.37727,40.851063,124.6,66.941696,57.658302,0.0,71.0,30.000002
2022-10-25 18:00:00,14.397269,0.0,6.23,3.229126,3.000874,0.0,65.0,100.0
2022-10-25 19:00:00,14.46727,0.0,0.0,0.0,0.0,0.0,66.0,100.0
2022-10-25 20:00:00,14.26727,0.0,0.0,0.0,0.0,0.0,69.0,100.0
2022-10-25 21:00:00,14.38727,0.0,0.0,0.0,0.0,0.0,65.0,100.0
2022-10-25 22:00:00,14.99727,0.0,0.0,0.0,0.0,0.0,60.0,100.0
2022-10-25 23:00:00,15.607269,0.0,0.0,0.0,0.0,0.0,52.0,100.0
2022-10-26 00:00:00,15.227269,0.0,0.0,0.0,0.0,0.0,50.0,84.0
2022-10-26 01:00:00,14.83727,0.0,0.0,0.0,0.0,0.0,56.0,100.0
2022-10-26 02:00:00,14.83727,0.0,0.0,0.0,0.0,0.0,54.0,41.0
2022-10-26 03:00:00,14.84727,0.0,0.0,0.0,0.0,0.0,52.0,0.0
2022-10-26 04:00:00,17.09727,0.0,0.0,0.0,0.0,0.0,44.0,0.0
2022-10-26 05:00:00,16.547268,0.0,0.0,0.0,0.0,0.0,47.0,100.0
2022-10-26 06:00:00,15.937269,0.0,0.0,0.0,0.0,0.0,50.0,100.0
2022-10-26 07:00:00,14.07727,0.23758863,0.0,0.0,0.0,0.0,61.0,74.0
2022-10-26 08:00:00,15.687269,53.61702,39.16,20.660614,18.499386,0.0,63.0,10.0
2022-10-26 09:00:00,16.487268,45.95745,96.119995,66.36512,29.754877,0.0,64.0,22.0
2022-10-26 10:00:00,17.917269,60.0,332.86,192.19965,140.66034,0.0,65.0,0.0
2022-10-26 11:00:00,19.557268,60.0,421.86,250.75922,171.10077,0.0,58.0,0.0
2022-10-26 12:00:00,20.507269,60.0,477.93,288.6503,189.2797,0.0,56.0,0.0
2022-10-26 13:00:00,18.677269,60.0,484.16,293.1129,191.0471,0.0,64.0,0.0
2022-10-26 14:00:00,18.827269,60.0,447.66998,267.99786,179.67213,0.0,64.0,0.0
2022-10-26 15:00:00,18.53727,60.0,373.8,218.35704,155.44295,0.0,65.0,0.0
2022-10-26 16:00:00,17.457268,57.31915,258.99,145.78665,113.20335,0.0,71.0,4.2000003
2022-10-26 17:00:00,14.947269,56.744682,119.259995,63.964687,55.295307,0.0,79.0,5.1000004
2022-10-26 18:00:00,14.66727,20.930939,5.34,2.7654314,2.5745687,0.0,75.0,4.5
2022-10-26 19:00:00,14.947269,0.0,0.0,0.0,0.0,0.0,71.0,7.5000005
2022-10-26 20:00:00,15.3672695,0.0,0.0,0.0,0.0,0.0,67.0,8.700001
2022-10-26 21:00:00,15.50727,0.0,0.0,0.0,0.0,0.0,58.0,44.0
2022-10-26 22:00:00,15.49727,0.0,0.0,0.0,0.0,0.0,52.0,43.0
2022-10-26 23:00:00,15.227269,0.0,0.0,0.0,0.0,0.0,49.0,12.0
2022-10-27 00:00:00,15.277269,0.0,0.0,0.0,0.0,0.0,46.0,4.0
2022-10-27 01:00:00,14.75727,0.0,0.0,0.0,0.0,0.0,47.0,2.7
2022-10-27 02:00:00,14.477269,0.0,0.0,0.0,0.0,0.0,47.0,16.0
2022-10-27 03:00:00,15.187269,0.0,0.0,0.0,0.0,0.0,45.0,100.0
2022-10-27 04:00:00,15.13727,0.0,0.0,0.0,0.0,0.0,45.0,100.0
2022-10-27 05:00:00,15.477269,0.0,0.0,0.0,0.0,0.0,42.0,100.0
2022-10-27 06:00:00,16.11727,0.0,0.0,0.0,0.0,0.0,37.0,100.0
2022-10-27 07:00:00,15.237269,0.0,0.0,0.0,0.0,0.0,37.0,64.0
2022-10-27 08:00:00,15.45727,59.6,53.399998,28.151756,25.248241,0.0,45.0,0.0
2022-10-27 09:00:00,16.577269,60.0,195.8,108.339035,87.46097,0.0,54.0,0.0
2022-10-27 10:00:00,18.217268,59.04255,334.63998,192.9384,141.70158,0.0,54.0,1.5
2022-10-27 11:00:00,19.53727,59.04255,425.41998,252.49214,172.92784,0.0,51.0,1.5
2022-10-27 12:00:00,20.167269,58.085106,477.93,288.20605,189.72394,0.0,51.0,3.0
2022-10-27 13:00:00,19.997269,60.0,486.83,294.26776,192.56223,0.0,56.0,0.0
2022-10-27 14:00:00,20.167269,60.0,447.66998,267.5711,180.09886,0.0,55.0,0.0
2022-10-27 15:00:00,20.257269,60.0,365.79,213.332,152.45801,0.0,57.0,0.0
2022-10-27 16:00:00,19.76727,35.744682,248.31,139.5448,108.7652,0.0,63.0,38.0
2022-10-27 17:00:00,18.36727,59.808514,111.25,59.568863,51.681137,0.0,64.0,0.3
2022-10-27 18:00:00,17.907269,20.040852,3.56,2.144988,1.415012,0.0,62.0,1.2
2022-10-27 19:00:00,17.967268,0.0,0.0,0.0,0.0,0.0,58.0,43.0
2022-10-27 20:00:00,18.01727,0.0,0.0,0.0,0.0,0.0,59.0,0.0
2022-10-27 21:00:00,17.797268,0.0,0.0,0.0,0.0,0.0,60.0,0.0
2022-10-27 22:00:00,17.467268,0.0,0.0,0.0,0.0,0.0,58.0,3.6000001
2022-10-27 23:00:00,17.53727,0.0,0.0,0.0,0.0,0.0,54.0,4.5
2022-10-28 00:00:00,17.577269,0.0,0.0,0.0,0.0,0.0,51.0,5.4
2022-10-28 01:00:00,17.387268,0.0,0.0,0.0,0.0,0.0,48.0,8.700001
2022-10-28 02:00:00,17.577269,0.0,0.0,0.0,0.0,0.0,44.0,10.8
2022-10-28 03:00:00,17.477268,0.0,0.0,0.0,0.0,0.0,41.0,9.900001
2022-10-28 04:00:00,17.327269,0.0,0.0,0.0,0.0,0.0,40.0,14.0
2022-10-28 05:00:00,17.307268,0.0,0.0,0.0,0.0,0.0,39.0,7.5000005
2022-10-28 06:00:00,16.977268,0.0,0.0,0.0,0.0,0.0,40.0,12.0
2022-10-28 07:00:00,17.047268,0.0,0.0,0.0,0.0,0.0,39.0,53.0
2022-10-28 08:00:00,18.057268,0.0,45.39,23.91054,21.47946,0.0,42.0,100.0
2022-10-28 09:00:00,18.35727,0.0,171.77,94.90283,76.86717,0.0,48.0,100.0
2022-10-28 10:00:00,20.497269,0.0,296.37,170.6211,125.74891,0.0,48.0,100.0
2022-10-28 11:00:00,21.427269,8.93617,390.71,231.54684,159.16315,0.0,50.0,80.0
2022-10-28 12:00:00,21.877268,57.89362,467.25,281.34448,185.9055,0.0,47.0,3.3000002
2022-10-28 13:00:00,22.757269,0.0,453.9,273.9499,179.95009,0.0,51.0,100.0
2022-10-28 14:00:00,22.93727,35.744682,411.18,245.38739,165.7926,0.0,50.0,38.0
2022-10-28 15:00:00,21.917269,58.276596,212.70999,158.2748,54.435192,0.0,55.0,2.7
2022-10-28 16:00:00,21.337269,59.04255,247.42,138.82831,108.5917,0.0,57.0,1.5
2022-10-28 17:00:00,19.907269,58.851063,109.47,58.523438,50.946564,0.0,53.0,1.8000001
2022-10-28 18:00:00,19.207268,18.716667,2.67,2.2816224,0.3883778,0.0,51.0,0.0
2022-10-28 19:00:00,19.817268,0.0,0.0,0.0,0.0,0.0,42.0,1.0
2022-10-28 20:00:00,19.807268,0.0,0.0,0.0,0.0,0.0,35.0,2.4
2022-10-28 21:00:00,19.387268,0.0,0.0,0.0,0.0,0.0,34.0,1.5
2022-10-28 22:00:00,18.797268,0.0,0.0,0.0,0.0,0.0,36.0,1.8000001
2022-10-28 23:00:00,18.837269,0.0,0.0,0.0,0.0,0.0,31.0,2.4
2022-10-29 00:00:00,18.717268,0.0,0.0,0.0,0.0,0.0,34.0,3.9
2022-10-29 01:00:00,18.51727,0.0,0.0,0.0,0.0,0.0,36.0,6.0
2022-10-29 02:00:00,18.997269,0.0,0.0,0.0,0.0,0.0,35.0,8.0
2022-10-29 03:00:00,18.397268,0.0,0.0,0.0,0.0,0.0,36.0,10.0
2022-10-29 04:00:00,17.917269,0.0,0.0,0.0,0.0,0.0,37.0,5.7000003
2022-10-29 05:00:00,18.177269,0.0,0.0,0.0,0.0,0.0,36.0,6.0
2022-10-29 06:00:00,18.147268,0.0,0.0,0.0,0.0,0.0,36.0,3.6000001
2022-10-29 07:00:00,18.247269,0.0,0.0,0.0,0.0,0.0,35.0,5.7000003
2022-10-29 08:00:00,19.217268,52.32624,51.62,27.171398,24.4486,0.0,37.0,7.2000003
2022-10-29 09:00:00,20.02727,54.44681,200.25,110.47475,89.77525,0.0,44.0,8.700001
2022-10-29 10:00:00,21.057268,54.255318,328.41,188.78667,139.62334,0.0,48.0,9.0
2022-10-29 11:00:00,22.407269,57.89362,420.08,248.58177,171.49821,0.0,43.0,3.3000002
2022-10-29 12:00:00,23.297268,57.89362,472.59,284.13312,188.4569,0.0,47.0,3.3000002
2022-10-29 13:00:00,22.77727,54.063828,480.6,289.6258,190.97421,0.0,53.0,9.3
2022-10-29 14:00:00,23.057268,54.063828,444.11,264.6347,179.47527,0.0,53.0,9.3
2022-10-29 15:00:00,22.94727,53.106384,364.9,212.15761,152.74239,0.0,55.0,10.8
2022-10-29 16:00:00,22.34727,54.638298,248.31,139.11015,109.199844,0.0,61.0,8.400001
2022-10-29 17:00:00,20.93727,55.404255,105.909996,56.530846,49.37915,0.0,61.0,7.2000003
2022-10-29 18:00:00,20.10727,15.274185,1.78,1.0510799,0.7289201,0.0,64.0,10.200001
2022-10-29 19:00:00,19.737268,0.0,0.0,0.0,0.0,0.0,68.0,11.1
2022-10-29 20:00:00,18.77727,0.0,0.0,0.0,0.0,0.0,56.0,11.1
2022-10-29 21:00:00,18.61727,0.0,0.0,0.0,0.0,0.0,43.0,11.1
2022-10-29 22:00:00,18.60727,0.0,0.0,0.0,0.0,0.0,39.0,11.700001
2022-10-29 23:00:00,18.26727,0.0,0.0,0.0,0.0,0.0,41.0,30.000002
2022-10-30 00:00:00,17.907269,0.0,0.0,0.0,0.0,0.0,42.0,30.000002
2022-10-30 01:00:00,17.897268,0.0,0.0,0.0,0.0,0.0,41.0,30.000002
2022-10-30 02:00:00,17.77727,0.0,0.0,0.0,0.0,0.0,40.0,24.0
2022-10-30 03:00:00,17.757269,0.0,0.0,0.0,0.0,0.0,39.0,13.500001
2022-10-30 04:00:00,17.167269,0.0,0.0,0.0,0.0,0.0,40.0,11.1
2022-10-30 05:00:00,16.627268,0.0,0.0,0.0,0.0,0.0,41.0,7.8
2022-10-30 06:00:00,16.407269,0.0,0.0,0.0,0.0,0.0,40.0,5.4
2022-10-30 07:00:00,16.317268,0.0,0.0,0.0,0.0,0.0,37.0,4.2000003
2022-10-30 08:00:00,16.927269,52.73362,48.95,25.74607,23.20393,0.0,38.0,4.2000003
2022-10-30 09:00:00,17.047268,55.212765,197.58,108.840416,88.739586,0.0,47.0,7.5000005
2022-10-30 10:00:00,18.837269,55.97872,325.74,186.9735,138.7665,0.0,49.0,6.3
2022-10-30 11:00:00,20.09727,55.97872,416.52,246.10654,170.41345,0.0,48.0,6.3
2022-10-30 12:00:00,20.78727,54.255318,467.25,280.49927,186.75072,0.0,47.0,9.0
2022-10-30 13:00:00,20.547268,54.44681,477.03998,287.04346,189.99654,0.0,48.0,8.700001
2022-10-30 14:00:00,21.127268,40.851063,436.99,259.9925,176.9975,0.0,44.0,30.000002
2022-10-30 15:00:00,21.18727,0.0,330.19,191.67917,138.51083,0.0,46.0,100.0
2022-10-30 16:00:00,20.547268,0.0,216.26999,120.97067,95.29932,0.0,51.0,100.0
2022-10-30 17:00:00,19.18727,0.0,92.56,49.326935,43.233063,0.0,51.0,100.0
2022-10-30 18:00:00,18.76727,6.4446807,1.78,1.4332011,0.3467989,0.0,52.0,55.0
2022-10-30 19:00:00,17.797268,0.0,0.0,0.0,0.0,0.0,58.0,35.0
2022-10-30 20:00:00,17.36727,0.0,0.0,0.0,0.0,0.0,59.0,27.0
2022-10-30 21:00:00,17.19727,0.0,0.0,0.0,0.0,0.0,55.0,23.0
2022-10-30 22:00:00,16.647268,0.0,0.0,0.0,0.0,0.0,54.0,1.2
2022-10-30 23:00:00,16.18727,0.0,0.0,0.0,0.0,0.0,54.0,3.6000001
2022-10-31 00:00:00,16.067268,0.0,0.0,0.0,0.0,0.0,52.0,4.2000003
2022-10-31 01:00:00,15.857269,0.0,0.0,0.0,0.0,0.0,47.0,3.0
2022-10-31 02:00:00,15.567269,0.0,0.0,0.0,0.0,0.0,44.0,5.4
2022-10-31 03:00:00,15.08727,0.0,0.0,0.0,0.0,0.0,43.0,24.0
2022-10-31 04:00:00,14.777269,0.0,0.0,0.0,0.0,0.0,42.0,48.0
2022-10-31 05:00:00,14.447269,0.0,0.0,0.0,0.0,0.0,44.0,78.0
2022-10-31 06:00:00,13.987269,0.0,0.0,0.0,0.0,0.0,46.0,97.0
2022-10-31 07:00:00,13.6172695,0.0,0.0,0.0,0.0,0.0,47.0,94.0
2022-10-31 08:00:00,14.66727,0.0,40.05,21.04866,19.001339,0.0,51.0,100.0
2022-10-31 09:00:00,15.687269,0.0,163.76,90.07614,73.68385,0.0,54.0,100.0
2022-10-31 10:00:00,17.007269,0.0,277.68,159.14941,118.53057,0.0,56.0,100.0
2022-10-31 11:00:00,17.927269,0.0,375.58,221.58327,153.99672,0.0,52.0,97.0
2022-10-31 12:00:00,18.717268,21.702127,454.78998,272.60596,182.18402,0.0,49.0,60.0
2022-10-31 13:00:00,17.957268,0.0,345.32,236.69144,108.62857,0.0,62.0,96.0
2022-10-31 14:00:00,18.707268,22.978725,429.87,255.36214,174.50786,0.0,57.0,58.0
2022-10-31 15:00:00,18.917269,17.872341,346.21,200.66618,145.54381,0.0,56.0,66.0
2022-10-31 16:00:00,18.337269,60.0,234.06999,130.72139,103.3486,0.0,64.0,0.0
2022-10-31 17:00:00,16.837269,57.31915,88.11,46.88099,41.22901,0.0,67.0,4.2000003
2022-10-31 18:00:00,16.717268,13.933333,0.89,0.32021445,0.56978554,0.0,59.0,0.0
2022-10-31 19:00:00,15.697269,0.0,0.0,0.0,0.0,0.0,54.0,3.9
2022-10-31 20:00:00,15.03727,0.0,0.0,0.0,0.0,0.0,56.0,7.2000003
2022-10-31 21:00:00,14.697269,0.0,0.0,0.0,0.0,0.0,48.0,5.1000004
2022-10-31 22:00:00,13.91727,0.0,0.0,0.0,0.0,0.0,49.0,3.0
2022-10-31 23:00:00,14.357269,0.0,0.0,0.0,0.0,0.0,47.0,4.8
2022-11-01 00:00:00,13.84727,0.0,0.0,0.0,0.0,0.0,49.0,7.2000003
2022-11-01 01:00:00,13.58727,0.0,0.0,0.0,0.0,0.0,49.0,63.0
2022-11-01 02:00:00,13.607269,0.0,0.0,0.0,0.0,0.0,50.0,100.0
2022-11-01 03:00:00,13.277269,0.0,0.0,0.0,0.0,0.0,52.0,100.0
2022-11-01 04:00:00,13.447269,0.0,0.0,0.0,0.0,0.0,53.0,100.0
2022-11-01 05:00:00,13.477269,0.0,0.0,0.0,0.0,0.0,53.0,100.0
2022-11-01 06:00:00,13.26727,0.0,0.0,0.0,0.0,0.0,53.0,100.0
2022-11-01 07:00:00,11.74727,0.0,0.0,0.0,0.0,0.0,66.0,100.0
2022-11-01 08:00:00,10.897269,0.0,13.349999,9.243488,4.1065116,0.0,81.0,100.0
2022-11-01 09:00:00,11.88727,0.0,80.99,57.515213,23.474785,0.0,86.0,100.0
2022-11-01 10:00:00,12.107269,0.0,125.49,53.001617,72.48838,0.0,87.0,100.0
2022-11-01 11:00:00,12.83727,0.0,258.99,214.64384,44.34615,0.0,83.0,100.0
2022-11-01 12:00:00,13.987269,0.0,415.63,248.75415,166.87585,0.0,79.0,100.0
2022-11-01 13:00:00,15.75727,0.0,428.97998,257.33527,171.64473,0.0,71.0,100.0
2022-11-01 14:00:00,14.397269,0.0,323.96,212.5261,111.4339,0.0,75.0,100.0
2022-11-01 15:00:00,14.17727,60.0,286.58,165.97849,120.6015,0.0,75.0,0.0
2022-11-01 16:00:00,13.947269,50.425533,229.62,128.03647,101.583534,0.0,77.0,15.0
2022-11-01 17:00:00,11.277269,39.57447,92.56,49.17178,43.388218,0.0,88.0,32.0
2022-11-01 18:00:00,11.817269,12.103546,0.89,0.5413265,0.34867346,0.0,82.0,2.0
2022-11-01 19:00:00,11.76727,0.0,0.0,0.0,0.0,0.0,86.0,3.0
2022-11-01 20:00:00,11.147269,0.0,0.0,0.0,0.0,0.0,85.0,3.3000002
2022-11-01 21:00:00,10.937269,0.0,0.0,0.0,0.0,0.0,88.0,2.1000001
2022-11-01 22:00:00,11.25727,0.0,0.0,0.0,0.0,0.0,84.0,0.0
2022-11-01 23:00:00,10.96727,0.0,0.0,0.0,0.0,0.0,81.0,9.0
2022-11-02 00:00:00,10.947269,0.0,0.0,0.0,0.0,0.0,76.0,11.0
2022-11-02 01:00:00,10.26727,0.0,0.0,0.0,0.0,0.0,77.0,13.0
2022-11-02 02:00:00,9.80727,0.0,0.0,0.0,0.0,0.0,81.0,9.0
2022-11-02 03:00:00,9.71727,0.0,0.0,0.0,0.0,0.0,85.0,6.0
2022-11-02 04:00:00,9.50727,0.0,0.0,0.0,0.0,0.0,87.0,100.0
2022-11-02 05:00:00,9.75727,0.0,0.0,0.0,0.0,0.0,87.0,100.0
2022-11-02 06:00:00,9.937269,0.0,0.0,0.0,0.0,0.0,87.0,100.0
2022-11-02 07:00:00,8.99727,0.0,0.0,0.0,0.0,0.0,91.0,100.0
2022-11-02 08:00:00,8.987269,0.0,8.01,2.3141675,5.6958327,0.0,91.0,100.0
2022-11-02 09:00:00,9.07727,0.0,36.489998,3.6251602,32.864838,0.0,93.0,100.0
2022-11-02 10:00:00,9.54727,0.0,67.64,3.1266632,64.513336,0.0,93.0,100.0
2022-11-02 11:00:00,10.027269,0.0,97.9,4.6470337,93.25297,0.0,90.0,100.0
2022-11-02 12:00:00,11.00727,0.0,181.56,56.959435,124.60056,0.0,86.0,100.0
2022-11-02 13:00:00,11.027269,0.0,157.53,30.409538,127.12046,0.0,89.0,100.0
2022-11-02 14:00:00,11.947269,0.0,304.38,205.58789,98.79212,0.0,83.0,100.0
2022-11-02 15:00:00,11.697269,0.0,224.28,151.96875,72.31124,0.0,83.0,100.0
2022-11-02 16:00:00,11.57727,57.70213,221.61,123.3934,98.2166,0.0,82.0,3.6000001
2022-11-02 17:00:00,9.50727,60.0,86.33,45.796585,40.533417,0.0,87.0,0.0
2022-11-02 18:00:00,9.21727,10.933333,0.0,0.0,0.0,0.0,84.0,0.0
2022-11-02 19:00:00,9.37727,0.0,0.0,0.0,0.0,0.0,82.0,3.0
2022-11-02 20:00:00,9.397269,0.0,0.0,0.0,0.0,0.0,86.0,3.0
2022-11-02 21:00:00,9.1572695,0.0,0.0,0.0,0.0,0.0,89.0,2.7
2022-11-02 22:00:00,8.8672695,0.0,0.0,0.0,0.0,0.0,91.0,1.5
2022-11-02 23:00:00,8.74727,0.0,0.0,0.0,0.0,0.0,89.0,3.3000002
2022-11-03 00:00:00,8.76727,0.0,0.0,0.0,0.0,0.0,85.0,7.5000005
2022-11-03 01:00:00,8.67727,0.0,0.0,0.0,0.0,0.0,81.0,5.1000004
2022-11-03 02:00:00,8.697269,0.0,0.0,0.0,0.0,0.0,77.0,3.6000001
2022-11-03 03:00:00,8.427269,0.0,0.0,0.0,0.0,0.0,75.0,0.90000004
2022-11-03 04:00:00,8.04727,0.0,0.0,0.0,0.0,0.0,75.0,5.1000004
2022-11-03 05:00:00,8.067269,0.0,0.0,0.0,0.0,0.0,72.0,42.0
2022-11-03 06:00:00,7.6272697,0.0,0.0,0.0,0.0,0.0,74.0,35.0
2022-11-03 07:00:00,7.60727,0.0,0.0,0.0,0.0,0.0,77.0,100.0
2022-11-03 08:00:00,8.187269,0.0,31.15,16.333748,14.816251,0.0,79.0,100.0
2022-11-03 09:00:00,10.07727,0.0,156.64,85.78215,70.85785,0.0,75.0,100.0
2022-11-03 10:00:00,11.567269,0.0,283.02,161.4985,121.52149,0.0,73.0,100.0
2022-11-03 11:00:00,12.92727,0.0,345.32,202.83607,142.48393,0.0,66.0,100.0
2022-11-03 12:00:00,13.687269,1.2765956,419.19,250.16241,169.02759,0.0,64.0,92.0
2022-11-03 13:00:00,12.95727,0.0,235.84999,127.936386,107.913605,0.0,66.0,100.0
2022-11-03 14:00:00,12.70727,0.0,210.04,113.15119,96.8888,0.0,68.0,100.0
2022-11-03 15:00:00,13.33727,0.0,202.92,165.93637,36.983624,0.0,69.0,100.0
2022-11-03 16:00:00,12.9072695,0.0,157.53,88.4875,69.042496,0.0,71.0,100.0
2022-11-03 17:00:00,12.05727,3.8297868,24.029999,17.961765,6.068233,0.0,74.0,88.0
2022-11-03 18:00:00,12.107269,0.0,0.0,0.0,0.0,0.0,71.0,100.0
2022-11-03 19:00:00,11.607269,0.0,0.0,0.0,0.0,0.0,82.0,100.0
2022-11-03 20:00:00,10.51727,0.0,0.0,0.0,0.0,0.0,79.0,100.0
2022-11-03 21:00:00,10.51727,0.0,0.0,0.0,0.0,0.0,65.0,100.0
2022-11-03 22:00:00,11.897269,0.0,0.0,0.0,0.0,0.0,62.0,100.0
2022-11-03 23:00:00,10.777269,0.0,0.0,0.0,0.0,0.0,86.0,100.0
2022-11-04 00:00:00,8.1572695,0.0,0.0,0.0,0.0,0.0,74.0,100.0
2022-11-04 01:00:00,8.04727,0.0,0.0,0.0,0.0,0.0,76.0,100.0
2022-11-04 02:00:00,8.237269,0.0,0.0,0.0,0.0,0.0,78.0,100.0
2022-11-04 03:00:00,8.82727,0.0,0.0,0.0,0.0,0.0,77.0,100.0
2022-11-04 04:00:00,8.29727,0.0,0.0,0.0,0.0,0.0,78.0,100.0
2022-11-04 05:00:00,7.81727,0.0,0.0,0.0,0.0,0.0,79.0,100.0
2022-11-04 06:00:00,6.6872697,0.0,0.0,0.0,0.0,0.0,74.0,7.0
2022-11-04 07:00:00,3.9772694,0.0,0.0,0.0,0.0,0.0,87.0,0.0
2022-11-04 08:00:00,4.9672694,47.816666,29.369999,15.388755,13.981244,0.0,84.0,0.0
2022-11-04 09:00:00,6.3472695,60.0,167.31999,91.4979,75.82209,0.0,84.0,0.0
2022-11-04 10:00:00,7.2472696,60.0,297.26,169.37811,127.88189,0.0,70.0,0.0
2022-11-04 11:00:00,8.16727,14.680849,393.38,230.73088,162.64912,0.0,63.0,71.0
2022-11-04 12:00:00,9.00727,58.085106,446.78,266.24136,180.53864,0.0,60.0,3.0
2022-11-04 13:00:00,9.71727,0.0,435.21,259.9464,175.2636,0.0,63.0,100.0
2022-11-04 14:00:00,9.8672695,0.0,358.66998,211.82097,146.84901,0.0,62.0,100.0
2022-11-04 15:00:00,9.647269,0.0,245.64,153.41878,92.22122,0.0,64.0,100.0
2022-11-04 16:00:00,9.05727,0.0,134.39,83.37247,51.017532,0.0,69.0,100.0
2022-11-04 17:00:00,7.9972696,0.0,39.16,20.714174,18.445826,0.0,76.0,100.0
2022-11-04 18:00:00,6.4372697,0.0,0.0,0.0,0.0,0.0,88.0,100.0
2022-11-04 19:00:00,6.5372696,0.0,0.0,0.0,0.0,0.0,90.0,100.0
2022-11-04 20:00:00,6.08727,0.0,0.0,0.0,0.0,0.0,93.0,100.0
2022-11-04 21:00:00,5.75727,0.0,0.0,0.0,0.0,0.0,95.0,100.0
2022-11-04 22:00:00,5.29727,0.0,0.0,0.0,0.0,0.0,96.0,100.0
2022-11-04 23:00:00,5.5572696,0.0,0.0,0.0,0.0,0.0,94.0,100.0
2022-11-05 00:00:00,5.8772697,0.0,0.0,0.0,0.0,0.0,91.0,100.0
2022-11-05 01:00:00,6.1572695,0.0,0.0,0.0,0.0,0.0,88.0,100.0
2022-11-05 02:00:00,6.08727,0.0,0.0,0.0,0.0,0.0,89.0,100.0
2022-11-05 03:00:00,6.4872694,0.0,0.0,0.0,0.0,0.0,87.0,100.0
2022-11-05 04:00:00,6.7372694,0.0,0.0,0.0,0.0,0.0,87.0,100.0
2022-11-05 05:00:00,6.2272696,0.0,0.0,0.0,0.0,0.0,85.0,100.0
2022-11-05 06:00:00,5.2172694,0.0,0.0,0.0,0.0,0.0,92.0,100.0
2022-11-05 07:00:00,5.31727,0.0,0.0,0.0,0.0,0.0,91.0,100.0
2022-11-05 08:00:00,5.56727,0.0,8.9,4.5955076,4.304492,0.0,90.0,100.0
2022-11-05 09:00:00,6.1872697,0.0,57.85,29.272223,28.577776,0.0,88.0,100.0
2022-11-05 10:00:00,7.1772695,0.0,123.71,59.655777,64.05422,0.0,84.0,100.0
2022-11-05 11:00:00,7.7072697,0.0,207.37,131.63928,75.73072,0.0,84.0,100.0
2022-11-05 12:00:00,7.9272695,0.0,179.78,61.00625,118.77375,0.0,85.0,100.0
2022-11-05 13:00:00,7.3472695,22.340425,402.28,239.92874,162.35126,0.0,85.0,59.0
2022-11-05 14:00:00,7.00727,54.893616,414.74,244.57938,170.16061,0.0,85.0,8.0
2022-11-05 15:00:00,7.0172696,58.723404,331.97,191.01105,140.95895,0.0,83.0,2.0
2022-11-05 16:00:00,6.35727,57.44681,213.59999,118.4209,95.17909,0.0,85.0,4.0
2022-11-05 17:00:00,3.8272693,48.51064,71.2,37.614597,33.5854,0.0,93.0,18.0
2022-11-05 18:00:00,3.2572694,5.3790784,0.0,0.0,0.0,0.0,92.0,17.0
2022-11-05 19:00:00,3.4472694,0.0,0.0,0.0,0.0,0.0,88.0,28.0
2022-11-05 20:00:00,3.3772695,0.0,0.0,0.0,0.0,0.0,85.0,32.0
2022-11-05 21:00:00,3.3672693,0.0,0.0,0.0,0.0,0.0,80.0,25.0
2022-11-05 22:00:00,3.4572694,0.0,0.0,0.0,0.0,0.0,79.0,0.0
2022-11-05 23:00:00,3.4572694,0.0,0.0,0.0,0.0,0.0,76.0,0.0
2022-11-06 00:00:00,3.4672694,0.0,0.0,0.0,0.0,0.0,73.0,0.0
2022-11-06 01:00:00,3.0072694,0.0,0.0,0.0,0.0,0.0,75.0,0.0
2022-11-06 02:00:00,3.2072694,0.0,0.0,0.0,0.0,0.0,78.0,0.0
2022-11-06 03:00:00,2.8872695,0.0,0.0,0.0,0.0,0.0,80.0,0.0
2022-11-06 04:00:00,2.5472693,0.0,0.0,0.0,0.0,0.0,78.0,3.0
2022-11-06 05:00:00,2.6472695,0.0,0.0,0.0,0.0,0.0,72.0,4.5
2022-11-06 06:00:00,1.8372695,0.0,0.0,0.0,0.0,0.0,78.0,4.2000003
2022-11-06 07:00:00,2.2672694,0.0,0.0,0.0,0.0,0.0,72.0,1.2
2022-11-06 08:00:00,3.1972694,42.27351,29.369999,15.3654785,14.00452,0.0,73.0,5.4
2022-11-06 09:00:00,4.8272696,35.744682,171.77,93.657745,78.11226,0.0,71.0,38.0
2022-11-06 10:00:00,6.6872697,19.787235,297.26,168.88448,128.37553,0.0,68.0,63.0
2022-11-06 11:00:00,7.77727,0.0,379.13998,221.73059,157.4094,0.0,67.0,96.0
2022-11-06 12:00:00,8.487269,0.0,364.00998,223.40239,140.60759,0.0,63.0,100.0
2022-11-06 13:00:00,9.817269,0.0,428.09,254.95009,173.13991,0.0,61.0,100.0
2022-11-06 14:00:00,10.63727,0.0,335.53,203.17642,132.35358,0.0,58.0,100.0
2022-11-06 15:00:00,10.817269,0.0,310.61,178.46342,132.14656,0.0,59.0,100.0
2022-11-06 16:00:00,9.947269,57.12766,211.81999,117.266426,94.553566,0.0,67.0,4.5
2022-11-06 17:00:00,9.4072695,54.255318,72.979996,38.526028,34.453968,0.0,69.0,9.0
2022-11-06 18:00:00,9.357269,2.9489362,0.0,0.0,0.0,0.0,67.0,40.0
2022-11-06 19:00:00,9.49727,0.0,0.0,0.0,0.0,0.0,62.0,100.0
2022-11-06 20:00:00,9.567269,0.0,0.0,0.0,0.0,0.0,54.0,100.0
2022-11-06 21:00:00,9.17727,0.0,0.0,0.0,0.0,0.0,46.0,10.0
2022-11-06 22:00:00,9.817269,0.0,0.0,0.0,0.0,0.0,42.0,3.0
2022-11-06 23:00:00,9.49727,0.0,0.0,0.0,0.0,0.0,40.0,0.0
2022-11-07 00:00:00,9.24727,0.0,0.0,0.0,0.0,0.0,37.0,0.0
2022-11-07 01:00:00,9.357269,0.0,0.0,0.0,0.0,0.0,38.0,0.0
2022-11-07 02:00:00,8.427269,0.0,0.0,0.0,0.0,0.0,42.0,0.0
2022-11-07 03:00:00,7.7172694,0.0,0.0,0.0,0.0,0.0,44.0,0.0
2022-11-07 04:00:00,7.6872697,0.0,0.0,0.0,0.0,0.0,44.0,6.6000004
2022-11-07 05:00:00,7.8772697,0.0,0.0,0.0,0.0,0.0,43.0,9.0
2022-11-07 06:00:00,7.4072695,0.0,0.0,0.0,0.0,0.0,44.0,4.8
2022-11-07 07:00:00,6.77727,0.0,0.0,0.0,0.0,0.0,46.0,46.0
2022-11-07 08:00:00,7.9972696,41.168015,26.699999,13.958267,12.741732,0.0,45.0,4.8
2022-11-07 09:00:00,9.59727,21.063831,163.76,89.16321,74.59679,0.0,47.0,61.0
2022-11-07 10:00:00,11.12727,0.0,265.22,150.46869,114.751305,0.0,46.0,94.0
2022-11-07 11:00:00,11.66727,47.872337,377.36,220.38162,156.97836,0.0,49.0,19.0
2022-11-07 12:00:00,12.51727,25.531916,420.97,249.78613,171.18387,0.0,46.0,54.0
2022-11-07 13:00:00,13.38727,56.93617,444.11,264.13263,179.97736,0.0,51.0,4.8
2022-11-07 14:00:00,13.63727,58.085106,406.72998,239.18816,167.54182,0.0,52.0,3.0
2022-11-07 15:00:00,13.147269,56.93617,327.52,187.93175,139.58824,0.0,56.0,4.8
2022-11-07 16:00:00,12.20727,57.70213,211.81999,117.11455,94.705444,0.0,63.0,3.6000001
2022-11-07 17:00:00,10.527269,57.89362,69.42,36.62181,32.798187,0.0,63.0,3.3000002
2022-11-07 18:00:00,10.83727,3.6865246,0.0,0.0,0.0,0.0,59.0,3.6000001
2022-11-07 19:00:00,10.95727,0.0,0.0,0.0,0.0,0.0,55.0,2.7
2022-11-07 20:00:00,10.67727,0.0,0.0,0.0,0.0,0.0,49.0,1.8000001
2022-11-07 21:00:00,10.49727,0.0,0.0,0.0,0.0,0.0,44.0,4.2000003
2022-11-07 22:00:00,10.6172695,0.0,0.0,0.0,0.0,0.0,41.0,0.0
2022-11-07 23:00:00,10.13727,0.0,0.0,0.0,0.0,0.0,42.0,2.4
2022-11-08 00:00:00,9.66727,0.0,0.0,0.0,0.0,0.0,42.0,9.6
2022-11-08 01:00:00,9.82727,0.0,0.0,0.0,0.0,0.0,39.0,30.000002
2022-11-08 02:00:00,10.187269,0.0,0.0,0.0,0.0,0.0,36.0,58.0
2022-11-08 03:00:00,9.82727,0.0,0.0,0.0,0.0,0.0,35.0,100.0
2022-11-08 04:00:00,9.67727,0.0,0.0,0.0,0.0,0.0,38.0,100.0
2022-11-08 05:00:00,9.26727,0.0,0.0,0.0,0.0,0.0,38.0,67.0
2022-11-08 06:00:00,10.13727,0.0,0.0,0.0,0.0,0.0,33.0,100.0
2022-11-08 07:00:00,9.00727,0.0,0.0,0.0,0.0,0.0,33.0,100.0
2022-11-08 08:00:00,8.84727,36.119682,21.36,11.158384,10.201616,0.0,35.0,13.0
2022-11-08 09:00:00,10.45727,24.25532,160.2,87.101135,73.09886,0.0,39.0,56.0
2022-11-08 10:00:00,12.30727,24.893618,286.58,162.3581,124.2219,0.0,42.0,55.0
2022-11-08 11:00:00,13.51727,58.468086,381.81,222.66968,159.14032,0.0,48.0,2.4
2022-11-08 12:00:00,14.33727,49.148937,436.99,258.9345,178.05547,0.0,44.0,17.0
2022-11-08 13:00:00,14.1572695,19.148937,435.21,258.48752,176.72247,0.0,47.0,64.0
2022-11-08 14:00:00,14.84727,6.382978,400.5,235.20886,165.29114,0.0,47.0,84.0
2022-11-08 15:00:00,14.83727,24.25532,315.94998,181.0536,134.89638,0.0,48.0,56.0
2022-11-08 16:00:00,14.487269,51.06383,209.15,115.48811,93.66188,0.0,56.0,14.0
2022-11-08 17:00:00,12.46727,57.31915,66.75,35.189312,31.560688,0.0,54.0,4.2000003
2022-11-08 18:00:00,11.737269,2.4120567,0.0,0.0,0.0,0.0,59.0,4.5
2022-11-08 19:00:00,11.08727,0.0,0.0,0.0,0.0,0.0,62.0,5.4
2022-11-08 20:00:00,10.54727,0.0,0.0,0.0,0.0,0.0,59.0,4.8
2022-11-08 21:00:00,10.51727,0.0,0.0,0.0,0.0,0.0,53.0,16.0
2022-11-08 22:00:00,10.74727,0.0,0.0,0.0,0.0,0.0,50.0,55.0
2022-11-08 23:00:00,10.24727,0.0,0.0,0.0,0.0,0.0,49.0,6.6000004
2022-11-09 00:00:00,10.817269,0.0,0.0,0.0,0.0,0.0,48.0,5.4
2022-11-09 01:00:00,10.187269,0.0,0.0,0.0,0.0,0.0,50.0,64.0
2022-11-09 02:00:00,10.937269,0.0,0.0,0.0,0.0,0.0,46.0,100.0
2022-11-09 03:00:00,10.07727,0.0,0.0,0.0,0.0,0.0,48.0,89.0
2022-11-09 04:00:00,10.12727,0.0,0.0,0.0,0.0,0.0,50.0,63.0
2022-11-09 05:00:00,10.58727,0.0,0.0,0.0,0.0,0.0,49.0,88.0
2022-11-09 06:00:00,10.937269,0.0,0.0,0.0,0.0,0.0,49.0,100.0
2022-11-09 07:00:00,10.24727,0.0,0.0,0.0,0.0,0.0,53.0,100.0
2022-11-09 08:00:00,11.397269,0.0,18.69,9.756387,8.933614,0.0,55.0,100.0
2022-11-09 09:00:00,12.62727,0.0,115.7,62.81694,52.883057,0.0,57.0,100.0
2022-11-09 10:00:00,13.1172695,0.0,164.65,148.06635,16.583641,0.0,59.0,100.0
2022-11-09 11:00:00,12.6572695,0.0,201.14,134.8508,66.28919,0.0,64.0,100.0
2022-11-09 12:00:00,13.21727,0.0,195.8,90.57928,105.220726,0.0,65.0,100.0
2022-11-09 13:00:00,12.71727,0.0,205.59,99.89073,105.699265,0.0,63.0,100.0
2022-11-09 14:00:00,12.99727,0.0,218.94,148.1287,70.81132,0.0,63.0,100.0
2022-11-09 15:00:00,12.59727,0.0,135.28,65.91978,69.36022,0.0,70.0,100.0
2022-11-09 16:00:00,10.987269,0.0,52.51,12.604816,39.90518,0.0,80.0,100.0
2022-11-09 17:00:00,9.737269,0.0,20.47,19.37519,1.0948085,0.0,88.0,100.0
2022-11-09 18:00:00,10.46727,0.0,0.0,0.0,0.0,0.0,84.0,100.0
2022-11-09 19:00:00,10.857269,0.0,0.0,0.0,0.0,0.0,83.0,100.0
2022-11-09 20:00:00,11.12727,0.0,0.0,0.0,0.0,0.0,80.0,100.0
2022-11-09 21:00:00,10.237269,0.0,0.0,0.0,0.0,0.0,89.0,100.0
2022-11-09 22:00:00,8.99727,0.0,0.0,0.0,0.0,0.0,94.0,100.0
2022-11-09 23:00:00,9.027269,0.0,0.0,0.0,0.0,0.0,93.0,100.0
2022-11-10 00:00:00,8.84727,0.0,0.0,0.0,0.0,0.0,92.0,100.0
2022-11-10 01:00:00,8.63727,0.0,0.0,0.0,0.0,0.0,92.0,100.0
2022-11-10 02:00:00,8.387269,0.0,0.0,0.0,0.0,0.0,91.0,100.0
2022-11-10 03:00:00,8.237269,0.0,0.0,0.0,0.0,0.0,91.0,100.0
2022-11-10 04:00:00,8.1172695,0.0,0.0,0.0,0.0,0.0,92.0,100.0
2022-11-10 05:00:00,8.027269,0.0,0.0,0.0,0.0,0.0,92.0,100.0
2022-11-10 06:00:00,7.8672695,0.0,0.0,0.0,0.0,0.0,94.0,100.0
2022-11-10 07:00:00,7.7172694,0.0,0.0,0.0,0.0,0.0,95.0,100.0
2022-11-10 08:00:00,7.8272696,0.0,2.67,0.094585896,2.5754142,0.0,95.0,100.0
2022-11-10 09:00:00,8.467269,0.0,36.489998,10.501234,25.988764,0.0,93.0,100.0
2022-11-10 10:00:00,9.76727,0.0,141.51,103.98869,37.5213,0.0,90.0,100.0
2022-11-10 11:00:00,10.45727,60.0,310.61,180.6389,129.97108,0.0,86.0,0.0
2022-11-10 12:00:00,11.067269,56.170216,414.74,245.07004,169.66995,0.0,83.0,6.0
2022-11-10 13:00:00,11.237269,60.0,426.31,252.5095,173.80049,0.0,83.0,0.0
2022-11-10 14:00:00,11.46727,60.0,388.93,227.7988,161.1312,0.0,83.0,0.0
2022-11-10 15:00:00,10.977269,60.0,307.94,175.99577,131.94423,0.0,83.0,0.0
2022-11-10 16:00:00,10.66727,60.0,192.23999,105.87404,86.36595,0.0,80.0,0.0
2022-11-10 17:00:00,9.1172695,59.95,52.51,27.644505,24.865494,0.0,84.0,0.0
2022-11-10 18:00:00,9.3672695,0.0,0.0,0.0,0.0,0.0,86.0,0.0
2022-11-10 19:00:00,9.53727,0.0,0.0,0.0,0.0,0.0,85.0,0.0
2022-11-10 20:00:00,8.9072695,0.0,0.0,0.0,0.0,0.0,87.0,0.0
2022-11-10 21:00:00,8.62727,0.0,0.0,0.0,0.0,0.0,86.0,0.0
2022-11-10 22:00:00,7.85727,0.0,0.0,0.0,0.0,0.0,85.0,0.0
2022-11-10 23:00:00,6.02727,0.0,0.0,0.0,0.0,0.0,93.0,3.9
2022-11-11 00:00:00,6.4472694,0.0,0.0,0.0,0.0,0.0,89.0,15.0
2022-11-11 01:00:00,6.77727,0.0,0.0,0.0,0.0,0.0,84.0,29.0
2022-11-11 02:00:00,6.77727,0.0,0.0,0.0,0.0,0.0,82.0,40.0
2022-11-11 03:00:00,6.3872695,0.0,0.0,0.0,0.0,0.0,82.0,59.0
2022-11-11 04:00:00,6.1972694,0.0,0.0,0.0,0.0,0.0,79.0,52.0
2022-11-11 05:00:00,5.77727,0.0,0.0,0.0,0.0,0.0,72.0,71.0
2022-11-11 06:00:00,5.5172696,0.0,0.0,0.0,0.0,0.0,69.0,40.0
2022-11-11 07:00:00,4.9772696,0.0,0.0,0.0,0.0,0.0,74.0,30.0
2022-11-11 08:00:00,6.4272695,23.526772,17.8,9.278087,8.521913,0.0,66.0,35.0
2022-11-11 09:00:00,7.8272696,42.127663,148.63,80.46555,68.16445,0.0,70.0,28.0
2022-11-11 10:00:00,9.66727,57.31915,277.68,156.64853,121.031456,0.0,71.0,4.2000003
2022-11-11 11:00:00,11.01727,58.468086,371.13,215.53107,155.59894,0.0,72.0,2.4
2022-11-11 12:00:00,12.30727,55.404255,425.41998,251.03064,174.38934,0.0,68.0,7.2000003
2022-11-11 13:00:00,13.04727,57.510635,433.43,256.37375,177.05624,0.0,59.0,3.9
2022-11-11 14:00:00,13.147269,54.44681,395.16,231.13548,164.02452,0.0,59.0,8.700001
2022-11-11 15:00:00,12.67727,0.0,294.59,168.14359,126.4464,0.0,62.0,100.0
2022-11-11 16:00:00,11.937269,0.0,155.75,85.66701,70.08299,0.0,70.0,100.0
2022-11-11 17:00:00,11.09727,0.0,48.059998,25.284836,22.775162,0.0,70.0,100.0
2022-11-11 18:00:00,11.727269,0.0,0.0,0.0,0.0,0.0,61.0,100.0
2022-11-11 19:00:00,11.87727,0.0,0.0,0.0,0.0,0.0,56.0,100.0
2022-11-11 20:00:00,9.99727,0.0,0.0,0.0,0.0,0.0,63.0,25.0
2022-11-11 21:00:00,10.277269,0.0,0.0,0.0,0.0,0.0,65.0,3.6000001
2022-11-11 22:00:00,9.92727,0.0,0.0,0.0,0.0,0.0,71.0,5.7000003
2022-11-11 23:00:00,9.53727,0.0,0.0,0.0,0.0,0.0,76.0,5.4
2022-11-12 00:00:00,9.147269,0.0,0.0,0.0,0.0,0.0,78.0,3.9
2022-11-12 01:00:00,9.397269,0.0,0.0,0.0,0.0,0.0,74.0,6.9
2022-11-12 02:00:00,8.96727,0.0,0.0,0.0,0.0,0.0,71.0,4.2000003
2022-11-12 03:00:00,9.237269,0.0,0.0,0.0,0.0,0.0,66.0,30.000002
2022-11-12 04:00:00,8.987269,0.0,0.0,0.0,0.0,0.0,63.0,6.6000004
2022-11-12 05:00:00,8.92727,0.0,0.0,0.0,0.0,0.0,59.0,30.000002
2022-11-12 06:00:00,8.33727,0.0,0.0,0.0,0.0,0.0,58.0,30.000002
2022-11-12 07:00:00,8.6572695,0.0,0.0,0.0,0.0,0.0,55.0,65.0
2022-11-12 08:00:00,9.04727,8.049999,14.24,7.41715,6.8228498,0.0,55.0,73.0
2022-11-12 09:00:00,10.317269,22.978725,134.39,72.65579,61.734207,0.0,58.0,58.0
2022-11-12 10:00:00,11.687269,28.085108,252.76,142.39651,110.36347,0.0,60.0,50.0
2022-11-12 11:00:00,12.71727,0.0,323.96,187.88705,136.07294,0.0,63.0,100.0
2022-11-12 12:00:00,13.30727,0.0,319.51,202.23349,117.27651,0.0,57.0,100.0
2022-11-12 13:00:00,13.1172695,0.0,330.19,208.2185,121.971504,0.0,58.0,100.0
2022-11-12 14:00:00,13.237269,0.0,283.91,181.65338,102.256615,0.0,58.0,100.0
2022-11-12 15:00:00,13.027269,0.0,213.59999,132.56932,81.03067,0.0,60.0,100.0
2022-11-12 16:00:00,12.397269,0.0,157.53,86.546585,70.98341,0.0,67.0,100.0
2022-11-12 17:00:00,11.55727,39.160282,47.17,24.801855,22.368143,0.0,69.0,30.000002
2022-11-12 18:00:00,11.397269,0.0,0.0,0.0,0.0,0.0,68.0,100.0
2022-11-12 19:00:00,10.647269,0.0,0.0,0.0,0.0,0.0,70.0,24.0
2022-11-12 20:00:00,9.9072695,0.0,0.0,0.0,0.0,0.0,73.0,6.6000004
2022-11-12 21:00:00,10.17727,0.0,0.0,0.0,0.0,0.0,71.0,7.8
2022-11-12 22:00:00,9.74727,0.0,0.0,0.0,0.0,0.0,73.0,6.3
2022-11-12 23:00:00,9.227269,0.0,0.0,0.0,0.0,0.0,75.0,4.5
2022-11-13 00:00:00,8.58727,0.0,0.0,0.0,0.0,0.0,77.0,3.3000002
2022-11-13 01:00:00,8.1172695,0.0,0.0,0.0,0.0,0.0,80.0,0.0
2022-11-13 02:00:00,7.9172697,0.0,0.0,0.0,0.0,0.0,80.0,0.0
2022-11-13 03:00:00,7.54727,0.0,0.0,0.0,0.0,0.0,80.0,0.0
2022-11-13 04:00:00,6.5772696,0.0,0.0,0.0,0.0,0.0,85.0,0.0
2022-11-13 05:00:00,6.1872697,0.0,0.0,0.0,0.0,0.0,85.0,4.0
2022-11-13 06:00:00,5.3672695,0.0,0.0,0.0,0.0,0.0,84.0,0.0
2022-11-13 07:00:00,4.9672694,0.0,0.0,0.0,0.0,0.0,79.0,35.0
2022-11-13 08:00:00,5.4372697,14.348405,13.349999,6.9486327,6.4013667,0.0,71.0,55.0
2022-11-13 09:00:00,7.1572695,48.51064,136.17,73.517,62.653004,0.0,70.0,18.0
2022-11-13 10:00:00,8.70727,60.0,256.32,144.20668,112.11333,0.0,70.0,0.0
2022-11-13 11:00:00,10.17727,60.0,350.66,203.10225,147.55775,0.0,72.0,0.0
2022-11-13 12:00:00,11.30727,60.0,406.72998,239.37987,167.35011,0.0,68.0,0.0
2022-11-13 13:00:00,10.83727,60.0,419.19,247.32579,171.86421,0.0,66.0,0.0
2022-11-13 14:00:00,11.62727,60.0,380.91998,222.26074,158.65924,0.0,64.0,0.0
2022-11-13 15:00:00,11.6572695,60.0,298.15,169.77164,128.37836,0.0,64.0,0.0
2022-11-13 16:00:00,10.197269,60.0,178.89,98.16858,80.72142,0.0,75.0,0.0
2022-11-13 17:00:00,9.1572695,56.366665,44.5,23.384058,21.115942,0.0,73.0,0.0
2022-11-13 18:00:00,9.80727,0.0,0.0,0.0,0.0,0.0,65.0,0.0
2022-11-13 19:00:00,8.527269,0.0,0.0,0.0,0.0,0.0,66.0,0.0
2022-11-13 20:00:00,8.177269,0.0,0.0,0.0,0.0,0.0,56.0,0.0
2022-11-13 21:00:00,7.9772696,0.0,0.0,0.0,0.0,0.0,44.0,0.0
2022-11-13 22:00:00,8.12727,0.0,0.0,0.0,0.0,0.0,44.0,0.0
2022-11-13 23:00:00,8.57727,0.0,0.0,0.0,0.0,0.0,44.0,0.0
2022-11-14 00:00:00,7.9772696,0.0,0.0,0.0,0.0,0.0,46.0,0.0
2022-11-14 01:00:00,7.3972697,0.0,0.0,0.0,0.0,0.0,48.0,36.0
2022-11-14 02:00:00,7.3072696,0.0,0.0,0.0,0.0,0.0,52.0,93.0
2022-11-14 03:00:00,7.83727,0.0,0.0,0.0,0.0,0.0,53.0,100.0
2022-11-14 04:00:00,7.1372695,0.0,0.0,0.0,0.0,0.0,58.0,92.0
2022-11-14 05:00:00,6.6972694,0.0,0.0,0.0,0.0,0.0,60.0,67.0
2022-11-14 06:00:00,8.067269,0.0,0.0,0.0,0.0,0.0,56.0,100.0
2022-11-14 07:00:00,9.66727,0.0,0.0,0.0,0.0,0.0,49.0,100.0
2022-11-14 08:00:00,8.04727,0.0,4.45,2.0482285,2.4017713,0.0,61.0,100.0
2022-11-14 09:00:00,8.387269,0.0,34.71,13.23469,21.47531,0.0,66.0,100.0
2022-11-14 10:00:00,8.29727,0.0,48.95,2.0318947,46.918106,0.0,71.0,100.0
2022-11-14 11:00:00,7.6572695,0.0,62.3,1.9197655,60.380234,0.0,81.0,100.0
2022-11-14 12:00:00,7.2172694,0.0,18.69,-0.20768356,18.897684,0.0,81.0,100.0
2022-11-14 13:00:00,10.437269,0.0,127.27,20.48481,106.78519,0.0,69.0,100.0
2022-11-14 14:00:00,12.067269,0.0,189.56999,112.71111,76.85888,0.0,69.0,100.0
2022-11-14 15:00:00,13.00727,0.0,223.39,130.55403,92.83597,0.0,66.0,100.0
2022-11-14 16:00:00,11.26727,0.0,161.98,88.78637,73.19363,0.0,68.0,100.0
2022-11-14 17:00:00,9.95727,0.0,42.72,22.43532,20.284681,0.0,67.0,100.0
2022-11-14 18:00:00,9.987269,0.0,0.0,0.0,0.0,0.0,64.0,100.0
2022-11-14 19:00:00,10.30727,0.0,0.0,0.0,0.0,0.0,60.0,100.0
2022-11-14 20:00:00,9.62727,0.0,0.0,0.0,0.0,0.0,60.0,100.0
2022-11-14 21:00:00,10.1172695,0.0,0.0,0.0,0.0,0.0,58.0,97.0
2022-11-14 22:00:00,9.6572695,0.0,0.0,0.0,0.0,0.0,59.0,74.0
2022-11-14 23:00:00,9.83727,0.0,0.0,0.0,0.0,0.0,57.0,12.0
2022-11-15 00:00:00,8.727269,0.0,0.0,0.0,0.0,0.0,62.0,11.0
2022-11-15 01:00:00,8.12727,0.0,0.0,0.0,0.0,0.0,61.0,10.0
2022-11-15 02:00:00,8.53727,0.0,0.0,0.0,0.0,0.0,56.0,100.0
2022-11-15 03:00:00,8.32727,0.0,0.0,0.0,0.0,0.0,55.0,100.0
2022-11-15 04:00:00,8.00727,0.0,0.0,0.0,0.0,0.0,58.0,100.0
2022-11-15 05:00:00,7.81727,0.0,0.0,0.0,0.0,0.0,83.0,100.0
2022-11-15 06:00:00,6.4872694,0.0,0.0,0.0,0.0,0.0,91.0,100.0
2022-11-15 07:00:00,6.4872694,0.0,0.0,0.0,0.0,0.0,85.0,100.0
2022-11-15 08:00:00,7.6472697,0.0,0.89,0.0061653852,0.8838346,0.0,83.0,100.0
2022-11-15 09:00:00,7.0972695,0.0,19.58,0.9285908,18.65141,0.0,85.0,100.0
2022-11-15 10:00:00,7.29727,0.0,70.31,14.675171,55.634827,0.0,85.0,100.0
2022-11-15 11:00:00,8.59727,0.0,112.14,26.078712,86.06129,0.0,81.0,100.0
2022-11-15 12:00:00,9.66727,0.0,214.48999,137.23383,77.25617,0.0,76.0,100.0
2022-11-15 13:00:00,10.95727,0.0,211.81999,126.28911,85.53088,0.0,59.0,100.0
2022-11-15 14:00:00,11.38727,0.0,309.72,180.27118,129.44882,0.0,58.0,100.0
2022-11-15 15:00:00,11.6572695,0.0,258.1,146.61548,111.48453,0.0,58.0,100.0
2022-11-15 16:00:00,11.41727,0.0,164.65,90.14543,74.50456,0.0,61.0,100.0
2022-11-15 17:00:00,10.57727,0.0,40.05,21.020563,19.029436,0.0,62.0,100.0
2022-11-15 18:00:00,11.33727,0.0,0.0,0.0,0.0,0.0,58.0,100.0
2022-11-15 19:00:00,11.37727,0.0,0.0,0.0,0.0,0.0,57.0,100.0
2022-11-15 20:00:00,10.92727,0.0,0.0,0.0,0.0,0.0,59.0,100.0
2022-11-15 21:00:00,10.737269,0.0,0.0,0.0,0.0,0.0,59.0,100.0
2022-11-15 22:00:00,10.987269,0.0,0.0,0.0,0.0,0.0,56.0,100.0
2022-11-15 23:00:00,9.71727,0.0,0.0,0.0,0.0,0.0,66.0,100.0
2022-11-16 00:00:00,8.737269,0.0,0.0,0.0,0.0,0.0,81.0,100.0
2022-11-16 01:00:00,8.447269,0.0,0.0,0.0,0.0,0.0,83.0,100.0
2022-11-16 02:00:00,8.267269,0.0,0.0,0.0,0.0,0.0,88.0,100.0
2022-11-16 03:00:00,8.937269,0.0,0.0,0.0,0.0,0.0,78.0,100.0
2022-11-16 04:00:00,10.08727,0.0,0.0,0.0,0.0,0.0,73.0,100.0
2022-11-16 05:00:00,8.697269,0.0,0.0,0.0,0.0,0.0,87.0,100.0
2022-11-16 06:00:00,8.33727,0.0,0.0,0.0,0.0,0.0,86.0,100.0
2022-11-16 07:00:00,7.83727,0.0,0.0,0.0,0.0,0.0,80.0,30.0
2022-11-16 08:00:00,8.317269,17.99149,8.9,4.622543,4.2774568,0.0,75.0,38.0
2022-11-16 09:00:00,8.897269,47.872337,122.82,66.03554,56.784466,0.0,80.0,19.0
2022-11-16 10:00:00,9.87727,32.553192,250.98,140.62689,110.3531,0.0,78.0,43.0
2022-11-16 11:00:00,10.647269,46.595745,339.97998,196.12845,143.85153,0.0,77.0,21.0
2022-11-16 12:00:00,10.777269,0.0,392.49,230.09523,162.39476,0.0,77.0,100.0
2022-11-16 13:00:00,10.92727,45.31915,397.83,233.82858,164.0014,0.0,72.0,23.0
2022-11-16 14:00:00,10.83727,60.0,362.22998,210.5744,151.65558,0.0,72.0,0.0
2022-11-16 15:00:00,10.53727,10.212765,263.44,149.47137,113.96862,0.0,73.0,78.0
2022-11-16 16:00:00,9.477269,43.404255,169.09999,92.47651,76.62348,0.0,77.0,26.0
2022-11-16 17:00:00,7.4972696,36.03972,41.829998,21.942057,19.887941,0.0,82.0,30.0
2022-11-16 18:00:00,7.7072697,0.0,0.0,0.0,0.0,0.0,77.0,2.7
2022-11-16 19:00:00,7.9972696,0.0,0.0,0.0,0.0,0.0,73.0,9.0
2022-11-16 20:00:00,7.6772695,0.0,0.0,0.0,0.0,0.0,70.0,0.0
2022-11-16 21:00:00,7.6172695,0.0,0.0,0.0,0.0,0.0,64.0,0.0
2022-11-16 22:00:00,7.7172694,0.0,0.0,0.0,0.0,0.0,60.0,0.0
2022-11-16 23:00:00,7.6472697,0.0,0.0,0.0,0.0,0.0,58.0,39.0
2022-11-17 00:00:00,7.8872695,0.0,0.0,0.0,0.0,0.0,58.0,100.0
2022-11-17 01:00:00,8.45727,0.0,0.0,0.0,0.0,0.0,55.0,100.0
2022-11-17 02:00:00,8.567269,0.0,0.0,0.0,0.0,0.0,58.0,100.0
2022-11-17 03:00:00,9.21727,0.0,0.0,0.0,0.0,0.0,60.0,100.0
2022-11-17 04:00:00,9.3672695,0.0,0.0,0.0,0.0,0.0,62.0,100.0
2022-11-17 05:00:00,8.9072695,0.0,0.0,0.0,0.0,0.0,68.0,100.0
2022-11-17 06:00:00,9.21727,0.0,0.0,0.0,0.0,0.0,66.0,100.0
2022-11-17 07:00:00,9.027269,0.0,0.0,0.0,0.0,0.0,68.0,100.0
2022-11-17 08:00:00,8.9072695,0.0,4.45,3.1738212,1.2761786,0.0,71.0,100.0
2022-11-17 09:00:00,10.41727,0.0,94.34,50.65622,43.683777,0.0,70.0,100.0
2022-11-17 10:00:00,12.437269,47.872337,241.19,134.96811,106.2219,0.0,65.0,19.0
2022-11-17 11:00:00,14.26727,56.808514,333.75,192.29552,141.45448,0.0,59.0,5.0
2022-11-17 12:00:00,15.66727,0.0,313.28,190.81357,122.46643,0.0,53.0,100.0
2022-11-17 13:00:00,15.1172695,60.0,401.38998,235.65251,165.73747,0.0,51.0,0.0
2022-11-17 14:00:00,14.3672695,60.0,359.56,208.79526,150.76474,0.0,53.0,0.0
2022-11-17 15:00:00,13.78727,60.0,279.46,158.39714,121.06285,0.0,54.0,0.0
2022-11-17 16:00:00,11.62727,60.0,163.76,89.46851,74.29148,0.0,64.0,0.0
2022-11-17 17:00:00,9.95727,0.0,38.27,20.06464,18.20536,0.0,61.0,100.0
2022-11-17 18:00:00,9.63727,0.0,0.0,0.0,0.0,0.0,59.0,100.0
2022-11-17 19:00:00,9.947269,0.0,0.0,0.0,0.0,0.0,56.0,100.0
2022-11-17 20:00:00,10.857269,0.0,0.0,0.0,0.0,0.0,56.0,100.0
2022-11-17 21:00:00,9.87727,0.0,0.0,0.0,0.0,0.0,67.0,100.0
2022-11-17 22:00:00,8.87727,0.0,0.0,0.0,0.0,0.0,82.0,100.0
2022-11-17 23:00:00,7.9172697,0.0,0.0,0.0,0.0,0.0,80.0,60.0
2022-11-18 00:00:00,7.02727,0.0,0.0,0.0,0.0,0.0,79.0,21.0
2022-11-18 01:00:00,7.04727,0.0,0.0,0.0,0.0,0.0,78.0,100.0
2022-11-18 02:00:00,7.9772696,0.0,0.0,0.0,0.0,0.0,76.0,100.0
2022-11-18 03:00:00,8.277269,0.0,0.0,0.0,0.0,0.0,71.0,54.0
2022-11-18 04:00:00,8.32727,0.0,0.0,0.0,0.0,0.0,72.0,63.0
2022-11-18 05:00:00,6.77727,0.0,0.0,0.0,0.0,0.0,72.0,64.0
2022-11-18 06:00:00,8.477269,0.0,0.0,0.0,0.0,0.0,72.0,100.0
2022-11-18 07:00:00,8.12727,0.0,0.0,0.0,0.0,0.0,74.0,100.0
2022-11-18 08:00:00,8.4072695,0.0,5.34,3.1856728,2.1543274,0.0,75.0,100.0
2022-11-18 09:00:00,9.317269,0.0,90.78,48.681107,42.098892,0.0,74.0,100.0
2022-11-18 10:00:00,9.84727,22.978725,135.28,121.83544,13.444555,0.0,69.0,58.0
2022-11-18 11:00:00,9.55727,28.723406,183.34,133.52942,49.810574,0.0,69.0,49.0
2022-11-18 12:00:00,9.567269,30.0,217.16,151.80305,65.35695,0.0,67.0,47.0
2022-11-18 13:00:00,9.727269,17.872341,124.6,22.544006,102.05599,0.0,68.0,66.0
2022-11-18 14:00:00,9.74727,28.723406,177.11,102.564865,74.545135,0.0,67.0,49.0
2022-11-18 15:00:00,9.697269,15.319151,184.23,117.77859,66.45141,0.0,67.0,70.0
2022-11-18 16:00:00,8.79727,0.0,164.65,89.86647,74.78352,0.0,70.0,100.0
2022-11-18 17:00:00,6.8872695,21.159575,34.71,18.189075,16.520924,0.0,73.0,55.0
2022-11-18 18:00:00,6.0172696,0.0,0.0,0.0,0.0,0.0,75.0,94.0
2022-11-18 19:00:00,6.8672695,0.0,0.0,0.0,0.0,0.0,74.0,100.0
2022-11-18 20:00:00,6.52727,0.0,0.0,0.0,0.0,0.0,76.0,100.0
2022-11-18 21:00:00,6.1772695,0.0,0.0,0.0,0.0,0.0,78.0,100.0
2022-11-18 22:00:00,5.8272696,0.0,0.0,0.0,0.0,0.0,79.0,100.0
2022-11-18 23:00:00,5.6372695,0.0,0.0,0.0,0.0,0.0,80.0,100.0
2022-11-19 00:00:00,5.5172696,0.0,0.0,0.0,0.0,0.0,81.0,100.0
2022-11-19 01:00:00,5.06727,0.0,0.0,0.0,0.0,0.0,82.0,84.0
2022-11-19 02:00:00,4.58727,0.0,0.0,0.0,0.0,0.0,86.0,100.0
2022-11-19 03:00:00,4.6172695,0.0,0.0,0.0,0.0,0.0,86.0,100.0
2022-11-19 04:00:00,4.50727,0.0,0.0,0.0,0.0,0.0,86.0,100.0
2022-11-19 05:00:00,4.1372695,0.0,0.0,0.0,0.0,0.0,86.0,100.0
2022-11-19 06:00:00,3.9072695,0.0,0.0,0.0,0.0,0.0,87.0,100.0
2022-11-19 07:00:00,3.6072693,0.0,0.0,0.0,0.0,0.0,88.0,100.0
2022-11-19 08:00:00,3.8972695,0.0,5.34,2.9648526,2.3751476,0.0,85.0,100.0
2022-11-19 09:00:00,4.9172697,0.0,104.13,55.767174,48.362823,0.0,80.0,100.0
2022-11-19 10:00:00,5.54727,11.489361,226.95,126.675896,100.2741,0.0,77.0,76.0
2022-11-19 11:00:00,5.7872696,25.531916,329.3,189.26257,140.03741,0.0,77.0,54.0
2022-11-19 12:00:00,6.31727,0.0,382.69998,223.55428,159.1457,0.0,75.0,100.0
2022-11-19 13:00:00,6.0172696,60.0,394.27,230.94337,163.32661,0.0,69.0,0.0
2022-11-19 14:00:00,6.1872697,60.0,358.66998,207.82413,150.84586,0.0,67.0,0.0
2022-11-19 15:00:00,6.0172696,60.0,278.57,157.56537,121.00465,0.0,68.0,0.0
2022-11-19 16:00:00,4.9672694,60.0,161.98,88.32218,73.657814,0.0,74.0,0.0
2022-11-19 17:00:00,3.8772695,0.0,32.93,17.247673,15.682327,0.0,77.0,100.0
2022-11-19 18:00:00,3.8972695,0.0,0.0,0.0,0.0,0.0,77.0,100.0
2022-11-19 19:00:00,3.9072695,0.0,0.0,0.0,0.0,0.0,77.0,100.0
2022-11-19 20:00:00,3.7372694,0.0,0.0,0.0,0.0,0.0,78.0,100.0
2022-11-19 21:00:00,3.8772695,0.0,0.0,0.0,0.0,0.0,77.0,100.0
2022-11-19 22:00:00,3.6972694,0.0,0.0,0.0,0.0,0.0,77.0,100.0
2022-11-19 23:00:00,3.3972695,0.0,0.0,0.0,0.0,0.0,80.0,100.0
2022-11-20 00:00:00,3.3672693,0.0,0.0,0.0,0.0,0.0,81.0,100.0
2022-11-20 01:00:00,3.1672695,0.0,0.0,0.0,0.0,0.0,82.0,100.0
2022-11-20 02:00:00,3.0172694,0.0,0.0,0.0,0.0,0.0,85.0,100.0
2022-11-20 03:00:00,2.8272693,0.0,0.0,0.0,0.0,0.0,88.0,100.0
2022-11-20 04:00:00,2.0272694,0.0,0.0,0.0,0.0,0.0,91.0,78.0
2022-11-20 05:00:00,2.4772694,0.0,0.0,0.0,0.0,0.0,87.0,100.0
2022-11-20 06:00:00,2.2672694,0.0,0.0,0.0,0.0,0.0,84.0,68.0
2022-11-20 07:00:00,2.7372694,0.0,0.0,0.0,0.0,0.0,82.0,100.0
2022-11-20 08:00:00,2.8972695,0.0,2.67,1.3111718,1.3588283,0.0,81.0,100.0
2022-11-20 09:00:00,4.83727,0.0,85.44,45.697838,39.742165,0.0,71.0,100.0
2022-11-20 10:00:00,6.2872696,0.0,199.36,111.133766,88.226234,0.0,63.0,100.0
2022-11-20 11:00:00,7.0372696,0.0,255.43,149.6466,105.78339,0.0,60.0,100.0
2022-11-20 12:00:00,8.03727,0.0,309.72,184.22191,125.49809,0.0,59.0,100.0
2022-11-20 13:00:00,7.58727,42.127663,388.93,227.55374,161.37625,0.0,55.0,28.0
2022-11-20 14:00:00,7.0772696,60.0,358.66998,207.59627,151.07372,0.0,57.0,0.0
2022-11-20 15:00:00,6.3672695,12.765956,277.68,156.89833,120.78166,0.0,60.0,74.0
2022-11-20 16:00:00,5.7272696,14.680849,168.20999,91.62871,76.58128,0.0,64.0,71.0
2022-11-20 17:00:00,4.77727,0.0,35.6,18.636791,16.963207,0.0,66.0,100.0
2022-11-20 18:00:00,5.02727,0.0,0.0,0.0,0.0,0.0,64.0,41.0
2022-11-20 19:00:00,5.3072696,0.0,0.0,0.0,0.0,0.0,59.0,100.0
2022-11-20 20:00:00,5.9872694,0.0,0.0,0.0,0.0,0.0,55.0,100.0
2022-11-20 21:00:00,7.27727,0.0,0.0,0.0,0.0,0.0,54.0,100.0
2022-11-20 22:00:00,5.8772697,0.0,0.0,0.0,0.0,0.0,68.0,100.0
2022-11-20 23:00:00,6.1272697,0.0,0.0,0.0,0.0,0.0,68.0,100.0
2022-11-21 00:00:00,5.04727,0.0,0.0,0.0,0.0,0.0,72.0,13.0
2022-11-21 01:00:00,4.8072696,0.0,0.0,0.0,0.0,0.0,73.0,5.0
2022-11-21 02:00:00,5.02727,0.0,0.0,0.0,0.0,0.0,72.0,100.0
2022-11-21 03:00:00,5.3672695,0.0,0.0,0.0,0.0,0.0,70.0,68.0
2022-11-21 04:00:00,4.9572697,0.0,0.0,0.0,0.0,0.0,72.0,100.0
2022-11-21 05:00:00,5.04727,0.0,0.0,0.0,0.0,0.0,70.0,55.0
2022-11-21 06:00:00,4.8272696,0.0,0.0,0.0,0.0,0.0,66.0,35.0
2022-11-21 07:00:00,4.7472696,0.0,0.0,0.0,0.0,0.0,60.0,17.0
2022-11-21 08:00:00,3.6872694,9.83688,3.56,3.3029428,0.25705707,0.0,59.0,54.0
2022-11-21 09:00:00,6.31727,0.0,105.02,56.09668,48.923317,0.0,55.0,100.0
2022-11-21 10:00:00,5.9772696,0.0,201.14,111.98233,89.15767,0.0,54.0,100.0
2022-11-21 11:00:00,6.5372696,8.297872,300.82,172.46431,128.3557,0.0,49.0,81.0
2022-11-21 12:00:00,7.50727,0.0,375.58,218.86913,156.71086,0.0,48.0,100.0
2022-11-21 13:00:00,7.8272696,45.31915,392.49,229.372,163.118,0.0,52.0,23.0
2022-11-21 14:00:00,7.7672696,33.82979,358.66998,207.36949,151.30049,0.0,52.0,41.0
2022-11-21 15:00:00,7.7172694,24.25532,278.57,157.23926,121.33075,0.0,52.0,56.0
2022-11-21 16:00:00,7.2672696,0.0,158.42,86.21264,72.20736,0.0,50.0,100.0
2022-11-21 17:00:00,6.5372696,0.0,31.15,16.299309,14.850692,0.0,53.0,100.0
2022-11-21 18:00:00,6.4772696,0.0,0.0,0.0,0.0,0.0,56.0,100.0
2022-11-21 19:00:00,7.2272696,0.0,0.0,0.0,0.0,0.0,50.0,100.0
2022-11-21 20:00:00,8.55727,0.0,0.0,0.0,0.0,0.0,55.0,100.0
2022-11-21 21:00:00,7.1872697,0.0,0.0,0.0,0.0,0.0,58.0,100.0
2022-11-21 22:00:00,6.58727,0.0,0.0,0.0,0.0,0.0,72.0,100.0
2022-11-21 23:00:00,6.7872696,0.0,0.0,0.0,0.0,0.0,75.0,100.0
2022-11-22 00:00:00,6.7372694,0.0,0.0,0.0,0.0,0.0,75.0,100.0
2022-11-22 01:00:00,7.77727,0.0,0.0,0.0,0.0,0.0,73.0,100.0
2022-11-22 02:00:00,6.8272696,0.0,0.0,0.0,0.0,0.0,75.0,100.0
2022-11-22 03:00:00,6.1472697,0.0,0.0,0.0,0.0,0.0,75.0,100.0
2022-11-22 04:00:00,5.2672696,0.0,0.0,0.0,0.0,0.0,79.0,100.0
2022-11-22 05:00:00,4.6872697,0.0,0.0,0.0,0.0,0.0,80.0,100.0
2022-11-22 06:00:00,4.1072693,0.0,0.0,0.0,0.0,0.0,82.0,100.0
2022-11-22 07:00:00,4.0172696,0.0,0.0,0.0,0.0,0.0,82.0,100.0
2022-11-22 08:00:00,4.1572695,0.0,2.67,1.9027978,0.76720226,0.0,80.0,100.0
2022-11-22 09:00:00,5.4372697,0.0,86.33,46.05694,40.273064,0.0,75.0,100.0
2022-11-22 10:00:00,6.2372694,0.0,194.02,107.89094,86.12907,0.0,71.0,100.0
2022-11-22 11:00:00,7.6272697,0.0,275.9,157.99944,117.90056,0.0,62.0,100.0
2022-11-22 12:00:00,8.727269,0.0,312.38998,181.85197,130.53801,0.0,54.0,100.0
2022-11-22 13:00:00,6.6872697,0.0,181.56,95.46293,86.09707,0.0,71.0,100.0
2022-11-22 14:00:00,6.79727,0.0,186.9,129.56323,57.336758,0.0,70.0,100.0
2022-11-22 15:00:00,7.6572695,0.0,124.6,76.87837,47.721626,0.0,68.0,100.0
2022-11-22 16:00:00,7.56727,0.0,88.11,52.02655,36.08345,0.0,70.0,100.0
2022-11-22 17:00:00,6.4072695,0.0,22.25,11.637775,10.612225,0.0,75.0,100.0
2022-11-22 18:00:00,5.8972697,0.0,0.0,0.0,0.0,0.0,78.0,100.0
2022-11-22 19:00:00,5.81727,0.0,0.0,0.0,0.0,0.0,77.0,100.0
2022-11-22 20:00:00,5.83727,0.0,0.0,0.0,0.0,0.0,78.0,100.0
2022-11-22 21:00:00,5.1972694,0.0,0.0,0.0,0.0,0.0,78.0,62.0
2022-11-22 22:00:00,4.6272697,0.0,0.0,0.0,0.0,0.0,79.0,62.0
2022-11-22 23:00:00,3.8872695,0.0,0.0,0.0,0.0,0.0,81.0,17.0
2022-11-23 00:00:00,3.2672694,0.0,0.0,0.0,0.0,0.0,84.0,15.0
2022-11-23 01:00:00,3.4172695,0.0,0.0,0.0,0.0,0.0,83.0,20.0
2022-11-23 02:00:00,3.1872694,0.0,0.0,0.0,0.0,0.0,84.0,9.0
2022-11-23 03:00:00,2.4272695,0.0,0.0,0.0,0.0,0.0,87.0,2.0
2022-11-23 04:00:00,1.8472695,0.0,0.0,0.0,0.0,0.0,87.0,0.0
2022-11-23 05:00:00,1.3872695,0.0,0.0,0.0,0.0,0.0,80.0,0.0
2022-11-23 06:00:00,1.2572694,0.0,0.0,0.0,0.0,0.0,73.0,0.0
2022-11-23 07:00:00,1.6872694,0.0,0.0,0.0,0.0,0.0,66.0,0.0
2022-11-23 08:00:00,1.6872694,20.433332,1.78,0.7740644,1.0059355,0.0,63.0,0.0
2022-11-23 09:00:00,3.2772694,60.0,91.67,48.84676,42.82324,0.0,64.0,0.0
2022-11-23 10:00:00,4.3172693,60.0,219.83,122.10079,97.72921,0.0,60.0,0.0
2022-11-23 11:00:00,5.04727,60.0,315.94998,180.73294,135.21704,0.0,57.0,0.0
2022-11-23 12:00:00,5.8472695,60.0,372.91,216.85294,156.05707,0.0,57.0,0.0
2022-11-23 13:00:00,6.7672696,60.0,387.15,225.80211,161.34789,0.0,49.0,0.0
2022-11-23 14:00:00,7.33727,26.170214,350.66,202.36296,148.29704,0.0,48.0,53.0
2022-11-23 15:00:00,7.7172694,0.0,258.99,145.9365,113.053505,0.0,49.0,100.0
2022-11-23 16:00:00,7.00727,0.0,112.14,60.930473,51.209526,0.0,55.0,100.0
2022-11-23 17:00:00,7.0372696,0.0,19.58,10.237198,9.342802,0.0,54.0,100.0
2022-11-23 18:00:00,5.7472696,0.0,0.0,0.0,0.0,0.0,69.0,100.0
2022-11-23 19:00:00,5.4172697,0.0,0.0,0.0,0.0,0.0,80.0,100.0
2022-11-23 20:00:00,7.9372697,0.0,0.0,0.0,0.0,0.0,77.0,100.0
2022-11-23 21:00:00,7.9272695,0.0,0.0,0.0,0.0,0.0,76.0,100.0
2022-11-23 22:00:00,7.8672695,0.0,0.0,0.0,0.0,0.0,75.0,98.0
2022-11-23 23:00:00,6.5772696,0.0,0.0,0.0,0.0,0.0,78.0,22.0
2022-11-24 00:00:00,6.1672697,0.0,0.0,0.0,0.0,0.0,79.0,18.0
2022-11-24 01:00:00,5.31727,0.0,0.0,0.0,0.0,0.0,79.0,17.0
2022-11-24 02:00:00,5.4272695,0.0,0.0,0.0,0.0,0.0,77.0,100.0
2022-11-24 03:00:00,6.0172696,0.0,0.0,0.0,0.0,0.0,79.0,100.0
2022-11-24 04:00:00,5.31727,0.0,0.0,0.0,0.0,0.0,78.0,26.0
2022-11-24 05:00:00,5.2272696,0.0,0.0,0.0,0.0,0.0,74.0,21.0
2022-11-24 06:00:00,5.4072695,0.0,0.0,0.0,0.0,0.0,70.0,9.0
2022-11-24 07:00:00,5.9872694,0.0,0.0,0.0,0.0,0.0,73.0,100.0
2022-11-24 08:00:00,5.6372695,0.0,0.89,0.04371518,0.8462848,0.0,74.0,100.0
2022-11-24 09:00:00,6.9572697,37.659573,88.11,46.893024,41.216976,0.0,73.0,35.0
2022-11-24 10:00:00,8.1172695,54.255318,209.15,116.033,93.117,0.0,69.0,9.0
2022-11-24 11:00:00,8.6572695,57.44681,302.6,172.90277,129.69724,0.0,67.0,4.0
2022-11-24 12:00:00,8.977269,60.0,366.68,213.00394,153.67606,0.0,66.0,0.0
2022-11-24 13:00:00,11.147269,53.61702,357.78,208.46419,149.31581,0.0,57.0,10.0
2022-11-24 14:00:00,11.1172695,53.61702,319.51,184.215,135.29501,0.0,56.0,10.0
2022-11-24 15:00:00,9.37727,60.0,248.31,139.79791,108.51209,0.0,63.0,0.0
2022-11-24 16:00:00,6.81727,60.0,147.73999,80.20978,67.53021,0.0,72.0,0.0
2022-11-24 17:00:00,5.3472695,45.783333,25.81,13.489152,12.3208475,0.0,65.0,0.0
2022-11-24 18:00:00,5.0772696,0.0,0.0,0.0,0.0,0.0,46.0,0.0
2022-11-24 19:00:00,5.2272696,0.0,0.0,0.0,0.0,0.0,36.0,0.0
2022-11-24 20:00:00,4.8972697,0.0,0.0,0.0,0.0,0.0,31.0,0.0
2022-11-24 21:00:00,5.1772695,0.0,0.0,0.0,0.0,0.0,26.0,0.0
2022-11-24 22:00:00,5.1572695,0.0,0.0,0.0,0.0,0.0,26.0,0.0
2022-11-24 23:00:00,4.9472694,0.0,0.0,0.0,0.0,0.0,32.0,0.0
2022-11-25 00:00:00,5.1172695,0.0,0.0,0.0,0.0,0.0,28.0,0.0
2022-11-25 01:00:00,5.1872697,0.0,0.0,0.0,0.0,0.0,23.0,48.0
2022-11-25 02:00:00,4.9572697,0.0,0.0,0.0,0.0,0.0,21.0,0.0
2022-11-25 03:00:00,5.1672697,0.0,0.0,0.0,0.0,0.0,18.0,11.0
2022-11-25 04:00:00,5.1672697,0.0,0.0,0.0,0.0,0.0,18.0,0.0
2022-11-25 05:00:00,5.3672695,0.0,0.0,0.0,0.0,0.0,18.0,30.0
2022-11-25 06:00:00,5.9372697,0.0,0.0,0.0,0.0,0.0,19.0,100.0
2022-11-25 07:00:00,6.1372695,0.0,0.0,0.0,0.0,0.0,20.0,100.0
2022-11-25 08:00:00,6.0772696,0.0,0.89,0.13293439,0.7570656,0.0,25.0,100.0
2022-11-25 09:00:00,7.33727,0.0,84.549995,44.94388,39.606117,0.0,32.0,94.0
2022-11-25 10:00:00,8.03727,58.723404,218.05,120.82893,97.22107,0.0,42.0,2.0
2022-11-25 11:00:00,9.59727,0.0,257.21,146.80261,110.40738,0.0,39.0,100.0
2022-11-25 12:00:00,10.527269,0.0,220.72,182.56679,38.153217,0.0,38.0,100.0
2022-11-25 13:00:00,10.07727,0.0,356.0,207.21959,148.78041,0.0,44.0,100.0
2022-11-25 14:00:00,9.74727,0.0,291.91998,168.15076,123.76922,0.0,47.0,100.0
2022-11-25 15:00:00,8.78727,0.0,178.0,108.29235,69.70765,0.0,55.0,100.0
2022-11-25 16:00:00,6.6572695,0.0,40.94,14.596691,26.343307,0.0,82.0,100.0
2022-11-25 17:00:00,6.08727,0.0,1.78,0.020601392,1.7593986,0.0,89.0,100.0
2022-11-25 18:00:00,5.1972694,0.0,0.0,0.0,0.0,0.0,91.0,100.0
2022-11-25 19:00:00,4.83727,0.0,0.0,0.0,0.0,0.0,88.0,100.0
2022-11-25 20:00:00,4.6972694,0.0,0.0,0.0,0.0,0.0,84.0,100.0
2022-11-25 21:00:00,4.9772696,0.0,0.0,0.0,0.0,0.0,86.0,100.0
2022-11-25 22:00:00,4.4472694,0.0,0.0,0.0,0.0,0.0,90.0,6.0
2022-11-25 23:00:00,2.8172693,0.0,0.0,0.0,0.0,0.0,95.0,19.0
2022-11-26 00:00:00,3.5572693,0.0,0.0,0.0,0.0,0.0,91.0,100.0
2022-11-26 01:00:00,3.5872693,0.0,0.0,0.0,0.0,0.0,91.0,100.0
2022-11-26 02:00:00,3.6272695,0.0,0.0,0.0,0.0,0.0,91.0,100.0
2022-11-26 03:00:00,3.5072694,0.0,0.0,0.0,0.0,0.0,91.0,100.0
2022-11-26 04:00:00,3.3972695,0.0,0.0,0.0,0.0,0.0,91.0,100.0
2022-11-26 05:00:00,3.1372695,0.0,0.0,0.0,0.0,0.0,92.0,100.0
2022-11-26 06:00:00,2.7872694,0.0,0.0,0.0,0.0,0.0,92.0,100.0
2022-11-26 07:00:00,2.7572694,0.0,0.0,0.0,0.0,0.0,91.0,100.0
2022-11-26 08:00:00,2.7372694,0.0,0.89,0.22060645,0.66939354,0.0,90.0,100.0
2022-11-26 09:00:00,3.2072694,55.531918,81.88,43.471836,38.40816,0.0,89.0,7.0
2022-11-26 10:00:00,4.1672697,59.808514,216.26999,119.70201,96.56798,0.0,82.0,0.3
2022-11-26 11:00:00,4.7872696,60.0,305.27,174.03716,131.23283,0.0,80.0,0.0
2022-11-26 12:00:00,5.0572696,59.808514,361.34,209.45525,151.88475,0.0,77.0,0.3
2022-11-26 13:00:00,6.10727,59.61702,376.47,218.91495,157.55505,0.0,61.0,0.6
2022-11-26 14:00:00,6.3772697,59.234043,348.88,200.77402,148.10599,0.0,60.0,1.2
2022-11-26 15:00:00,6.1672697,58.851063,264.33,148.56186,115.76813,0.0,64.0,1.8000001
2022-11-26 16:00:00,5.3072696,58.659573,156.64,84.9083,71.7317,0.0,69.0,2.1000001
2022-11-26 17:00:00,4.0772696,41.912056,28.48,14.873034,13.606966,0.0,68.0,5.0
2022-11-26 18:00:00,4.2372694,0.0,0.0,0.0,0.0,0.0,65.0,3.3000002
2022-11-26 19:00:00,3.9172695,0.0,0.0,0.0,0.0,0.0,64.0,0.90000004
2022-11-26 20:00:00,3.4172695,0.0,0.0,0.0,0.0,0.0,60.0,39.0
2022-11-26 21:00:00,3.5172694,0.0,0.0,0.0,0.0,0.0,53.0,39.0
2022-11-26 22:00:00,3.6172693,0.0,0.0,0.0,0.0,0.0,52.0,94.0
2022-11-26 23:00:00,3.4372694,0.0,0.0,0.0,0.0,0.0,55.0,32.0
2022-11-27 00:00:00,3.0672693,0.0,0.0,0.0,0.0,0.0,53.0,27.0
2022-11-27 01:00:00,2.6872694,0.0,0.0,0.0,0.0,0.0,58.0,3.6000001
2022-11-27 02:00:00,3.1272695,0.0,0.0,0.0,0.0,0.0,55.0,3.9
2022-11-27 03:00:00,2.8572693,0.0,0.0,0.0,0.0,0.0,50.0,0.0
2022-11-27 04:00:00,2.6472695,0.0,0.0,0.0,0.0,0.0,52.0,0.0
2022-11-27 05:00:00,2.0772696,0.0,0.0,0.0,0.0,0.0,55.0,0.0
2022-11-27 06:00:00,2.0972695,0.0,0.0,0.0,0.0,0.0,53.0,0.0
2022-11-27 07:00:00,1.5972695,0.0,0.0,0.0,0.0,0.0,56.0,0.0
2022-11-27 08:00:00,1.9272695,3.0588648,0.0,0.0,0.0,0.0,52.0,75.0
2022-11-27 09:00:00,3.0072694,59.234043,85.44,45.31052,40.129482,0.0,51.0,1.2
2022-11-27 10:00:00,5.1772695,60.0,216.26999,119.57299,96.697,0.0,52.0,0.0
2022-11-27 11:00:00,6.4472694,57.12766,311.5,177.4095,134.0905,0.0,58.0,4.5
2022-11-27 12:00:00,7.2872696,59.61702,369.35,213.89847,155.45154,0.0,58.0,0.6
2022-11-27 13:00:00,7.6272697,57.44681,380.03,220.79721,159.23279,0.0,55.0,4.0
2022-11-27 14:00:00,7.9372697,51.70213,344.43,198.06068,146.36931,0.0,55.0,13.0
2022-11-27 15:00:00,8.387269,21.063831,266.11,149.45953,116.65045,0.0,55.0,61.0
2022-11-27 16:00:00,8.03727,0.0,150.41,81.48183,68.92818,0.0,61.0,100.0
2022-11-27 17:00:00,7.2172694,0.0,18.69,9.757556,8.932445,0.0,62.0,100.0
2022-11-27 18:00:00,7.1972694,0.0,0.0,0.0,0.0,0.0,60.0,100.0
2022-11-27 19:00:00,6.6672697,0.0,0.0,0.0,0.0,0.0,59.0,100.0
2022-11-27 20:00:00,7.3772697,0.0,0.0,0.0,0.0,0.0,53.0,100.0
2022-11-27 21:00:00,6.6672697,0.0,0.0,0.0,0.0,0.0,54.0,100.0
2022-11-27 22:00:00,6.9272695,0.0,0.0,0.0,0.0,0.0,53.0,100.0
2022-11-27 23:00:00,6.79727,0.0,0.0,0.0,0.0,0.0,53.0,100.0
2022-11-28 00:00:00,6.8672695,0.0,0.0,0.0,0.0,0.0,49.0,100.0
2022-11-28 01:00:00,6.83727,0.0,0.0,0.0,0.0,0.0,42.0,100.0
2022-11-28 02:00:00,7.1272697,0.0,0.0,0.0,0.0,0.0,36.0,100.0
2022-11-28 03:00:00,7.1172695,0.0,0.0,0.0,0.0,0.0,34.0,100.0
2022-11-28 04:00:00,6.8272696,0.0,0.0,0.0,0.0,0.0,36.0,100.0
2022-11-28 05:00:00,6.8772697,0.0,0.0,0.0,0.0,0.0,35.0,100.0
2022-11-28 06:00:00,6.3472695,0.0,0.0,0.0,0.0,0.0,36.0,100.0
2022-11-28 07:00:00,6.1672697,0.0,0.0,0.0,0.0,0.0,37.0,100.0
2022-11-28 08:00:00,5.8872695,0.0,0.0,0.0,0.0,0.0,37.0,100.0
2022-11-28 09:00:00,6.56727,0.0,56.96,30.173235,26.786764,0.0,44.0,100.0
2022-11-28 10:00:00,6.5772696,0.0,110.36,72.64069,37.719307,0.0,49.0,100.0
2022-11-28 11:00:00,7.60727,0.0,152.19,104.67322,47.516785,0.0,52.0,100.0
2022-11-28 12:00:00,9.237269,0.0,297.26,171.98953,125.270485,0.0,44.0,100.0
2022-11-28 13:00:00,9.1572695,0.0,219.83,179.13474,40.695267,0.0,50.0,100.0
2022-11-28 14:00:00,9.07727,0.0,146.84999,74.50747,72.34252,0.0,52.0,100.0
2022-11-28 15:00:00,8.447269,0.0,97.01,43.479748,53.530254,0.0,60.0,100.0
2022-11-28 16:00:00,7.1972694,0.0,48.95,27.711428,21.238573,0.0,68.0,100.0
2022-11-28 17:00:00,6.3672695,0.0,6.23,2.731422,3.498578,0.0,71.0,100.0
2022-11-28 18:00:00,6.2372694,0.0,0.0,0.0,0.0,0.0,72.0,100.0
2022-11-28 19:00:00,6.3672695,0.0,0.0,0.0,0.0,0.0,72.0,100.0
2022-11-28 20:00:00,6.25727,0.0,0.0,0.0,0.0,0.0,72.0,100.0
2022-11-28 21:00:00,5.7372694,0.0,0.0,0.0,0.0,0.0,75.0,100.0
2022-11-28 22:00:00,5.7672696,0.0,0.0,0.0,0.0,0.0,75.0,100.0
2022-11-28 23:00:00,5.75727,0.0,0.0,0.0,0.0,0.0,76.0,100.0
2022-11-29 00:00:00,5.1972694,0.0,0.0,0.0,0.0,0.0,82.0,100.0
2022-11-29 01:00:00,4.4772696,0.0,0.0,0.0,0.0,0.0,89.0,100.0
2022-11-29 02:00:00,4.4772696,0.0,0.0,0.0,0.0,0.0,90.0,100.0
2022-11-29 03:00:00,4.58727,0.0,0.0,0.0,0.0,0.0,90.0,100.0
2022-11-29 04:00:00,4.54727,0.0,0.0,0.0,0.0,0.0,91.0,100.0
2022-11-29 05:00:00,4.7672696,0.0,0.0,0.0,0.0,0.0,91.0,100.0
2022-11-29 06:00:00,5.04727,0.0,0.0,0.0,0.0,0.0,91.0,100.0
2022-11-29 07:00:00,5.1372695,0.0,0.0,0.0,0.0,0.0,91.0,100.0
2022-11-29 08:00:00,4.9172697,0.0,0.0,0.0,0.0,0.0,91.0,100.0
2022-11-29 09:00:00,4.8972697,0.0,20.47,12.827905,7.6420946,0.0,91.0,100.0
2022-11-29 10:00:00,5.25727,0.0,62.3,21.969059,40.33094,0.0,92.0,100.0
2022-11-29 11:00:00,5.3472695,0.0,93.45,24.07373,69.37627,0.0,91.0,100.0
2022-11-29 12:00:00,5.3972697,0.0,118.369995,30.948769,87.42123,0.0,92.0,100.0
2022-11-29 13:00:00,5.9672694,0.0,264.33,167.689,96.641,0.0,78.0,100.0
2022-11-29 14:00:00,5.9272695,0.0,178.0,128.86319,49.136814,0.0,79.0,100.0
2022-11-29 15:00:00,5.6572695,0.0,146.84999,97.882866,48.967125,0.0,80.0,100.0
2022-11-29 16:00:00,5.4372697,0.0,80.1,45.45347,34.64653,0.0,81.0,100.0
2022-11-29 17:00:00,4.7472696,0.0,13.349999,6.9655647,6.3844347,0.0,86.0,100.0
2022-11-29 18:00:00,4.6872697,0.0,0.0,0.0,0.0,0.0,87.0,100.0
2022-11-29 19:00:00,4.4672694,0.0,0.0,0.0,0.0,0.0,89.0,100.0
2022-11-29 20:00:00,4.2472696,0.0,0.0,0.0,0.0,0.0,91.0,100.0
2022-11-29 21:00:00,4.1072693,0.0,0.0,0.0,0.0,0.0,92.0,100.0
2022-11-29 22:00:00,3.9572694,0.0,0.0,0.0,0.0,0.0,92.0,100.0
2022-11-29 23:00:00,3.8972695,0.0,0.0,0.0,0.0,0.0,92.0,100.0
2022-11-30 00:00:00,3.9572694,0.0,0.0,0.0,0.0,0.0,91.0,100.0
2022-11-30 01:00:00,3.8572693,0.0,0.0,0.0,0.0,0.0,91.0,100.0
2022-11-30 02:00:00,3.7372694,0.0,0.0,0.0,0.0,0.0,92.0,100.0
2022-11-30 03:00:00,3.5972693,0.0,0.0,0.0,0.0,0.0,92.0,100.0
2022-11-30 04:00:00,3.4272695,0.0,0.0,0.0,0.0,0.0,92.0,100.0
2022-11-30 05:00:00,3.4272695,0.0,0.0,0.0,0.0,0.0,92.0,100.0
2022-11-30 06:00:00,3.2772694,0.0,0.0,0.0,0.0,0.0,93.0,100.0
2022-11-30 07:00:00,3.1872694,0.0,0.0,0.0,0.0,0.0,93.0,100.0
2022-11-30 08:00:00,3.0072694,0.0,0.0,0.0,0.0,0.0,94.0,100.0
2022-11-30 09:00:00,3.5572693,0.0,43.61,23.049671,20.56033,0.0,90.0,100.0
2022-11-30 10:00:00,3.9072695,0.0,121.93,72.93175,48.99825,0.0,89.0,100.0
2022-11-30 11:00:00,4.4272695,0.0,223.39,128.49506,94.894936,0.0,87.0,100.0
2022-11-30 12:00:00,4.9472694,3.191489,315.94998,182.46223,133.48775,0.0,85.0,89.0
2022-11-30 13:00:00,5.56727,0.0,348.88,202.17989,146.70012,0.0,81.0,100.0
2022-11-30 14:00:00,5.2172694,0.0,244.75,147.72113,97.02887,0.0,82.0,100.0
2022-11-30 15:00:00,4.4772696,0.0,146.84999,97.1927,49.657284,0.0,85.0,100.0
2022-11-30 16:00:00,3.8672693,0.0,66.75,42.4967,24.2533,0.0,88.0,100.0
2022-11-30 17:00:00,3.3472693,0.0,8.9,7.751856,1.1481439,0.0,90.0,100.0
2022-11-30 18:00:00,3.3472693,0.0,0.0,0.0,0.0,0.0,90.0,100.0
2022-11-30 19:00:00,3.2672694,0.0,0.0,0.0,0.0,0.0,90.0,100.0
2022-11-30 20:00:00,3.0872693,0.0,0.0,0.0,0.0,0.0,90.0,100.0
2022-11-30 21:00:00,2.9372694,0.0,0.0,0.0,0.0,0.0,88.0,100.0
2022-11-30 22:00:00,2.7272694,0.0,0.0,0.0,0.0,0.0,89.0,100.0
2022-11-30 23:00:00,2.4972694,0.0,0.0,0.0,0.0,0.0,90.0,100.0
2022-12-01 00:00:00,2.3872695,0.0,0.0,0.0,0.0,0.0,90.0,100.0
2022-12-01 01:00:00,2.2572694,0.0,0.0,0.0,0.0,0.0,90.0,100.0
2022-12-01 02:00:00,2.0572693,0.0,0.0,0.0,0.0,0.0,91.0,100.0
2022-12-01 03:00:00,1.7372694,0.0,0.0,0.0,0.0,0.0,93.0,100.0
2022-12-01 04:00:00,1.2772694,0.0,0.0,0.0,0.0,0.0,94.0,100.0
2022-12-01 05:00:00,1.0472695,0.0,0.0,0.0,0.0,0.0,94.0,100.0
2022-12-01 06:00:00,0.81726944,0.0,0.0,0.0,0.0,0.0,94.0,100.0
2022-12-01 07:00:00,0.55726945,0.0,0.0,0.0,0.0,0.0,95.0,100.0
2022-12-01 08:00:00,0.29726946,0.0,0.0,0.0,0.0,0.0,96.0,100.0
2022-12-01 09:00:00,0.61726946,0.0,50.73,26.782812,23.947187,0.0,94.0,100.0
2022-12-01 10:00:00,1.3372694,0.0,162.87,89.66475,73.205246,0.0,90.0,100.0
2022-12-01 11:00:00,2.0672696,0.0,261.66,148.42598,113.234024,0.0,86.0,100.0
2022-12-01 12:00:00,2.4672694,25.531916,339.09,195.6423,143.4477,0.0,83.0,54.0
2022-12-01 13:00:00,6.0372696,52.340427,358.66998,207.67473,150.99525,0.0,64.0,12.0
2022-12-01 14:00:00,5.29727,43.404255,325.74,186.73512,139.00487,0.0,66.0,26.0
2022-12-01 15:00:00,3.4072695,38.93617,250.09,140.07603,110.01396,0.0,74.0,33.0
2022-12-01 16:00:00,2.6972694,0.0,132.61,71.66565,60.944347,0.0,77.0,100.0
2022-12-01 17:00:00,2.1172695,0.0,17.8,9.282093,8.517906,0.0,81.0,100.0
2022-12-01 18:00:00,2.0772696,0.0,0.0,0.0,0.0,0.0,83.0,100.0
2022-12-01 19:00:00,1.9372694,0.0,0.0,0.0,0.0,0.0,84.0,100.0
2022-12-01 20:00:00,1.5572693,0.0,0.0,0.0,0.0,0.0,84.0,100.0
2022-12-01 21:00:00,1.3572695,0.0,0.0,0.0,0.0,0.0,84.0,100.0
2022-12-01 22:00:00,1.2272694,0.0,0.0,0.0,0.0,0.0,85.0,100.0
2022-12-01 23:00:00,0.13726944,0.0,0.0,0.0,0.0,0.0,92.0,71.0
2022-12-02 00:00:00,-0.42273057,0.0,0.0,0.0,0.0,0.0,95.0,3.0
2022-12-02 01:00:00,-0.7027306,0.0,0.0,0.0,0.0,0.0,96.0,6.0
2022-12-02 02:00:00,-0.8227306,0.0,0.0,0.0,0.0,0.0,97.0,36.0
2022-12-02 03:00:00,-0.9127305,0.0,0.0,0.0,0.0,0.0,98.0,100.0
2022-12-02 04:00:00,0.25726944,0.0,0.0,0.0,0.0,0.0,90.0,100.0
2022-12-02 05:00:00,0.48726946,0.0,0.0,0.0,0.0,0.0,88.0,100.0
2022-12-02 06:00:00,-0.14273053,0.0,0.0,0.0,0.0,0.0,89.0,100.0
2022-12-02 07:00:00,-0.21273053,0.0,0.0,0.0,0.0,0.0,91.0,100.0
2022-12-02 08:00:00,-0.47273058,0.0,0.0,0.0,0.0,0.0,92.0,100.0
2022-12-02 09:00:00,1.8872695,0.0,64.97,34.266464,30.703539,0.0,75.0,100.0
2022-12-02 10:00:00,3.1872694,31.276594,191.34999,105.24557,86.10442,0.0,67.0,45.0
2022-12-02 11:00:00,4.6572695,29.361702,289.25,163.93658,125.313416,0.0,61.0,48.0
2022-12-02 12:00:00,5.58727,22.978725,342.65,197.54579,145.1042,0.0,57.0,58.0
2022-12-02 13:00:00,5.9172697,55.531918,361.34,209.08174,152.25826,0.0,58.0,7.0
2022-12-02 14:00:00,5.54727,45.95745,330.19,189.1779,141.0121,0.0,58.0,22.0
2022-12-02 15:00:00,4.1372695,40.851067,255.43,142.9984,112.431595,0.0,63.0,30.0
2022-12-02 16:00:00,1.8772695,46.595745,143.29,77.407196,65.8828,0.0,74.0,21.0
2022-12-02 17:00:00,0.40726945,32.819145,22.25,11.600539,10.649461,0.0,83.0,19.0
2022-12-02 18:00:00,1.0472695,0.0,0.0,0.0,0.0,0.0,79.0,21.0
2022-12-02 19:00:00,1.3872695,0.0,0.0,0.0,0.0,0.0,75.0,27.0
2022-12-02 20:00:00,1.2672694,0.0,0.0,0.0,0.0,0.0,75.0,20.0
2022-12-02 21:00:00,1.1072695,0.0,0.0,0.0,0.0,0.0,75.0,17.0
2022-12-02 22:00:00,1.0572695,0.0,0.0,0.0,0.0,0.0,74.0,6.0
2022-12-02 23:00:00,1.0372695,0.0,0.0,0.0,0.0,0.0,74.0,4.0
2022-12-03 00:00:00,0.80726945,0.0,0.0,0.0,0.0,0.0,76.0,2.7
2022-12-03 01:00:00,0.50726944,0.0,0.0,0.0,0.0,0.0,79.0,0.0
2022-12-03 02:00:00,0.51726943,0.0,0.0,0.0,0.0,0.0,77.0,18.0
2022-12-03 03:00:00,0.38726944,0.0,0.0,0.0,0.0,0.0,76.0,9.0
2022-12-03 04:00:00,0.21726945,0.0,0.0,0.0,0.0,0.0,75.0,7.0
2022-12-03 05:00:00,0.017269462,0.0,0.0,0.0,0.0,0.0,75.0,15.0
2022-12-03 06:00:00,-0.15273052,0.0,0.0,0.0,0.0,0.0,76.0,6.0
2022-12-03 07:00:00,-0.35273057,0.0,0.0,0.0,0.0,0.0,77.0,4.0
2022-12-03 08:00:00,-1.1127305,7.683972,0.0,0.0,0.0,0.0,86.0,1.2
2022-12-03 09:00:00,-0.31273055,57.44681,68.53,36.108746,32.421253,0.0,87.0,4.0
2022-12-03 10:00:00,1.3772695,43.404255,197.58,108.57284,89.007164,0.0,80.0,26.0
2022-12-03 11:00:00,3.0672693,44.04255,292.81,165.81506,126.99494,0.0,72.0,25.0
2022-12-03 12:00:00,4.9072695,56.170216,348.88,200.98566,147.89435,0.0,63.0,6.0
2022-12-03 13:00:00,4.8972697,0.0,266.11,163.51572,102.59426,0.0,64.0,100.0
2022-12-03 14:00:00,5.9972696,0.0,193.12999,167.9752,25.154785,0.0,63.0,100.0
2022-12-03 15:00:00,6.5372696,0.0,154.86,97.389145,57.47086,0.0,63.0,100.0
2022-12-03 16:00:00,6.1872697,0.0,109.47,59.114044,50.355957,0.0,65.0,100.0
2022-12-03 17:00:00,4.9972696,0.0,16.91,8.814827,8.095173,0.0,67.0,100.0
2022-12-03 18:00:00,4.58727,0.0,0.0,0.0,0.0,0.0,73.0,100.0
2022-12-03 19:00:00,3.7772694,0.0,0.0,0.0,0.0,0.0,83.0,100.0
2022-12-03 20:00:00,3.6572695,0.0,0.0,0.0,0.0,0.0,81.0,100.0
2022-12-03 21:00:00,3.5472693,0.0,0.0,0.0,0.0,0.0,83.0,100.0
2022-12-03 22:00:00,3.1472695,0.0,0.0,0.0,0.0,0.0,86.0,100.0
2022-12-03 23:00:00,3.0272694,0.0,0.0,0.0,0.0,0.0,86.0,100.0
2022-12-04 00:00:00,2.9372694,0.0,0.0,0.0,0.0,0.0,85.0,100.0
2022-12-04 01:00:00,3.3372693,0.0,0.0,0.0,0.0,0.0,82.0,100.0
2022-12-04 02:00:00,3.5672693,0.0,0.0,0.0,0.0,0.0,80.0,100.0
2022-12-04 03:00:00,3.6672695,0.0,0.0,0.0,0.0,0.0,80.0,100.0
2022-12-04 04:00:00,3.3772695,0.0,0.0,0.0,0.0,0.0,81.0,100.0
2022-12-04 05:00:00,2.9972694,0.0,0.0,0.0,0.0,0.0,83.0,100.0
2022-12-04 06:00:00,2.3472695,0.0,0.0,0.0,0.0,0.0,88.0,100.0
2022-12-04 07:00:00,3.2772694,0.0,0.0,0.0,0.0,0.0,76.0,100.0
2022-12-04 08:00:00,3.6572695,0.0,0.0,0.0,0.0,0.0,72.0,100.0
2022-12-04 09:00:00,4.0072694,0.0,24.029999,13.519161,10.510838,0.0,74.0,100.0
2022-12-04 10:00:00,4.9672694,0.0,49.84,13.357582,36.482418,0.0,71.0,100.0
2022-12-04 11:00:00,5.4172697,0.0,56.07,2.3851967,53.684803,0.0,71.0,100.0
2022-12-04 12:00:00,4.8272696,0.0,42.72,0.6693573,42.050644,0.0,78.0,100.0
2022-12-04 13:00:00,3.6872694,0.0,111.25,24.45359,86.79641,0.0,78.0,100.0
2022-12-04 14:00:00,3.6072693,0.0,69.42,3.1811981,66.2388,0.0,80.0,100.0
2022-12-04 15:00:00,2.9872694,0.0,50.73,2.4783173,48.251682,0.0,87.0,100.0
2022-12-04 16:00:00,2.3972695,0.0,95.229996,51.404217,43.82578,0.0,91.0,100.0
2022-12-04 17:00:00,1.2372694,8.1828,16.02,8.349384,7.6706166,0.0,97.0,75.0
2022-12-04 18:00:00,2.0872695,0.0,0.0,0.0,0.0,0.0,86.0,0.0
2022-12-04 19:00:00,2.4972694,0.0,0.0,0.0,0.0,0.0,87.0,0.0
2022-12-04 20:00:00,1.3972695,0.0,0.0,0.0,0.0,0.0,95.0,40.0
2022-12-04 21:00:00,1.2372694,0.0,0.0,0.0,0.0,0.0,91.0,8.0
2022-12-04 22:00:00,0.44726944,0.0,0.0,0.0,0.0,0.0,91.0,45.0
2022-12-04 23:00:00,1.2572694,0.0,0.0,0.0,0.0,0.0,91.0,100.0
2022-12-05 00:00:00,1.1472695,0.0,0.0,0.0,0.0,0.0,94.0,100.0
2022-12-05 01:00:00,1.0472695,0.0,0.0,0.0,0.0,0.0,95.0,100.0
2022-12-05 02:00:00,2.0872695,0.0,0.0,0.0,0.0,0.0,92.0,100.0
2022-12-05 03:00:00,2.9272695,0.0,0.0,0.0,0.0,0.0,91.0,100.0
2022-12-05 04:00:00,3.2672694,0.0,0.0,0.0,0.0,0.0,83.0,100.0
2022-12-05 05:00:00,2.1772695,0.0,0.0,0.0,0.0,0.0,89.0,100.0
2022-12-05 06:00:00,1.8072693,0.0,0.0,0.0,0.0,0.0,94.0,100.0
2022-12-05 07:00:00,2.0072694,0.0,0.0,0.0,0.0,0.0,93.0,100.0
2022-12-05 08:00:00,1.0672694,0.0,0.0,0.0,0.0,0.0,96.0,100.0
2022-12-05 09:00:00,1.3072695,0.0,17.8,14.740512,3.0594873,0.0,93.0,100.0
2022-12-05 10:00:00,2.5172694,0.0,117.479996,66.37494,51.10506,0.0,89.0,100.0
2022-12-05 11:00:00,3.2372694,59.361702,271.44998,153.4607,117.989296,0.0,86.0,1.0
2022-12-05 12:00:00,4.0872693,60.0,335.53,193.00214,142.52786,0.0,81.0,0.0
2022-12-05 13:00:00,2.0972695,0.0,80.1,3.810257,76.28974,0.0,90.0,100.0
2022-12-05 14:00:00,2.3372695,0.0,146.84999,83.314835,63.535152,0.0,89.0,100.0
2022-12-05 15:00:00,3.0772693,0.0,199.36,111.446945,87.913055,0.0,86.0,100.0
2022-12-05 16:00:00,2.8072693,0.0,133.5,72.0336,61.466396,0.0,87.0,100.0
2022-12-05 17:00:00,1.3672695,32.888832,19.58,10.202957,9.377043,0.0,86.0,17.0
2022-12-05 18:00:00,2.0272694,0.0,0.0,0.0,0.0,0.0,84.0,0.0
2022-12-05 19:00:00,1.9772694,0.0,0.0,0.0,0.0,0.0,82.0,0.0
2022-12-05 20:00:00,1.5172694,0.0,0.0,0.0,0.0,0.0,78.0,2.0
2022-12-05 21:00:00,1.1772695,0.0,0.0,0.0,0.0,0.0,76.0,0.0
2022-12-05 22:00:00,1.7972693,0.0,0.0,0.0,0.0,0.0,64.0,0.0
2022-12-05 23:00:00,1.2072694,0.0,0.0,0.0,0.0,0.0,59.0,0.0
2022-12-06 00:00:00,0.68726945,0.0,0.0,0.0,0.0,0.0,55.0,0.0
2022-12-06 01:00:00,0.86726946,0.0,0.0,0.0,0.0,0.0,52.0,0.0
2022-12-06 02:00:00,0.9772694,0.0,0.0,0.0,0.0,0.0,52.0,0.0
2022-12-06 03:00:00,0.80726945,0.0,0.0,0.0,0.0,0.0,54.0,0.0
2022-12-06 04:00:00,0.94726944,0.0,0.0,0.0,0.0,0.0,57.0,93.0
2022-12-06 05:00:00,1.0572695,0.0,0.0,0.0,0.0,0.0,64.0,100.0
2022-12-06 06:00:00,0.99726945,0.0,0.0,0.0,0.0,0.0,61.0,100.0
2022-12-06 07:00:00,0.54726946,0.0,0.0,0.0,0.0,0.0,60.0,69.0
2022-12-06 08:00:00,0.6472695,1.3574469,0.0,0.0,0.0,0.0,60.0,65.0
2022-12-06 09:00:00,1.4672694,32.553192,56.07,29.497889,26.572111,0.0,61.0,43.0
2022-12-06 10:00:00,2.8372693,12.765956,182.45,99.98331,82.46669,0.0,59.0,74.0
2022-12-06 11:00:00,3.5572693,60.0,277.68,156.85037,120.82962,0.0,56.0,0.0
2022-12-06 12:00:00,4.0872693,59.425533,333.75,191.83235,141.91765,0.0,56.0,0.90000004
2022-12-06 13:00:00,4.0572696,60.0,353.33,203.90082,149.42917,0.0,57.0,0.0
2022-12-06 14:00:00,4.1872697,60.0,315.94998,180.6038,135.34618,0.0,57.0,0.0
2022-12-06 15:00:00,3.9772694,60.0,244.75,136.75679,107.99321,0.0,59.0,0.0
2022-12-06 16:00:00,2.3172696,60.0,129.05,69.60672,59.443287,0.0,69.0,0.0
2022-12-06 17:00:00,1.8472695,39.866665,16.91,8.810203,8.099797,0.0,70.0,0.0
2022-12-06 18:00:00,1.8772695,0.0,0.0,0.0,0.0,0.0,71.0,0.0
2022-12-06 19:00:00,1.8272696,0.0,0.0,0.0,0.0,0.0,71.0,0.0
2022-12-06 20:00:00,1.4672694,0.0,0.0,0.0,0.0,0.0,74.0,0.90000004
2022-12-06 21:00:00,1.0172694,0.0,0.0,0.0,0.0,0.0,80.0,4.5
2022-12-06 22:00:00,0.5272694,0.0,0.0,0.0,0.0,0.0,89.0,3.9
2022-12-06 23:00:00,0.15726945,0.0,0.0,0.0,0.0,0.0,92.0,60.0
2022-12-07 00:00:00,-0.22273058,0.0,0.0,0.0,0.0,0.0,95.0,64.0
2022-12-07 01:00:00,0.35726947,0.0,0.0,0.0,0.0,0.0,93.0,100.0
2022-12-07 02:00:00,-0.45273054,0.0,0.0,0.0,0.0,0.0,97.0,100.0
2022-12-07 03:00:00,-0.04273057,0.0,0.0,0.0,0.0,0.0,94.0,100.0
2022-12-07 04:00:00,-0.03273052,0.0,0.0,0.0,0.0,0.0,92.0,100.0
2022-12-07 05:00:00,-0.07273054,0.0,0.0,0.0,0.0,0.0,92.0,100.0
2022-12-07 06:00:00,-0.04273057,0.0,0.0,0.0,0.0,0.0,92.0,100.0
2022-12-07 07:00:00,-0.17273057,0.0,0.0,0.0,0.0,0.0,92.0,100.0
2022-12-07 08:00:00,-0.35273057,0.0,0.0,0.0,0.0,0.0,92.0,100.0
2022-12-07 09:00:00,1.1672695,0.0,29.369999,15.444317,13.925682,0.0,80.0,100.0
2022-12-07 10:00:00,3.5372694,0.0,137.95,75.537155,62.41284,0.0,67.0,100.0
2022-12-07 11:00:00,4.9272695,0.0,231.4,130.61685,100.783134,0.0,59.0,100.0
2022-12-07 12:00:00,5.1972694,0.0,290.13998,166.6659,123.4741,0.0,57.0,100.0
2022-12-07 13:00:00,2.2072694,30.638298,350.66,202.2598,148.4002,0.0,67.0,46.0
2022-12-07 14:00:00,1.9872694,54.255318,321.29,183.58403,137.70598,0.0,68.0,9.0
2022-12-07 15:00:00,1.5772696,60.0,245.64,137.21399,108.426,0.0,71.0,0.0
2022-12-07 16:00:00,0.42726946,60.0,129.94,70.073105,59.866898,0.0,79.0,0.0
2022-12-07 17:00:00,-0.5427305,37.65142,17.8,9.273193,8.526806,0.0,81.0,5.0
2022-12-07 18:00:00,-0.44273055,0.0,0.0,0.0,0.0,0.0,79.0,5.0
2022-12-07 19:00:00,-0.5527305,0.0,0.0,0.0,0.0,0.0,77.0,3.0
2022-12-07 20:00:00,-0.63273054,0.0,0.0,0.0,0.0,0.0,75.0,3.0
2022-12-07 21:00:00,-0.7127306,0.0,0.0,0.0,0.0,0.0,74.0,0.0
2022-12-07 22:00:00,-0.8027305,0.0,0.0,0.0,0.0,0.0,74.0,0.0
2022-12-07 23:00:00,-0.9227305,0.0,0.0,0.0,0.0,0.0,73.0,0.0
2022-12-08 00:00:00,-1.0327306,0.0,0.0,0.0,0.0,0.0,72.0,0.0
2022-12-08 01:00:00,-1.3027306,0.0,0.0,0.0,0.0,0.0,73.0,0.0
2022-12-08 02:00:00,-1.3327305,0.0,0.0,0.0,0.0,0.0,73.0,0.0
2022-12-08 03:00:00,-1.6327307,0.0,0.0,0.0,0.0,0.0,74.0,0.0
2022-12-08 04:00:00,-2.1227305,0.0,0.0,0.0,0.0,0.0,76.0,0.0
2022-12-08 05:00:00,-2.2427306,0.0,0.0,0.0,0.0,0.0,77.0,0.0
2022-12-08 06:00:00,-2.5027306,0.0,0.0,0.0,0.0,0.0,81.0,0.0
2022-12-08 07:00:00,-2.6427307,0.0,0.0,0.0,0.0,0.0,83.0,0.0
2022-12-08 08:00:00,-2.9227307,2.3833334,0.0,0.0,0.0,0.0,84.0,0.0
2022-12-08 09:00:00,-1.8927307,60.0,49.84,26.197058,23.642942,0.0,78.0,0.0
2022-12-08 10:00:00,-0.43273056,60.0,176.22,96.4177,79.8023,0.0,73.0,0.0
2022-12-08 11:00:00,0.43726945,60.0,274.12,154.62387,119.49612,0.0,68.0,0.0
2022-12-08 12:00:00,1.0372695,60.0,333.75,191.60258,142.14742,0.0,64.0,0.0
2022-12-08 13:00:00,2.5072694,60.0,349.77,201.64622,148.12376,0.0,55.0,0.0
2022-12-08 14:00:00,2.5872693,60.0,317.72998,181.47816,136.25182,0.0,57.0,0.0
2022-12-08 15:00:00,2.2472694,60.0,242.97,135.68271,107.28729,0.0,60.0,0.0
2022-12-08 16:00:00,1.0772694,60.0,130.83,70.53923,60.290768,0.0,68.0,0.0
2022-12-08 17:00:00,0.55726945,39.65,16.91,8.808861,8.101139,0.0,70.0,0.0
2022-12-08 18:00:00,0.69726944,0.0,0.0,0.0,0.0,0.0,69.0,0.0
2022-12-08 19:00:00,0.69726944,0.0,0.0,0.0,0.0,0.0,65.0,4.2000003
2022-12-08 20:00:00,0.81726944,0.0,0.0,0.0,0.0,0.0,58.0,32.0
2022-12-08 21:00:00,1.4072695,0.0,0.0,0.0,0.0,0.0,55.0,100.0
2022-12-08 22:00:00,1.1972694,0.0,0.0,0.0,0.0,0.0,61.0,100.0
2022-12-08 23:00:00,1.9372694,0.0,0.0,0.0,0.0,0.0,64.0,100.0
2022-12-09 00:00:00,1.7272694,0.0,0.0,0.0,0.0,0.0,65.0,100.0
2022-12-09 01:00:00,2.0872695,0.0,0.0,0.0,0.0,0.0,68.0,100.0
2022-12-09 02:00:00,1.3372694,0.0,0.0,0.0,0.0,0.14,75.0,100.0
2022-12-09 03:00:00,0.66726947,0.0,0.0,0.0,0.0,0.28,90.0,100.0
2022-12-09 04:00:00,0.61726946,0.0,0.0,0.0,0.0,0.0,94.0,100.0
2022-12-09 05:00:00,0.51726943,0.0,0.0,0.0,0.0,0.0,95.0,100.0
2022-12-09 06:00:00,0.88726944,0.0,0.0,0.0,0.0,0.0,95.0,100.0
2022-12-09 07:00:00,0.56726944,0.0,0.0,0.0,0.0,0.0,95.0,100.0
2022-12-09 08:00:00,1.1172695,0.0,0.0,0.0,0.0,0.0,94.0,100.0
2022-12-09 09:00:00,1.1372695,0.0,11.57,5.808229,5.7617707,0.90999997,94.0,100.0
2022-12-09 10:00:00,1.1772695,0.0,41.829998,9.1179085,32.71209,0.42000002,94.0,100.0
2022-12-09 11:00:00,2.5072694,0.0,61.41,4.8255424,56.584457,0.84000003,88.0,100.0
2022-12-09 12:00:00,4.1572695,0.0,193.12999,160.93379,32.196194,0.0,79.0,100.0
2022-12-09 13:00:00,5.08727,0.0,169.98999,104.80004,65.18995,0.0,68.0,100.0
2022-12-09 14:00:00,4.9572697,0.0,135.28,68.87888,66.401115,0.0,72.0,100.0
2022-12-09 15:00:00,3.7572694,0.0,99.68,55.865704,43.814297,0.14,79.0,100.0
2022-12-09 16:00:00,2.5672693,0.0,74.76,40.66669,34.09331,0.07,85.0,100.0
2022-12-09 17:00:00,1.7572694,0.0,11.57,6.0266514,5.5433483,0.07,91.0,100.0
2022-12-09 18:00:00,1.6272695,0.0,0.0,0.0,0.0,0.14,92.0,100.0
2022-12-09 19:00:00,1.4472694,0.0,0.0,0.0,0.0,0.07,92.0,100.0
2022-12-09 20:00:00,1.4672694,0.0,0.0,0.0,0.0,0.07,92.0,100.0
2022-12-09 21:00:00,1.4372694,0.0,0.0,0.0,0.0,0.07,92.0,100.0
2022-12-09 22:00:00,1.2572694,0.0,0.0,0.0,0.0,0.0,93.0,100.0
2022-12-09 23:00:00,1.2372694,0.0,0.0,0.0,0.0,0.0,93.0,100.0
2022-12-10 00:00:00,1.4972694,0.0,0.0,0.0,0.0,0.0,91.0,100.0
2022-12-10 01:00:00,1.4872694,0.0,0.0,0.0,0.0,0.0,91.0,100.0
2022-12-10 02:00:00,1.2272694,0.0,0.0,0.0,0.0,0.14,93.0,100.0
2022-12-10 03:00:00,1.2972695,0.0,0.0,0.0,0.0,0.21000001,93.0,100.0
2022-12-10 04:00:00,1.0472695,0.0,0.0,0.0,0.0,0.14,94.0,100.0
2022-12-10 05:00:00,0.81726944,0.0,0.0,0.0,0.0,0.21000001,94.0,100.0
2022-12-10 06:00:00,0.57726943,0.0,0.0,0.0,0.0,0.21000001,93.0,100.0
2022-12-10 07:00:00,0.55726945,0.0,0.0,0.0,0.0,0.07,92.0,100.0
2022-12-10 08:00:00,0.16726944,0.0,0.0,0.0,0.0,0.14,95.0,100.0
2022-12-10 09:00:00,0.32726943,0.0,26.699999,14.021851,12.678148,0.14,92.0,100.0
2022-12-10 10:00:00,0.67726946,0.0,89.0,57.02478,31.97522,0.07,87.0,100.0
2022-12-10 11:00:00,1.2072694,0.0,150.41,128.80933,21.60067,0.0,84.0,100.0
2022-12-10 12:00:00,1.3572695,0.0,167.31999,112.012314,55.307682,0.0,83.0,100.0
2022-12-10 13:00:00,0.49726945,0.0,137.06,56.649803,80.410194,0.28,91.0,100.0
2022-12-10 14:00:00,0.51726943,0.0,103.24,29.397308,73.84269,0.28,90.0,100.0
2022-12-10 15:00:00,0.29726946,0.0,78.32,27.377407,50.942593,0.28,90.0,100.0
2022-12-10 16:00:00,-0.24273056,0.0,50.73,38.45499,12.275009,0.28,92.0,100.0
2022-12-10 17:00:00,-1.1127305,0.0,8.01,7.401717,0.6082828,0.28,94.0,100.0
2022-12-10 18:00:00,-1.6527307,0.0,0.0,0.0,0.0,0.28,94.0,100.0
2022-12-10 19:00:00,-1.6827307,0.0,0.0,0.0,0.0,0.21000001,94.0,100.0
2022-12-10 20:00:00,-1.8527305,0.0,0.0,0.0,0.0,0.14,93.0,100.0
2022-12-10 21:00:00,-2.0927305,0.0,0.0,0.0,0.0,0.14,94.0,100.0
2022-12-10 22:00:00,-2.3327305,0.0,0.0,0.0,0.0,0.14,95.0,100.0
2022-12-10 23:00:00,-2.3427305,0.0,0.0,0.0,0.0,0.14,96.0,100.0
2022-12-11 00:00:00,-3.0227306,0.0,0.0,0.0,0.0,0.21000001,95.0,100.0
2022-12-11 01:00:00,-3.3227305,0.0,0.0,0.0,0.0,0.14,95.0,100.0
2022-12-11 02:00:00,-3.7027304,0.0,0.0,0.0,0.0,0.07,94.0,100.0
2022-12-11 03:00:00,-4.1127305,0.0,0.0,0.0,0.0,0.0,94.0,100.0
2022-12-11 04:00:00,-4.5727305,0.0,0.0,0.0,0.0,0.0,94.0,100.0
2022-12-11 05:00:00,-5.1527305,0.0,0.0,0.0,0.0,0.0,95.0,76.0
2022-12-11 06:00:00,-5.8427305,0.0,0.0,0.0,0.0,0.0,97.0,65.0
2022-12-11 07:00:00,-5.8627305,0.0,0.0,0.0,0.0,0.0,95.0,100.0
2022-12-11 08:00:00,-6.3327303,0.0,0.0,0.0,0.0,0.0,93.0,69.0
2022-12-11 09:00:00,-5.1527305,24.623936,47.17,24.761091,22.408907,0.0,90.0,55.0
2022-12-11 10:00:00,-4.3327303,52.340427,176.22,96.19272,80.02728,0.0,83.0,12.0
2022-12-11 11:00:00,-4.3227305,60.0,272.34,153.30072,119.03927,0.0,82.0,0.0
2022-12-11 12:00:00,-4.2727304,60.0,331.97,190.23854,141.73146,0.0,82.0,0.0
2022-12-11 13:00:00,-2.7927306,60.0,351.55,202.36893,149.18106,0.0,63.0,0.0
2022-12-11 14:00:00,-2.8727305,60.0,322.18,183.80211,138.37788,0.0,63.0,0.0
2022-12-11 15:00:00,-3.4027307,60.0,246.53,137.5509,108.9791,0.0,67.0,0.0
2022-12-11 16:00:00,-4.2927303,60.0,133.5,71.9379,61.562103,0.0,74.0,0.0
2022-12-11 17:00:00,-5.3727303,39.383335,17.8,9.270499,8.5295,0.0,73.0,0.0
2022-12-11 18:00:00,-5.2927303,0.0,0.0,0.0,0.0,0.0,65.0,0.0
2022-12-11 19:00:00,-4.95273,0.0,0.0,0.0,0.0,0.0,56.0,0.0
2022-12-11 20:00:00,-4.8427305,0.0,0.0,0.0,0.0,0.0,48.0,0.0
2022-12-11 21:00:00,-4.66273,0.0,0.0,0.0,0.0,0.0,42.0,0.0
2022-12-11 22:00:00,-4.3427305,0.0,0.0,0.0,0.0,0.0,36.0,0.0
2022-12-11 23:00:00,-3.8627307,0.0,0.0,0.0,0.0,0.0,32.0,0.0
2022-12-12 00:00:00,-3.6027305,0.0,0.0,0.0,0.0,0.0,30.0,0.0
2022-12-12 01:00:00,-3.8027308,0.0,0.0,0.0,0.0,0.0,31.0,0.0
2022-12-12 02:00:00,-4.1527305,0.0,0.0,0.0,0.0,0.0,33.0,0.0
2022-12-12 03:00:00,-4.4027305,0.0,0.0,0.0,0.0,0.0,34.0,0.0
2022-12-12 04:00:00,-4.5927305,0.0,0.0,0.0,0.0,0.0,36.0,24.0
2022-12-12 05:00:00,-4.68273,0.0,0.0,0.0,0.0,0.0,36.0,21.0
2022-12-12 06:00:00,-4.7827306,0.0,0.0,0.0,0.0,0.0,34.0,39.0
2022-12-12 07:00:00,-4.4427304,0.0,0.0,0.0,0.0,0.0,33.0,100.0
2022-12-12 08:00:00,-4.3727303,0.0,0.0,0.0,0.0,0.0,32.0,100.0
2022-12-12 09:00:00,-3.2727306,16.803194,45.39,23.818062,21.571938,0.0,43.0,67.0
2022-12-12 10:00:00,-1.3827305,29.361702,176.22,96.132286,80.087715,0.0,39.0,48.0
2022-12-12 11:00:00,0.11726946,42.127663,277.68,156.22414,121.45586,0.0,34.0,28.0
2022-12-12 12:00:00,0.94726944,56.170216,339.97998,194.74722,145.23276,0.0,34.0,6.0
2022-12-12 13:00:00,-2.7027307,60.0,349.77,201.28307,148.48692,0.0,53.0,0.0
2022-12-12 14:00:00,-2.5527306,60.0,319.51,182.24315,137.26686,0.0,57.0,0.0
2022-12-12 15:00:00,-2.6827307,60.0,244.75,136.54547,108.20453,0.0,64.0,0.0
2022-12-12 16:00:00,-3.4827306,60.0,131.72,70.97951,60.740494,0.0,72.0,0.0
2022-12-12 17:00:00,-4.20273,39.516666,17.8,9.270793,8.529206,0.0,69.0,0.0
2022-12-12 18:00:00,-3.8127306,0.0,0.0,0.0,0.0,0.0,56.0,0.0
2022-12-12 19:00:00,-3.6727307,0.0,0.0,0.0,0.0,0.0,44.0,1.2
2022-12-12 20:00:00,-3.4827306,0.0,0.0,0.0,0.0,0.0,38.0,80.0
2022-12-12 21:00:00,-3.3227305,0.0,0.0,0.0,0.0,0.0,37.0,100.0
2022-12-12 22:00:00,-3.5627306,0.0,0.0,0.0,0.0,0.0,46.0,100.0
2022-12-12 23:00:00,-3.6527307,0.0,0.0,0.0,0.0,0.0,45.0,73.0
2022-12-13 00:00:00,-3.5027306,0.0,0.0,0.0,0.0,0.0,53.0,100.0
2022-12-13 01:00:00,-4.0027304,0.0,0.0,0.0,0.0,0.0,54.0,52.0
2022-12-13 02:00:00,-4.3127303,0.0,0.0,0.0,0.0,0.0,60.0,46.0
2022-12-13 03:00:00,-4.5227304,0.0,0.0,0.0,0.0,0.0,67.0,67.0
2022-12-13 04:00:00,-4.5427303,0.0,0.0,0.0,0.0,0.0,71.0,100.0
2022-12-13 05:00:00,-4.4027305,0.0,0.0,0.0,0.0,0.0,73.0,100.0
2022-12-13 06:00:00,-4.1327305,0.0,0.0,0.0,0.0,0.0,69.0,100.0
2022-12-13 07:00:00,-3.8027308,0.0,0.0,0.0,0.0,0.0,68.0,100.0
2022-12-13 08:00:00,-3.8927305,0.0,0.0,0.0,0.0,0.0,72.0,100.0
2022-12-13 09:00:00,-3.2027307,0.0,18.69,10.29247,8.397531,0.0,74.0,100.0
2022-12-13 10:00:00,-1.9327307,0.0,65.86,43.901543,21.95846,0.0,69.0,100.0
2022-12-13 11:00:00,-1.3427305,0.0,72.979996,14.8305435,58.149452,0.0,68.0,100.0
2022-12-13 12:00:00,0.13726944,0.0,101.46,24.245834,77.214165,0.0,69.0,100.0
2022-12-13 13:00:00,-0.32273054,0.0,193.12999,152.12247,41.00752,0.0,61.0,100.0
2022-12-13 14:00:00,-0.14273053,0.0,169.09999,130.12244,38.977562,0.0,63.0,100.0
2022-12-13 15:00:00,0.79726946,0.0,118.369995,90.46452,27.905476,0.0,70.0,100.0
2022-12-13 16:00:00,0.35726947,0.0,59.629997,37.982323,21.647675,0.07,81.0,100.0
2022-12-13 17:00:00,-0.35273057,0.0,8.9,5.3074255,3.5925744,0.07,92.0,100.0
2022-12-13 18:00:00,-0.5727306,0.0,0.0,0.0,0.0,0.07,93.0,100.0
2022-12-13 19:00:00,-0.6827305,0.0,0.0,0.0,0.0,0.0,90.0,100.0
2022-12-13 20:00:00,-1.3527305,0.0,0.0,0.0,0.0,0.0,92.0,60.0
2022-12-13 21:00:00,-1.0327306,0.0,0.0,0.0,0.0,0.0,90.0,100.0
2022-12-13 22:00:00,-0.87273055,0.0,0.0,0.0,0.0,0.0,91.0,100.0
2022-12-13 23:00:00,-0.42273057,0.0,0.0,0.0,0.0,0.0,93.0,100.0
2022-12-14 00:00:00,-0.7127306,0.0,0.0,0.0,0.0,0.0,95.0,87.0
2022-12-14 01:00:00,0.13726944,0.0,0.0,0.0,0.0,0.0,91.0,100.0
2022-12-14 02:00:00,0.57726943,0.0,0.0,0.0,0.0,0.0,89.0,100.0
2022-12-14 03:00:00,0.57726943,0.0,0.0,0.0,0.0,0.0,90.0,100.0
2022-12-14 04:00:00,1.0872694,0.0,0.0,0.0,0.0,0.0,90.0,100.0
2022-12-14 05:00:00,1.6872694,0.0,0.0,0.0,0.0,0.0,91.0,100.0
2022-12-14 06:00:00,1.9172695,0.0,0.0,0.0,0.0,0.0,86.0,100.0
2022-12-14 07:00:00,2.4572694,0.0,0.0,0.0,0.0,0.0,83.0,100.0
2022-12-14 08:00:00,3.1872694,0.0,0.0,0.0,0.0,0.0,82.0,100.0
2022-12-14 09:00:00,4.0872693,0.0,25.81,13.534174,12.2758255,0.0,86.0,100.0
2022-12-14 10:00:00,6.06727,0.0,99.68,56.044674,43.635326,0.0,80.0,100.0
2022-12-14 11:00:00,8.03727,0.0,211.81999,119.048515,92.77148,0.0,75.0,100.0
2022-12-14 12:00:00,10.447269,33.19149,305.27,174.72058,130.54941,0.0,72.0,42.0
2022-12-14 13:00:00,8.00727,0.0,178.0,123.59242,54.40758,0.0,84.0,100.0
2022-12-14 14:00:00,10.447269,0.0,252.76,144.11304,108.646965,0.0,77.0,100.0
2022-12-14 15:00:00,10.63727,0.0,183.34,102.26626,81.07374,0.0,78.0,100.0
2022-12-14 16:00:00,9.487269,0.0,98.79,53.23564,45.55436,0.0,83.0,100.0
2022-12-14 17:00:00,8.32727,0.0,12.46,6.4899583,5.9700418,0.0,86.0,100.0
2022-12-14 18:00:00,7.5172696,0.0,0.0,0.0,0.0,0.0,87.0,100.0
2022-12-14 19:00:00,8.1172695,0.0,0.0,0.0,0.0,0.0,86.0,100.0
2022-12-14 20:00:00,7.3072696,0.0,0.0,0.0,0.0,0.0,88.0,100.0
2022-12-14 21:00:00,7.4472694,0.0,0.0,0.0,0.0,0.0,85.0,37.0
2022-12-14 22:00:00,8.197269,0.0,0.0,0.0,0.0,0.0,82.0,44.0
2022-12-14 23:00:00,9.66727,0.0,0.0,0.0,0.0,0.0,76.0,100.0
2022-12-15 00:00:00,9.857269,0.0,0.0,0.0,0.0,0.0,75.0,33.0
2022-12-15 01:00:00,8.71727,0.0,0.0,0.0,0.0,0.0,80.0,22.0
2022-12-15 02:00:00,7.9772696,0.0,0.0,0.0,0.0,0.0,83.0,20.0
2022-12-15 03:00:00,7.04727,0.0,0.0,0.0,0.0,0.0,82.0,10.0
2022-12-15 04:00:00,6.5172696,0.0,0.0,0.0,0.0,0.0,85.0,6.0
2022-12-15 05:00:00,3.9772694,0.0,0.0,0.0,0.0,0.0,91.0,39.0
2022-12-15 06:00:00,2.4672694,0.0,0.0,0.0,0.0,0.0,89.0,9.0
2022-12-15 07:00:00,1.5472693,0.0,0.0,0.0,0.0,0.0,91.0,12.0
2022-12-15 08:00:00,1.0572695,0.0,0.0,0.0,0.0,0.0,92.0,12.0
2022-12-15 09:00:00,2.0272694,50.072342,40.05,20.993992,19.056007,0.0,91.0,10.0
2022-12-15 10:00:00,3.1972694,50.80851,166.43,90.62602,75.80397,0.0,88.0,14.400001
2022-12-15 11:00:00,4.4672694,0.0,256.32,143.98447,112.33553,0.0,85.0,100.0
2022-12-15 12:00:00,5.0172696,0.0,236.73999,142.54285,94.19715,0.0,83.0,100.0
2022-12-15 13:00:00,5.52727,0.0,250.98,152.39996,98.58003,0.0,85.0,100.0
2022-12-15 14:00:00,5.8872695,0.0,256.32,146.11366,110.206345,0.0,84.0,100.0
2022-12-15 15:00:00,5.3072696,0.0,129.94,115.16556,14.774444,0.0,87.0,100.0
2022-12-15 16:00:00,5.1672697,0.0,60.52,38.220062,22.29994,0.0,88.0,100.0
2022-12-15 17:00:00,3.9772694,0.0,5.34,2.5299897,2.8100104,0.0,94.0,100.0
2022-12-15 18:00:00,3.5672693,0.0,0.0,0.0,0.0,0.0,95.0,100.0
2022-12-15 19:00:00,4.0572696,0.0,0.0,0.0,0.0,0.0,94.0,100.0
2022-12-15 20:00:00,4.5372696,0.0,0.0,0.0,0.0,0.0,92.0,100.0
2022-12-15 21:00:00,4.2172694,0.0,0.0,0.0,0.0,0.0,92.0,100.0
2022-12-15 22:00:00,3.1372695,0.0,0.0,0.0,0.0,0.0,91.0,100.0
2022-12-15 23:00:00,2.6972694,0.0,0.0,0.0,0.0,0.0,89.0,100.0
2022-12-16 00:00:00,2.6872694,0.0,0.0,0.0,0.0,0.0,89.0,100.0
2022-12-16 01:00:00,2.4072695,0.0,0.0,0.0,0.0,0.0,90.0,100.0
2022-12-16 02:00:00,2.0172694,0.0,0.0,0.0,0.0,0.14,91.0,100.0
2022-12-16 03:00:00,1.1372695,0.0,0.0,0.0,0.0,0.28,93.0,100.0
2022-12-16 04:00:00,0.60726947,0.0,0.0,0.0,0.0,0.56,94.0,100.0
2022-12-16 05:00:00,-0.21273053,0.0,0.0,0.0,0.0,0.48999998,91.0,100.0
2022-12-16 06:00:00,-0.7027306,0.0,0.0,0.0,0.0,0.21000001,91.0,100.0
2022-12-16 07:00:00,-0.9227305,0.0,0.0,0.0,0.0,0.14,92.0,100.0
2022-12-16 08:00:00,-0.99273056,0.0,0.0,0.0,0.0,0.14,93.0,100.0
2022-12-16 09:00:00,-0.49273056,0.0,21.36,11.192899,10.167102,0.21000001,90.0,100.0
2022-12-16 10:00:00,-0.05273056,0.0,81.88,51.80928,30.070717,0.21000001,89.0,100.0
2022-12-16 11:00:00,0.047269464,0.0,111.25,63.380543,47.869457,0.21000001,87.0,100.0
2022-12-16 12:00:00,1.6872694,0.0,223.39,139.68231,83.70769,0.07,79.0,100.0
2022-12-16 13:00:00,-0.24273056,0.0,197.58,164.21564,33.364357,0.14,89.0,100.0
2022-12-16 14:00:00,0.36726946,0.0,197.58,129.49918,68.08082,0.07,84.0,100.0
2022-12-16 15:00:00,0.37726945,0.0,159.31,94.06231,65.24769,0.14,83.0,100.0
2022-12-16 16:00:00,0.31726944,0.0,85.44,46.043556,39.396446,0.14,83.0,100.0
2022-12-16 17:00:00,-1.1027305,0.0,12.46,6.4904675,5.9695325,0.21000001,96.0,100.0
2022-12-16 18:00:00,-1.1027305,0.0,0.0,0.0,0.0,0.14,95.0,100.0
2022-12-16 19:00:00,-1.0927305,0.0,0.0,0.0,0.0,0.14,96.0,100.0
2022-12-16 20:00:00,-1.5727305,0.0,0.0,0.0,0.0,0.21000001,96.0,100.0
2022-12-16 21:00:00,-1.9927306,0.0,0.0,0.0,0.0,0.14,95.0,100.0
2022-12-16 22:00:00,-1.9727306,0.0,0.0,0.0,0.0,0.07,95.0,100.0
2022-12-16 23:00:00,-1.9727306,0.0,0.0,0.0,0.0,0.07,96.0,100.0
2022-12-17 00:00:00,-2.0627306,0.0,0.0,0.0,0.0,0.0,96.0,100.0
2022-12-17 01:00:00,-2.6627307,0.0,0.0,0.0,0.0,0.0,96.0,100.0
2022-12-17 02:00:00,-4.0027304,0.0,0.0,0.0,0.0,0.0,99.0,91.0
2022-12-17 03:00:00,-4.39273,0.0,0.0,0.0,0.0,0.0,100.0,78.0
2022-12-17 04:00:00,-4.5027304,0.0,0.0,0.0,0.0,0.0,100.0,74.0
2022-12-17 05:00:00,-4.3427305,0.0,0.0,0.0,0.0,0.0,99.0,78.0
2022-12-17 06:00:00,-4.5527306,0.0,0.0,0.0,0.0,0.0,99.0,100.0
2022-12-17 07:00:00,-4.93273,0.0,0.0,0.0,0.0,0.0,100.0,70.0
2022-12-17 08:00:00,-4.3727303,0.0,0.0,0.0,0.0,0.0,96.0,100.0
2022-12-17 09:00:00,-3.4227307,0.0,35.6,18.649889,16.95011,0.0,95.0,100.0
2022-12-17 10:00:00,-2.4927306,19.787235,160.2,87.14187,73.05813,0.0,94.0,63.0
2022-12-17 11:00:00,-1.5027306,52.340427,262.55,147.35858,115.1914,0.0,93.0,12.0
2022-12-17 12:00:00,-0.63273054,56.170216,327.52,187.25891,140.26108,0.0,78.0,6.0
2022-12-17 13:00:00,-0.30273056,60.0,346.21,198.96996,147.24004,0.0,74.0,0.0
2022-12-17 14:00:00,-0.8527306,60.0,317.72998,181.08708,136.6429,0.0,84.0,0.0
2022-12-17 15:00:00,-1.5027306,60.0,243.86,136.01697,107.84304,0.0,76.0,0.0
2022-12-17 16:00:00,-1.9527307,60.0,132.61,71.479065,61.130936,0.0,65.0,0.0
2022-12-17 17:00:00,-2.6727307,40.175247,18.69,9.737062,8.952938,0.0,65.0,0.6
2022-12-17 18:00:00,-2.8727305,0.0,0.0,0.0,0.0,0.0,69.0,1.2
2022-12-17 19:00:00,-3.2927306,0.0,0.0,0.0,0.0,0.0,81.0,0.0
2022-12-17 20:00:00,-4.5327306,0.0,0.0,0.0,0.0,0.0,94.0,0.0
2022-12-17 21:00:00,-5.1127305,0.0,0.0,0.0,0.0,0.0,94.0,3.0
2022-12-17 22:00:00,-4.8227305,0.0,0.0,0.0,0.0,0.0,94.0,4.0
2022-12-17 23:00:00,-4.4827304,0.0,0.0,0.0,0.0,0.0,96.0,0.0
2022-12-18 00:00:00,-4.72273,0.0,0.0,0.0,0.0,0.0,97.0,0.0
2022-12-18 01:00:00,-4.49273,0.0,0.0,0.0,0.0,0.0,95.0,0.0
2022-12-18 02:00:00,-5.1927304,0.0,0.0,0.0,0.0,0.0,99.0,0.0
2022-12-18 03:00:00,-4.5527306,0.0,0.0,0.0,0.0,0.0,87.0,0.0
2022-12-18 04:00:00,-4.3427305,0.0,0.0,0.0,0.0,0.0,81.0,0.0
2022-12-18 05:00:00,-4.2627306,0.0,0.0,0.0,0.0,0.0,79.0,0.0
2022-12-18 06:00:00,-4.14273,0.0,0.0,0.0,0.0,0.0,75.0,0.0
2022-12-18 07:00:00,-4.0327306,0.0,0.0,0.0,0.0,0.0,72.0,0.3
2022-12-18 08:00:00,-4.3027306,0.0,0.0,0.0,0.0,0.0,67.0,0.0
2022-12-18 09:00:00,-4.43273,53.95,36.489998,19.111387,17.37861,0.0,75.0,0.0
2022-12-18 10:00:00,-2.7127306,59.808514,165.54,90.00889,75.531105,0.0,76.0,0.3
2022-12-18 11:00:00,-0.5627305,60.0,267.0,149.80838,117.19161,0.0,85.0,0.0
2022-12-18 12:00:00,0.21726945,60.0,332.86,190.27164,142.58835,0.0,79.0,0.0
2022-12-18 13:00:00,0.93726945,41.042553,356.0,204.57553,151.42447,0.0,83.0,29.7
2022-12-18 14:00:00,1.3072695,55.595745,323.07,184.1322,138.9378,0.0,88.0,6.9
2022-12-18 15:00:00,1.5172694,55.97872,254.54,141.99048,112.54952,0.0,83.0,6.3
2022-12-18 16:00:00,1.1872694,57.510635,143.29,77.2526,66.03739,0.0,82.0,3.9
2022-12-18 17:00:00,1.1772695,18.237234,22.25,11.593354,10.656646,0.0,85.0,52.0
2022-12-18 18:00:00,1.1972694,0.0,0.0,0.0,0.0,0.0,85.0,54.0
2022-12-18 19:00:00,1.4172695,0.0,0.0,0.0,0.0,0.0,82.0,76.0
2022-12-18 20:00:00,2.2572694,0.0,0.0,0.0,0.0,0.0,75.0,100.0
2022-12-18 21:00:00,2.5572693,0.0,0.0,0.0,0.0,0.0,70.0,100.0
2022-12-18 22:00:00,2.0672696,0.0,0.0,0.0,0.0,0.0,65.0,66.0
2022-12-18 23:00:00,2.3772695,0.0,0.0,0.0,0.0,0.0,57.0,69.0
2022-12-19 00:00:00,2.5372694,0.0,0.0,0.0,0.0,0.0,51.0,63.0
2022-12-19 01:00:00,2.4872694,0.0,0.0,0.0,0.0,0.0,49.0,98.0
2022-12-19 02:00:00,2.5772693,0.0,0.0,0.0,0.0,0.0,50.0,100.0
2022-12-19 03:00:00,2.8972695,0.0,0.0,0.0,0.0,0.0,55.0,100.0
2022-12-19 04:00:00,2.7972693,0.0,0.0,0.0,0.0,0.0,52.0,100.0
2022-12-19 05:00:00,3.0772693,0.0,0.0,0.0,0.0,0.0,49.0,100.0
2022-12-19 06:00:00,3.7472694,0.0,0.0,0.0,0.0,0.0,45.0,100.0
2022-12-19 07:00:00,3.9872694,0.0,0.0,0.0,0.0,0.0,45.0,100.0
2022-12-19 08:00:00,3.9172695,0.0,0.0,0.0,0.0,0.0,40.0,29.0
2022-12-19 09:00:00,4.4872694,45.39007,37.38,19.572653,17.807348,0.0,45.0,14.0
2022-12-19 10:00:00,4.8472695,36.38298,161.09,87.552536,73.53746,0.0,47.0,37.0
2022-12-19 11:00:00,5.2472696,0.0,254.54,142.77164,111.76836,0.0,70.0,100.0
2022-12-19 12:00:00,5.6372695,0.0,267.0,152.5918,114.40821,0.0,58.0,100.0
2022-12-19 13:00:00,6.1872697,53.872337,337.31,193.81537,143.49463,0.0,77.0,9.6
2022-12-19 14:00:00,6.6572695,53.106384,312.38998,178.04657,134.34341,0.0,62.0,10.8
2022-12-19 15:00:00,6.9372697,52.531914,244.75,136.5451,108.204895,0.0,56.0,11.700001
2022-12-19 16:00:00,7.4472694,53.872337,138.84,74.8697,63.9703,0.0,56.0,9.6
2022-12-19 17:00:00,7.58727,37.371685,21.36,11.131167,10.228833,0.0,54.0,8.700001
2022-12-19 18:00:00,6.4172697,0.0,0.0,0.0,0.0,0.0,65.0,9.0
2022-12-19 19:00:00,7.2172694,0.0,0.0,0.0,0.0,0.0,58.0,30.000002
2022-12-19 20:00:00,7.31727,0.0,0.0,0.0,0.0,0.0,53.0,30.000002
2022-12-19 21:00:00,7.25727,0.0,0.0,0.0,0.0,0.0,52.0,30.000002
2022-12-19 22:00:00,7.4472694,0.0,0.0,0.0,0.0,0.0,50.0,100.0
2022-12-19 23:00:00,7.6672697,0.0,0.0,0.0,0.0,0.0,58.0,100.0
2022-12-20 00:00:00,7.81727,0.0,0.0,0.0,0.0,0.0,56.0,100.0
2022-12-20 01:00:00,7.4972696,0.0,0.0,0.0,0.0,0.0,52.0,65.0
2022-12-20 02:00:00,7.3272696,0.0,0.0,0.0,0.0,0.0,51.0,87.0
2022-12-20 03:00:00,7.3272696,0.0,0.0,0.0,0.0,0.0,56.0,100.0
2022-12-20 04:00:00,6.77727,0.0,0.0,0.0,0.0,0.0,55.0,100.0
2022-12-20 05:00:00,6.4372697,0.0,0.0,0.0,0.0,0.0,55.0,100.0
2022-12-20 06:00:00,6.60727,0.0,0.0,0.0,0.0,0.0,55.0,100.0
2022-12-20 07:00:00,6.4872694,0.0,0.0,0.0,0.0,0.0,57.0,100.0
2022-12-20 08:00:00,6.3872695,0.0,0.0,0.0,0.0,0.0,58.0,100.0
2022-12-20 09:00:00,7.0572696,0.0,34.71,18.170086,16.539913,0.0,54.0,100.0
2022-12-20 10:00:00,7.5372696,52.531914,157.53,85.581696,71.9483,0.0,53.0,11.700001
2022-12-20 11:00:00,8.227269,49.659573,253.65,142.2268,111.423195,0.0,56.0,16.2
2022-12-20 12:00:00,8.28727,53.106384,315.94998,180.52829,135.42169,0.0,65.0,10.8
2022-12-20 13:00:00,7.7372694,57.44681,336.41998,193.28392,143.13606,0.0,73.0,4.0
2022-12-20 14:00:00,7.81727,56.170216,310.61,177.03331,133.57668,0.0,72.0,6.0
2022-12-20 15:00:00,7.9572697,52.914898,242.97,135.56763,107.40238,0.0,71.0,11.1
2022-12-20 16:00:00,7.9872694,55.595745,137.95,74.40585,63.54414,0.0,69.0,6.9
2022-12-20 17:00:00,7.6272697,34.47766,22.25,11.596573,10.653427,0.0,70.0,16.0
2022-12-20 18:00:00,7.7272696,0.0,0.0,0.0,0.0,0.0,70.0,57.0
2022-12-20 19:00:00,8.227269,0.0,0.0,0.0,0.0,0.0,72.0,100.0
2022-12-20 20:00:00,8.177269,0.0,0.0,0.0,0.0,0.0,74.0,100.0
2022-12-20 21:00:00,8.53727,0.0,0.0,0.0,0.0,0.0,73.0,100.0
2022-12-20 22:00:00,8.4072695,0.0,0.0,0.0,0.0,0.0,74.0,100.0
2022-12-20 23:00:00,8.28727,0.0,0.0,0.0,0.0,0.0,73.0,100.0
2022-12-21 00:00:00,8.33727,0.0,0.0,0.0,0.0,0.0,72.0,100.0
2022-12-21 01:00:00,7.4472694,0.0,0.0,0.0,0.0,0.0,76.0,100.0
2022-12-21 02:00:00,7.31727,0.0,0.0,0.0,0.0,0.0,75.0,100.0
2022-12-21 03:00:00,7.8072696,0.0,0.0,0.0,0.0,0.0,72.0,100.0
2022-12-21 04:00:00,7.4972696,0.0,0.0,0.0,0.0,0.0,76.0,100.0
2022-12-21 05:00:00,7.6972694,0.0,0.0,0.0,0.0,0.0,73.0,100.0
2022-12-21 06:00:00,6.4972696,0.0,0.0,0.0,0.0,0.0,79.0,100.0
2022-12-21 07:00:00,5.7272696,0.0,0.0,0.0,0.0,0.0,92.0,100.0
2022-12-21 08:00:00,6.1272697,0.0,0.0,0.0,0.0,0.0,90.0,100.0
2022-12-21 09:00:00,7.27727,0.0,28.48,14.905078,13.574922,0.0,84.0,100.0
2022-12-21 10:00:00,7.7372694,0.0,141.51,76.84609,64.6639,0.0,88.0,100.0
2022-12-21 11:00:00,10.08727,6.382978,209.15,117.23701,91.91299,0.0,84.0,84.0
2022-12-21 12:00:00,10.76727,0.0,294.59,168.28737,126.30263,0.0,81.0,100.0
2022-12-21 13:00:00,7.50727,0.0,226.06,146.45102,79.608986,0.0,96.0,100.0
2022-12-21 14:00:00,8.147269,0.0,242.97,138.48367,104.48633,0.0,91.0,100.0
2022-12-21 15:00:00,7.6372695,0.0,223.39,124.65911,98.73089,0.0,95.0,100.0
2022-12-21 16:00:00,7.6872697,56.808514,129.05,69.62226,59.427742,0.0,90.0,5.0
2022-12-21 17:00:00,7.4372697,37.799625,21.36,11.134447,10.2255535,0.0,90.0,9.3
2022-12-21 18:00:00,7.4972696,0.0,0.0,0.0,0.0,0.0,87.0,100.0
2022-12-21 19:00:00,7.4772696,0.0,0.0,0.0,0.0,0.0,85.0,100.0
2022-12-21 20:00:00,7.3272696,0.0,0.0,0.0,0.0,0.0,83.0,100.0
2022-12-21 21:00:00,7.4872694,0.0,0.0,0.0,0.0,0.0,80.0,100.0
2022-12-21 22:00:00,7.7172694,0.0,0.0,0.0,0.0,0.0,77.0,100.0
2022-12-21 23:00:00,7.6772695,0.0,0.0,0.0,0.0,0.0,75.0,100.0
2022-12-22 00:00:00,8.67727,0.0,0.0,0.0,0.0,0.0,69.0,100.0
2022-12-22 01:00:00,9.6572695,0.0,0.0,0.0,0.0,0.0,68.0,100.0
2022-12-22 02:00:00,8.49727,0.0,0.0,0.0,0.0,0.0,66.0,100.0
2022-12-22 03:00:00,8.55727,0.0,0.0,0.0,0.0,0.0,82.0,100.0
2022-12-22 04:00:00,6.83727,0.0,0.0,0.0,0.0,0.0,100.0,8.0
2022-12-22 05:00:00,7.1872697,0.0,0.0,0.0,0.0,0.0,100.0,100.0
2022-12-22 06:00:00,6.35727,0.0,0.0,0.0,0.0,0.0,100.0,30.0
2022-12-22 07:00:00,6.1272697,0.0,0.0,0.0,0.0,0.0,100.0,32.0
2022-12-22 08:00:00,5.6872697,0.0,0.0,0.0,0.0,0.0,100.0,10.200001
2022-12-22 09:00:00,7.1572695,39.57447,33.82,17.696909,16.12309,0.0,99.0,22.0
2022-12-22 10:00:00,9.4072695,31.914892,154.86,84.07499,70.78501,0.0,86.0,44.0
2022-12-22 11:00:00,10.567269,39.57447,253.65,142.1618,111.48818,0.0,79.0,32.0
2022-12-22 12:00:00,11.00727,56.808514,314.16998,179.46947,134.70052,0.0,74.0,5.0
2022-12-22 13:00:00,13.12727,46.595745,330.19,189.70422,140.48578,0.0,53.0,21.0
2022-12-22 14:00:00,13.067269,52.340427,310.61,177.07372,133.53627,0.0,52.0,12.0
2022-12-22 15:00:00,12.96727,0.0,220.72,123.208626,97.511375,0.0,50.0,100.0
2022-12-22 16:00:00,11.9072695,57.89362,136.17,73.4943,62.675697,0.0,48.0,3.3000002
2022-12-22 17:00:00,11.07727,37.570744,23.14,12.06526,11.074739,0.0,47.0,11.0
2022-12-22 18:00:00,12.82727,0.0,0.0,0.0,0.0,0.0,44.0,100.0
2022-12-22 19:00:00,11.937269,0.0,0.0,0.0,0.0,0.0,53.0,100.0
2022-12-22 20:00:00,12.07727,0.0,0.0,0.0,0.0,0.0,55.0,100.0
2022-12-22 21:00:00,12.04727,0.0,0.0,0.0,0.0,0.0,54.0,100.0
2022-12-22 22:00:00,12.16727,0.0,0.0,0.0,0.0,0.0,56.0,100.0
2022-12-22 23:00:00,10.54727,0.0,0.0,0.0,0.0,0.0,71.0,100.0
2022-12-23 00:00:00,10.74727,0.0,0.0,0.0,0.0,0.0,66.0,100.0
2022-12-23 01:00:00,12.46727,0.0,0.0,0.0,0.0,0.0,61.0,72.0
2022-12-23 02:00:00,12.01727,0.0,0.0,0.0,0.0,0.0,66.0,31.0
2022-12-23 03:00:00,11.83727,0.0,0.0,0.0,0.0,0.0,69.0,31.0
2022-12-23 04:00:00,12.34727,0.0,0.0,0.0,0.0,0.0,69.0,100.0
2022-12-23 05:00:00,12.34727,0.0,0.0,0.0,0.0,0.0,71.0,100.0
2022-12-23 06:00:00,12.38727,0.0,0.0,0.0,0.0,0.0,72.0,100.0
2022-12-23 07:00:00,12.487269,0.0,0.0,0.0,0.0,0.0,72.0,100.0
2022-12-23 08:00:00,12.34727,0.0,0.0,0.0,0.0,0.0,72.0,100.0
2022-12-23 09:00:00,13.55727,0.0,21.36,11.175374,10.184627,0.0,69.0,100.0
2022-12-23 10:00:00,14.447269,0.0,78.32,48.6235,29.696499,0.0,66.0,100.0
2022-12-23 11:00:00,15.947269,0.0,140.62,123.51709,17.10291,0.0,60.0,100.0
2022-12-23 12:00:00,16.497269,0.0,180.67,148.34164,32.32835,0.0,56.0,100.0
2022-12-23 13:00:00,16.11727,0.0,214.48999,143.74008,70.7499,0.0,62.0,100.0
2022-12-23 14:00:00,15.697269,0.0,195.8,129.65018,66.14983,0.0,63.0,100.0
2022-12-23 15:00:00,15.38727,0.0,89.0,39.84588,49.15412,0.0,63.0,100.0
2022-12-23 16:00:00,15.30727,0.0,91.67,49.497276,42.17272,0.0,62.0,100.0
2022-12-23 17:00:00,14.41727,0.0,12.46,6.4982615,5.9617386,0.0,67.0,100.0
2022-12-23 18:00:00,14.1172695,0.0,0.0,0.0,0.0,0.0,68.0,100.0
2022-12-23 19:00:00,14.26727,0.0,0.0,0.0,0.0,0.0,68.0,100.0
2022-12-23 20:00:00,14.04727,0.0,0.0,0.0,0.0,0.0,69.0,100.0
2022-12-23 21:00:00,13.947269,0.0,0.0,0.0,0.0,0.0,69.0,100.0
2022-12-23 22:00:00,13.277269,0.0,0.0,0.0,0.0,0.0,76.0,100.0
2022-12-23 23:00:00,13.107269,0.0,0.0,0.0,0.0,0.0,76.0,100.0
2022-12-24 00:00:00,12.63727,0.0,0.0,0.0,0.0,0.0,77.0,100.0
2022-12-24 01:00:00,12.647269,0.0,0.0,0.0,0.0,0.0,75.0,100.0
2022-12-24 02:00:00,12.3672695,0.0,0.0,0.0,0.0,0.0,75.0,100.0
2022-12-24 03:00:00,12.37727,0.0,0.0,0.0,0.0,0.0,74.0,100.0
2022-12-24 04:00:00,12.00727,0.0,0.0,0.0,0.0,0.0,73.0,100.0
2022-12-24 05:00:00,11.71727,0.0,0.0,0.0,0.0,0.0,63.0,100.0
2022-12-24 06:00:00,11.00727,0.0,0.0,0.0,0.0,0.0,68.0,75.0
2022-12-24 07:00:00,11.147269,0.0,0.0,0.0,0.0,0.0,65.0,92.0
2022-12-24 08:00:00,11.29727,0.0,0.0,0.0,0.0,0.0,59.0,100.0
2022-12-24 09:00:00,11.37727,40.49014,32.04,16.760624,15.279378,0.0,64.0,19.2
2022-12-24 10:00:00,12.647269,51.957447,153.97,83.55452,70.41548,0.0,61.0,12.6
2022-12-24 11:00:00,13.727269,0.0,231.4,129.66043,101.73957,0.0,57.0,100.0
2022-12-24 12:00:00,14.027269,0.0,232.29,139.62213,92.66786,0.0,56.0,100.0
2022-12-24 13:00:00,7.9472694,0.0,74.76,3.5085068,71.251495,0.0,92.0,100.0
2022-12-24 14:00:00,8.45727,0.0,106.799995,33.796387,73.00361,0.0,91.0,100.0
2022-12-24 15:00:00,8.237269,0.0,105.02,63.21783,41.802166,0.0,91.0,100.0
2022-12-24 16:00:00,7.9872694,0.0,87.22,47.114178,40.105824,0.0,93.0,100.0
2022-12-24 17:00:00,7.5772696,0.0,14.24,7.428394,6.811606,0.0,94.0,100.0
2022-12-24 18:00:00,7.6572695,0.0,0.0,0.0,0.0,0.0,94.0,100.0
2022-12-24 19:00:00,7.4872694,0.0,0.0,0.0,0.0,0.0,96.0,100.0
2022-12-24 20:00:00,6.9772696,0.0,0.0,0.0,0.0,0.0,95.0,37.0
2022-12-24 21:00:00,7.1172695,0.0,0.0,0.0,0.0,0.0,92.0,53.0
2022-12-24 22:00:00,7.6272697,0.0,0.0,0.0,0.0,0.0,88.0,100.0
2022-12-24 23:00:00,7.58727,0.0,0.0,0.0,0.0,0.0,85.0,8.0
2022-12-25 00:00:00,7.9672694,0.0,0.0,0.0,0.0,0.0,80.0,16.0
2022-12-25 01:00:00,8.467269,0.0,0.0,0.0,0.0,0.0,75.0,0.0
2022-12-25 02:00:00,8.6572695,0.0,0.0,0.0,0.0,0.0,74.0,0.0
2022-12-25 03:00:00,8.63727,0.0,0.0,0.0,0.0,0.0,73.0,100.0
2022-12-25 04:00:00,8.75727,0.0,0.0,0.0,0.0,0.0,71.0,100.0
2022-12-25 05:00:00,8.83727,0.0,0.0,0.0,0.0,0.0,71.0,100.0
2022-12-25 06:00:00,8.41727,0.0,0.0,0.0,0.0,0.0,72.0,0.0
2022-12-25 07:00:00,8.567269,0.0,0.0,0.0,0.0,0.0,66.0,0.0
2022-12-25 08:00:00,8.54727,0.0,0.0,0.0,0.0,0.0,63.0,3.3000002
2022-12-25 09:00:00,9.4072695,48.71105,32.04,16.758179,15.281822,0.0,63.0,3.3000002
2022-12-25 10:00:00,10.79727,57.70213,154.86,84.018654,70.84135,0.0,63.0,3.6000001
2022-12-25 11:00:00,11.95727,57.70213,253.65,142.11057,111.53944,0.0,63.0,3.6000001
2022-12-25 12:00:00,12.78727,56.93617,315.06,179.972,135.088,0.0,63.0,4.8
2022-12-25 13:00:00,11.80727,56.55319,339.09,194.87646,144.21353,0.0,69.0,5.4
2022-12-25 14:00:00,12.26727,56.55319,315.94998,180.23242,135.71756,0.0,68.0,5.4
2022-12-25 15:00:00,12.1572695,57.510635,249.2,139.23956,109.960434,0.0,70.0,3.9
2022-12-25 16:00:00,11.37727,57.12766,145.06999,78.39607,66.67392,0.0,75.0,4.5
2022-12-25 17:00:00,10.487269,43.359203,25.81,13.467238,12.342761,0.0,74.0,2.1000001
2022-12-25 18:00:00,10.17727,0.0,0.0,0.0,0.0,0.0,65.0,3.3000002
2022-12-25 19:00:00,10.34727,0.0,0.0,0.0,0.0,0.0,56.0,3.9
2022-12-25 20:00:00,10.187269,0.0,0.0,0.0,0.0,0.0,50.0,3.6000001
2022-12-25 21:00:00,10.1172695,0.0,0.0,0.0,0.0,0.0,43.0,4.8
2022-12-25 22:00:00,9.987269,0.0,0.0,0.0,0.0,0.0,39.0,9.6
2022-12-25 23:00:00,9.54727,0.0,0.0,0.0,0.0,0.0,38.0,3.9
2022-12-26 00:00:00,9.607269,0.0,0.0,0.0,0.0,0.0,37.0,0.6
2022-12-26 01:00:00,9.29727,0.0,0.0,0.0,0.0,0.0,37.0,0.0
2022-12-26 02:00:00,8.8672695,0.0,0.0,0.0,0.0,0.0,37.0,0.0
2022-12-26 03:00:00,8.25727,0.0,0.0,0.0,0.0,0.0,36.0,1.8000001
2022-12-26 04:00:00,8.977269,0.0,0.0,0.0,0.0,0.0,33.0,3.6000001
2022-12-26 05:00:00,8.67727,0.0,0.0,0.0,0.0,0.0,34.0,2.7
2022-12-26 06:00:00,8.147269,0.0,0.0,0.0,0.0,0.0,36.0,8.0
2022-12-26 07:00:00,8.387269,0.0,0.0,0.0,0.0,0.0,35.0,4.8
2022-12-26 08:00:00,8.317269,0.0,0.0,0.0,0.0,0.0,35.0,4.2000003
2022-12-26 09:00:00,9.01727,46.407,32.04,16.755732,15.284269,0.0,36.0,6.9
2022-12-26 10:00:00,10.28727,43.34043,153.97,83.51698,70.45302,0.0,44.0,26.1
2022-12-26 11:00:00,10.697269,42.574467,250.09,140.09894,109.99106,0.0,50.0,27.300001
2022-12-26 12:00:00,11.84727,46.97872,315.94998,180.47807,135.47191,0.0,57.0,20.400002
2022-12-26 13:00:00,12.30727,0.0,309.72,178.015,131.705,0.0,51.0,100.0
2022-12-26 14:00:00,12.26727,0.0,243.86,139.13943,104.72057,0.0,53.0,100.0
2022-12-26 15:00:00,11.197269,0.0,156.64,96.59209,60.047913,0.0,68.0,100.0
2022-12-26 16:00:00,9.12727,0.0,35.6,11.529854,24.070145,0.0,86.0,100.0
2022-12-26 17:00:00,7.75727,0.0,8.01,5.4051394,2.6048608,0.0,93.0,100.0
2022-12-26 18:00:00,8.58727,0.0,0.0,0.0,0.0,0.0,83.0,100.0
2022-12-26 19:00:00,8.66727,0.0,0.0,0.0,0.0,0.0,80.0,100.0
2022-12-26 20:00:00,9.95727,0.0,0.0,0.0,0.0,0.0,77.0,100.0
2022-12-26 21:00:00,9.49727,0.0,0.0,0.0,0.0,0.0,75.0,100.0
2022-12-26 22:00:00,9.53727,0.0,0.0,0.0,0.0,0.0,77.0,100.0
2022-12-26 23:00:00,8.92727,0.0,0.0,0.0,0.0,0.0,84.0,100.0
2022-12-27 00:00:00,8.57727,0.0,0.0,0.0,0.0,0.0,85.0,100.0
2022-12-27 01:00:00,7.7872696,0.0,0.0,0.0,0.0,0.0,89.0,100.0
2022-12-27 02:00:00,6.8272696,0.0,0.0,0.0,0.0,0.0,91.0,100.0
2022-12-27 03:00:00,5.1972694,0.0,0.0,0.0,0.0,0.0,96.0,100.0
2022-12-27 04:00:00,4.4672694,0.0,0.0,0.0,0.0,0.0,96.0,100.0
2022-12-27 05:00:00,4.0772696,0.0,0.0,0.0,0.0,0.0,96.0,100.0
2022-12-27 06:00:00,3.3672693,0.0,0.0,0.0,0.0,0.0,96.0,100.0
2022-12-27 07:00:00,3.0372694,0.0,0.0,0.0,0.0,0.0,95.0,100.0
2022-12-27 08:00:00,2.5572693,0.0,0.0,0.0,0.0,0.0,95.0,100.0
2022-12-27 09:00:00,2.5472693,0.0,12.46,7.6694427,4.7905574,0.0,93.0,100.0
2022-12-27 10:00:00,2.8972695,0.0,65.86,54.84955,11.010452,0.0,92.0,100.0
2022-12-27 11:00:00,3.7772694,0.0,217.16,121.65846,95.50154,0.0,89.0,100.0
2022-12-27 12:00:00,3.7672694,21.063831,220.72,137.91397,82.80602,0.0,89.0,61.0
2022-12-27 13:00:00,6.0172696,0.0,325.74,187.28001,138.45998,0.0,83.0,100.0
2022-12-27 14:00:00,5.9372697,30.638298,309.72,176.79185,132.92815,0.0,81.0,46.0
2022-12-27 15:00:00,5.9372697,0.0,242.97,135.87648,107.09352,0.0,80.0,100.0
2022-12-27 16:00:00,5.2372694,0.0,128.16,69.33261,58.827393,0.0,82.0,100.0
2022-12-27 17:00:00,4.3772697,0.0,22.25,11.616894,10.633106,0.0,86.0,100.0
2022-12-27 18:00:00,4.0572696,0.0,0.0,0.0,0.0,0.0,85.0,90.0
2022-12-27 19:00:00,3.9372694,0.0,0.0,0.0,0.0,0.0,79.0,35.0
2022-12-27 20:00:00,4.2072697,0.0,0.0,0.0,0.0,0.0,71.0,11.0
2022-12-27 21:00:00,4.3072696,0.0,0.0,0.0,0.0,0.0,65.0,0.0
2022-12-27 22:00:00,4.1772695,0.0,0.0,0.0,0.0,0.0,56.0,0.0
2022-12-27 23:00:00,3.9072695,0.0,0.0,0.0,0.0,0.0,51.0,0.0
2022-12-28 00:00:00,3.8072693,0.0,0.0,0.0,0.0,0.0,47.0,0.0
2022-12-28 01:00:00,3.7072694,0.0,0.0,0.0,0.0,0.0,47.0,0.0
2022-12-28 02:00:00,3.8772695,0.0,0.0,0.0,0.0,0.0,45.0,74.0
2022-12-28 03:00:00,3.6872694,0.0,0.0,0.0,0.0,0.0,44.0,23.0
2022-12-28 04:00:00,4.0172696,0.0,0.0,0.0,0.0,0.0,43.0,100.0
2022-12-28 05:00:00,3.9872694,0.0,0.0,0.0,0.0,0.0,41.0,39.0
2022-12-28 06:00:00,4.3672695,0.0,0.0,0.0,0.0,0.0,38.0,0.6
2022-12-28 07:00:00,4.5572696,0.0,0.0,0.0,0.0,0.0,35.0,1.2
2022-12-28 08:00:00,4.1272697,0.0,0.0,0.0,0.0,0.0,35.0,26.0
2022-12-28 09:00:00,4.4172697,43.85461,32.04,16.75374,15.286261,0.0,41.0,11.0
2022-12-28 10:00:00,5.77727,42.127663,156.64,84.95636,71.68364,0.0,43.0,28.0
2022-12-28 11:00:00,6.50727,37.659573,258.1,144.60422,113.49578,0.0,53.0,35.0
2022-12-28 12:00:00,7.1372695,24.25532,322.18,184.10425,138.07574,0.0,44.0,56.0
2022-12-28 13:00:00,8.067269,0.0,338.19998,194.50302,143.69696,0.0,41.0,100.0
2022-12-28 14:00:00,8.24727,0.0,292.81,167.20984,125.60016,0.0,45.0,100.0
2022-12-28 15:00:00,7.9472694,0.0,222.5,124.49525,98.00475,0.0,54.0,100.0
2022-12-28 16:00:00,6.75727,35.744682,143.29,77.56685,65.723145,0.0,64.0,38.0
2022-12-28 17:00:00,6.6372695,31.773048,27.59,14.410105,13.179895,0.0,55.0,30.000002
2022-12-28 18:00:00,6.8072696,0.0,0.0,0.0,0.0,0.0,50.0,30.000002
2022-12-28 19:00:00,5.9672694,0.0,0.0,0.0,0.0,0.0,47.0,30.000002
2022-12-28 20:00:00,5.9172697,0.0,0.0,0.0,0.0,0.0,39.0,25.500002
2022-12-28 21:00:00,6.29727,0.0,0.0,0.0,0.0,0.0,32.0,2.4
2022-12-28 22:00:00,6.1772695,0.0,0.0,0.0,0.0,0.0,31.0,0.0
2022-12-28 23:00:00,5.7672696,0.0,0.0,0.0,0.0,0.0,34.0,0.6
2022-12-29 00:00:00,5.4072695,0.0,0.0,0.0,0.0,0.0,36.0,1.2
2022-12-29 01:00:00,5.06727,0.0,0.0,0.0,0.0,0.0,38.0,1.5
2022-12-29 02:00:00,4.9672694,0.0,0.0,0.0,0.0,0.0,40.0,1.8000001
2022-12-29 03:00:00,5.3872695,0.0,0.0,0.0,0.0,0.0,40.0,1.8000001
2022-12-29 04:00:00,6.5372696,0.0,0.0,0.0,0.0,0.0,40.0,100.0
2022-12-29 05:00:00,7.5372696,0.0,0.0,0.0,0.0,0.0,37.0,100.0
2022-12-29 06:00:00,8.57727,0.0,0.0,0.0,0.0,0.0,40.0,33.0
2022-12-29 07:00:00,7.9472694,0.0,0.0,0.0,0.0,0.0,44.0,43.0
2022-12-29 08:00:00,7.8772697,0.0,0.0,0.0,0.0,0.0,49.0,55.0
2022-12-29 09:00:00,8.95727,44.730495,31.15,16.287506,14.8624935,0.0,50.0,9.0
2022-12-29 10:00:00,9.74727,0.0,153.08,83.02202,70.05798,0.0,55.0,100.0
2022-12-29 11:00:00,10.197269,0.0,199.36,111.70199,87.65801,0.0,55.0,100.0
2022-12-29 12:00:00,10.857269,0.0,248.31,142.38618,105.92381,0.0,57.0,100.0
2022-12-29 13:00:00,12.1172695,42.127663,325.74,187.39403,138.34596,0.0,55.0,28.0
2022-12-29 14:00:00,11.80727,3.8297868,300.82,171.85612,128.96388,0.0,58.0,88.0
2022-12-29 15:00:00,11.277269,0.0,186.9,104.63154,82.268456,0.0,59.0,100.0
2022-12-29 16:00:00,9.49727,0.0,103.24,55.92205,47.317947,0.0,63.0,100.0
2022-12-29 17:00:00,8.857269,0.0,21.36,11.160203,10.199798,0.0,62.0,100.0
2022-12-29 18:00:00,8.32727,0.0,0.0,0.0,0.0,0.0,65.0,100.0
2022-12-29 19:00:00,7.60727,0.0,0.0,0.0,0.0,0.0,66.0,100.0
2022-12-29 20:00:00,7.2272696,0.0,0.0,0.0,0.0,0.0,67.0,100.0
2022-12-29 21:00:00,7.1672697,0.0,0.0,0.0,0.0,0.0,84.0,100.0
2022-12-29 22:00:00,5.4472694,0.0,0.0,0.0,0.0,0.0,91.0,100.0
2022-12-29 23:00:00,4.6772695,0.0,0.0,0.0,0.0,0.0,95.0,100.0
2022-12-30 00:00:00,4.1672697,0.0,0.0,0.0,0.0,0.0,96.0,100.0
2022-12-30 01:00:00,4.3072696,0.0,0.0,0.0,0.0,0.0,93.0,100.0
2022-12-30 02:00:00,4.1372695,0.0,0.0,0.0,0.0,0.0,94.0,100.0
2022-12-30 03:00:00,4.6172695,0.0,0.0,0.0,0.0,0.0,88.0,47.0
2022-12-30 04:00:00,4.7072697,0.0,0.0,0.0,0.0,0.0,83.0,100.0
2022-12-30 05:00:00,3.6772695,0.0,0.0,0.0,0.0,0.0,82.0,0.0
2022-12-30 06:00:00,3.2872694,0.0,0.0,0.0,0.0,0.0,81.0,0.0
2022-12-30 07:00:00,3.5672693,0.0,0.0,0.0,0.0,0.0,76.0,1.8000001
2022-12-30 08:00:00,3.9772694,0.0,0.0,0.0,0.0,0.0,74.0,3.6000001
2022-12-30 09:00:00,4.7372694,47.222622,31.15,16.286644,14.863355,0.0,69.0,3.9
2022-12-30 10:00:00,5.56727,56.93617,156.64,84.949066,71.69093,0.0,67.0,4.8
2022-12-30 11:00:00,6.6472697,35.744682,258.99,145.12268,113.86731,0.0,63.0,38.0
2022-12-30 12:00:00,7.6472697,0.0,299.04,170.94453,128.09547,0.0,64.0,100.0
2022-12-30 13:00:00,8.427269,0.0,234.06999,150.62238,83.447624,0.0,71.0,100.0
2022-12-30 14:00:00,8.55727,0.0,89.0,15.005882,73.99412,0.0,75.0,100.0
2022-12-30 15:00:00,8.29727,0.0,54.29,2.8058739,51.484127,0.0,71.0,100.0
2022-12-30 16:00:00,8.687269,0.0,66.75,58.473633,8.276365,0.0,72.0,100.0
2022-12-30 17:00:00,9.1172695,0.0,15.13,7.9079742,7.222026,0.0,67.0,100.0
2022-12-30 18:00:00,10.737269,0.0,0.0,0.0,0.0,0.0,64.0,100.0
2022-12-30 19:00:00,12.45727,0.0,0.0,0.0,0.0,0.0,61.0,100.0
2022-12-30 20:00:00,12.8672695,0.0,0.0,0.0,0.0,0.0,62.0,100.0
2022-12-30 21:00:00,13.29727,0.0,0.0,0.0,0.0,0.0,63.0,100.0
2022-12-30 22:00:00,14.42727,0.0,0.0,0.0,0.0,0.0,61.0,100.0
2022-12-30 23:00:00,13.397269,0.0,0.0,0.0,0.0,0.0,67.0,100.0
2022-12-31 00:00:00,13.80727,0.0,0.0,0.0,0.0,0.0,64.0,100.0
2022-12-31 01:00:00,14.20727,0.0,0.0,0.0,0.0,0.0,62.0,61.0
2022-12-31 02:00:00,14.4072695,0.0,0.0,0.0,0.0,0.0,62.0,15.0
2022-12-31 03:00:00,13.21727,0.0,0.0,0.0,0.0,0.0,66.0,10.0
2022-12-31 04:00:00,14.07727,0.0,0.0,0.0,0.0,0.0,64.0,24.0
2022-12-31 05:00:00,13.55727,0.0,0.0,0.0,0.0,0.0,65.0,7.8
2022-12-31 06:00:00,13.96727,0.0,0.0,0.0,0.0,0.0,61.0,9.0
2022-12-31 07:00:00,14.1172695,0.0,0.0,0.0,0.0,0.0,60.0,38.0
2022-12-31 08:00:00,14.477269,0.0,0.0,0.0,0.0,0.0,57.0,56.0
2022-12-31 09:00:00,15.147269,46.24794,30.26,15.820468,14.439532,0.0,58.0,5.4
2022-12-31 10:00:00,16.497269,56.361702,151.3,82.04941,69.250595,0.0,60.0,5.7000003
2022-12-31 11:00:00,16.29727,56.55319,251.87,141.14244,110.727554,0.0,59.0,5.4
2022-12-31 12:00:00,15.70727,56.93617,315.94998,180.64409,135.3059,0.0,62.0,4.8
2022-12-31 13:00:00,15.1572695,40.851063,302.6,174.18703,128.41298,0.0,66.0,30.000002
2022-12-31 14:00:00,15.59727,40.851063,307.05,175.559,131.49098,0.0,64.0,30.000002
2022-12-31 15:00:00,14.687269,40.851063,246.53,138.1541,108.3759,0.0,64.0,30.000002
2022-12-31 16:00:00,13.027269,47.74468,147.73999,80.121185,67.618805,0.0,68.0,19.2
2022-12-31 17:00:00,11.937269,33.40709,32.04,16.751293,15.288709,0.0,68.0,30.000002
2022-12-31 18:00:00,12.1172695,0.0,0.0,0.0,0.0,0.0,61.0,18.6
2022-12-31 19:00:00,11.84727,0.0,0.0,0.0,0.0,0.0,59.0,100.0
2022-12-31 20:00:00,11.437269,0.0,0.0,0.0,0.0,0.0,58.0,95.0
2022-12-31 21:00:00,10.897269,0.0,0.0,0.0,0.0,0.0,58.0,20.0
2022-12-31 22:00:00,10.4072695,0.0,0.0,0.0,0.0,0.0,59.0,10.0
2022-12-31 23:00:00,10.55727,0.0,0.0,0.0,0.0,0.0,58.0,26.0
